Timestamp,Load_kW,Solar_kW,Heur_Import,Heur_Export,Heur_Ch,Heur_Dis,LP_Import,LP_Export,LP_Ch,LP_Dis
2025-01-01 00:00:00,1.2321900000000001,0.0,1.2321900000000001,0.0,0.0,0.0,1.23219,0.0,0.0,0.0
2025-01-01 01:00:00,1.13166,0.0,1.13166,0.0,0.0,0.0,1.13166,0.0,0.0,0.0
2025-01-01 02:00:00,1.25758,0.0,1.25758,0.0,0.0,0.0,1.25758,0.0,0.0,0.0
2025-01-01 03:00:00,1.2092100000000001,0.0,1.2092100000000001,0.0,0.0,0.0,1.20921,0.0,0.0,0.0
2025-01-01 04:00:00,1.02825,0.0,1.02825,0.0,0.0,0.0,1.02825,0.0,0.0,0.0
2025-01-01 05:00:00,1.2926900000000001,0.0,1.2926900000000001,0.0,0.0,0.0,1.29269,0.0,0.0,0.0
2025-01-01 06:00:00,1.8805699999999999,0.0,1.8805699999999999,0.0,0.0,0.0,1.88057,0.0,0.0,0.0
2025-01-01 07:00:00,1.72519,0.90324,0.82195,0.0,0.0,0.0,0.82195,0.0,0.0,0.0
2025-01-01 08:00:00,1.82193,1.4811400000000001,0.3407899999999999,0.0,0.0,0.0,0.34079,0.0,0.0,0.0
2025-01-01 09:00:00,1.3909,1.82871,0.0,0.0,0.43781000000000003,0.0,0.0,0.0,0.43781,0.0
2025-01-01 10:00:00,1.6310499999999999,2.53765,0.0,0.0,0.9066000000000003,0.0,0.0,0.0,0.9066,0.0
2025-01-01 11:00:00,1.07091,2.18655,0.0,0.0,1.11564,0.0,0.0,0.0,1.11564,0.0
2025-01-01 12:00:00,1.15568,2.0885599999999998,0.0,0.0,0.9328799999999997,0.0,0.0,0.0,0.93288,0.0
2025-01-01 13:00:00,1.00876,2.11942,0.0,0.0,1.1106599999999998,0.0,0.0,0.0,1.11066,0.0
2025-01-01 14:00:00,1.1489500000000001,2.28429,0.0,0.0,1.1353399999999998,0.0,0.0,0.0,1.13534,0.0
2025-01-01 15:00:00,1.07409,1.68194,0.0,0.0,0.60785,0.0,0.0,0.0,0.60785,0.0
2025-01-01 16:00:00,1.3519700000000001,1.4089800000000001,0.0,0.0,0.057010000000000005,0.0,2.4640438,0.0,2.5210538,0.0
2025-01-01 17:00:00,1.9339600000000001,0.88599,0.0,0.0,0.0,1.04797,0.0,0.0,0.0,1.04797
2025-01-01 18:00:00,1.94005,0.0,0.0,0.0,0.0,1.94005,0.0,0.0,0.0,1.94005
2025-01-01 19:00:00,1.96095,0.0,0.0,0.0,0.0,1.96095,0.0,0.0,0.0,1.96095
2025-01-01 20:00:00,1.8775,0.0,1.1372995250000004,0.0,0.0,0.7402004749999995,0.0,0.0,0.0,1.8775
2025-01-01 21:00:00,1.0865,0.0,1.0865,0.0,0.0,0.0,0.0,0.0,0.0,1.0865
2025-01-01 22:00:00,1.20475,0.0,1.20475,0.0,0.0,0.0,1.20475,0.0,0.0,0.0
2025-01-01 23:00:00,1.04193,0.0,1.04193,0.0,0.0,0.0,1.04193,0.0,0.0,0.0
2025-01-02 00:00:00,1.05997,0.0,1.05997,0.0,0.0,0.0,1.05997,0.0,0.0,0.0
2025-01-02 01:00:00,1.00221,0.0,1.00221,0.0,0.0,0.0,1.00221,0.0,0.0,0.0
2025-01-02 02:00:00,1.2360799999999998,0.0,1.2360799999999998,0.0,0.0,0.0,1.23608,0.0,0.0,0.0
2025-01-02 03:00:00,1.19946,0.0,1.19946,0.0,0.0,0.0,1.19946,0.0,0.0,0.0
2025-01-02 04:00:00,1.21155,0.0,1.21155,0.0,0.0,0.0,1.21155,0.0,0.0,0.0
2025-01-02 05:00:00,1.23422,0.0,1.23422,0.0,0.0,0.0,1.23422,0.0,0.0,0.0
2025-01-02 06:00:00,1.72946,0.0,1.72946,0.0,0.0,0.0,1.72946,0.0,0.0,0.0
2025-01-02 07:00:00,1.55727,0.8197000000000001,0.7375699999999998,0.0,0.0,0.0,0.73757,0.0,0.0,0.0
2025-01-02 08:00:00,1.7826199999999999,1.5449000000000002,0.2377199999999997,0.0,0.0,0.0,0.23772,0.0,0.0,0.0
2025-01-02 09:00:00,1.52143,1.93678,0.0,0.0,0.4153499999999999,0.0,0.0,0.0,0.41535,0.0
2025-01-02 10:00:00,1.31233,2.24778,0.0,0.0,0.9354500000000001,0.0,0.0,0.0,0.93545,0.0
2025-01-02 11:00:00,1.08171,2.3613000000000004,0.0,0.0,1.2795900000000004,0.0,0.0,0.0,1.27959,0.0
2025-01-02 12:00:00,1.01166,2.0565,0.0,0.0,1.0448400000000002,0.0,0.0,0.0,1.04484,0.0
2025-01-02 13:00:00,1.1323800000000002,2.32166,0.0,0.0,1.18928,0.0,0.0,0.0,1.18928,0.0
2025-01-02 14:00:00,1.13286,1.80088,0.0,0.0,0.6680200000000001,0.0,0.0,0.0,0.66802,0.0
2025-01-02 15:00:00,1.03339,1.8758800000000002,0.0,0.0,0.8424900000000002,0.0,0.0,0.0,0.84249,0.0
2025-01-02 16:00:00,1.58894,1.38709,0.20185000000000008,0.0,0.0,0.0,2.5101209,0.0,2.3082709,0.0
2025-01-02 17:00:00,1.90021,0.7774800000000001,0.0,0.0,0.0,1.1227299999999998,0.0,0.0,0.0,1.12273
2025-01-02 18:00:00,1.88923,0.0,0.0,0.0,0.0,1.88923,0.0,0.0,0.0,1.88923
2025-01-02 19:00:00,1.9260599999999999,0.0,0.0,0.0,0.0,1.9260599999999999,0.0,0.0,0.0,1.92606
2025-01-02 20:00:00,1.8723599999999998,0.0,1.056924449999999,0.0,0.0,0.8154355500000007,0.0,0.0,0.0,1.87236
2025-01-02 21:00:00,1.02629,0.0,1.02629,0.0,0.0,0.0,0.0,0.0,0.0,1.02629
2025-01-02 22:00:00,1.0354,0.0,1.0354,0.0,0.0,0.0,1.0354,0.0,0.0,0.0
2025-01-02 23:00:00,1.28857,0.0,1.28857,0.0,0.0,0.0,1.28857,0.0,0.0,0.0
2025-01-03 00:00:00,1.27257,0.0,1.27257,0.0,0.0,0.0,1.27257,0.0,0.0,0.0
2025-01-03 01:00:00,1.20991,0.0,1.20991,0.0,0.0,0.0,1.20991,0.0,0.0,0.0
2025-01-03 02:00:00,1.07976,0.0,1.07976,0.0,0.0,0.0,1.07976,0.0,0.0,0.0
2025-01-03 03:00:00,1.29075,0.0,1.29075,0.0,0.0,0.0,1.29075,0.0,0.0,0.0
2025-01-03 04:00:00,1.23363,0.0,1.23363,0.0,0.0,0.0,1.23363,0.0,0.0,0.0
2025-01-03 05:00:00,1.2150699999999999,0.0,1.2150699999999999,0.0,0.0,0.0,1.21507,0.0,0.0,0.0
2025-01-03 06:00:00,1.72468,0.0,1.72468,0.0,0.0,0.0,1.72468,0.0,0.0,0.0
2025-01-03 07:00:00,1.9513,0.77044,1.18086,0.0,0.0,0.0,1.18086,0.0,0.0,0.0
2025-01-03 08:00:00,1.6529800000000001,1.39226,0.26072000000000006,0.0,0.0,0.0,0.26072,0.0,0.0,0.0
2025-01-03 09:00:00,1.6426500000000002,2.1237600000000003,0.0,0.0,0.48111000000000015,0.0,0.0,0.0,0.48111,0.0
2025-01-03 10:00:00,1.47284,2.4448499999999997,0.0,0.0,0.9720099999999998,0.0,0.0,0.0,0.97201,0.0
2025-01-03 11:00:00,1.12997,1.98825,0.0,0.0,0.8582800000000002,0.0,0.0,0.0,0.85828,0.0
2025-01-03 12:00:00,1.00832,2.16661,0.0,0.0,1.1582899999999998,0.0,0.0,0.0,1.15829,0.0
2025-01-03 13:00:00,1.0289000000000001,2.0070799999999998,0.0,0.0,0.9781799999999996,0.0,0.0,0.0,0.97818,0.0
2025-01-03 14:00:00,1.03412,2.14676,0.0,0.0,1.11264,0.0,0.0,0.0,1.11264,0.0
2025-01-03 15:00:00,1.06937,1.93598,0.0,0.0,0.8666100000000001,0.0,0.0,0.0,0.86661,0.0
2025-01-03 16:00:00,1.6834200000000001,1.59425,0.0891700000000002,0.0,0.0,0.0,2.367568,0.0,2.278398,0.0
2025-01-03 17:00:00,1.8165499999999999,0.8232999999999999,0.0,0.0,0.0,0.99325,0.0,0.0,0.0,0.99325
2025-01-03 18:00:00,1.9875699999999998,0.0,0.0,0.0,0.0,1.9875699999999998,0.0,0.0,0.0,1.98757
2025-01-03 19:00:00,1.8534000000000002,0.0,0.0,0.0,0.0,1.8534000000000002,0.0,0.0,0.0,1.8534
2025-01-03 20:00:00,1.86631,0.0,0.9000542000000012,0.0,0.0,0.9662557999999987,0.0,0.0,0.0,1.86631
2025-01-03 21:00:00,1.1562000000000001,0.0,1.1562000000000001,0.0,0.0,0.0,0.0,0.0,0.0,1.1562
2025-01-03 22:00:00,1.1316700000000002,0.0,1.1316700000000002,0.0,0.0,0.0,1.13167,0.0,0.0,0.0
2025-01-03 23:00:00,1.00648,0.0,1.00648,0.0,0.0,0.0,1.00648,0.0,0.0,0.0
2025-01-04 00:00:00,1.1231,0.0,1.1231,0.0,0.0,0.0,1.1231,0.0,0.0,0.0
2025-01-04 01:00:00,1.14196,0.0,1.14196,0.0,0.0,0.0,1.14196,0.0,0.0,0.0
2025-01-04 02:00:00,0.93787,0.0,0.93787,0.0,0.0,0.0,0.93787,0.0,0.0,0.0
2025-01-04 03:00:00,1.04959,0.0,1.04959,0.0,0.0,0.0,1.04959,0.0,0.0,0.0
2025-01-04 04:00:00,0.92932,0.0,0.92932,0.0,0.0,0.0,0.92932,0.0,0.0,0.0
2025-01-04 05:00:00,1.0815,0.0,1.0815,0.0,0.0,0.0,1.0815,0.0,0.0,0.0
2025-01-04 06:00:00,1.4765599999999999,0.0,1.4765599999999999,0.0,0.0,0.0,1.47656,0.0,0.0,0.0
2025-01-04 07:00:00,1.6958900000000001,0.87817,0.8177200000000001,0.0,0.0,0.0,0.81772,0.0,0.0,0.0
2025-01-04 08:00:00,1.4536,1.2957100000000001,0.15788999999999986,0.0,0.0,0.0,0.15789,0.0,0.0,0.0
2025-01-04 09:00:00,1.30353,2.16371,0.0,0.0,0.86018,0.0,0.0,0.0,0.86018,0.0
2025-01-04 10:00:00,1.28417,2.28849,0.0,0.0,1.0043199999999999,0.0,0.0,0.0,1.00432,0.0
2025-01-04 11:00:00,0.99271,1.64697,0.0,0.0,0.6542600000000001,0.0,0.0,0.0,0.65426,0.0
2025-01-04 12:00:00,0.92963,1.75534,0.0,0.0,0.8257099999999999,0.0,0.0,0.0,0.82571,0.0
2025-01-04 13:00:00,1.0786300000000002,1.66613,0.0,0.0,0.5874999999999999,0.0,0.0,0.0,0.5875,0.0
2025-01-04 14:00:00,1.0603399999999998,2.20481,0.0,0.0,1.1444700000000003,0.0,0.0,0.0,1.14447,0.0
2025-01-04 15:00:00,0.95687,1.8584,0.0,0.0,0.90153,0.0,0.0,0.0,0.90153,0.0
2025-01-04 16:00:00,1.30452,1.4556600000000002,0.0,0.0,0.15114000000000027,0.0,1.6804412,0.0,1.8315812,0.0
2025-01-04 17:00:00,1.66724,0.77751,0.0,0.0,0.0,0.88973,0.0,0.0,0.0,0.88973
2025-01-04 18:00:00,1.6421,0.0,0.0,0.0,0.0,1.6421,0.0,0.0,0.0,1.6421
2025-01-04 19:00:00,1.65227,0.0,0.0,0.0,0.0,1.65227,0.0,0.0,0.0,1.65227
2025-01-04 20:00:00,1.7278900000000001,0.0,0.38046822500000044,0.0,0.0,1.3474217749999997,0.0,0.0,0.0,1.72789
2025-01-04 21:00:00,1.13613,0.0,1.13613,0.0,0.0,0.0,0.0,0.0,0.0,1.13613
2025-01-04 22:00:00,0.95304,0.0,0.95304,0.0,0.0,0.0,0.95304,0.0,0.0,0.0
2025-01-04 23:00:00,0.9837899999999999,0.0,0.9837899999999999,0.0,0.0,0.0,0.98379,0.0,0.0,0.0
2025-01-05 00:00:00,1.1099,0.0,1.1099,0.0,0.0,0.0,1.1099,0.0,0.0,0.0
2025-01-05 01:00:00,1.16239,0.0,1.16239,0.0,0.0,0.0,1.16239,0.0,0.0,0.0
2025-01-05 02:00:00,1.0352000000000001,0.0,1.0352000000000001,0.0,0.0,0.0,1.0352,0.0,0.0,0.0
2025-01-05 03:00:00,0.9388500000000001,0.0,0.9388500000000001,0.0,0.0,0.0,0.93885,0.0,0.0,0.0
2025-01-05 04:00:00,0.90376,0.0,0.90376,0.0,0.0,0.0,0.90376,0.0,0.0,0.0
2025-01-05 05:00:00,0.96201,0.0,0.96201,0.0,0.0,0.0,0.96201,0.0,0.0,0.0
2025-01-05 06:00:00,1.40932,0.0,1.40932,0.0,0.0,0.0,1.40932,0.0,0.0,0.0
2025-01-05 07:00:00,1.57785,0.83988,0.73797,0.0,0.0,0.0,0.73797,0.0,0.0,0.0
2025-01-05 08:00:00,1.4399000000000002,1.5717999999999999,0.0,0.0,0.13189999999999968,0.0,0.0,0.0,0.1319,0.0
2025-01-05 09:00:00,1.43603,1.2642200000000001,0.1718099999999998,0.0,0.0,0.0,0.17181,0.0,0.0,0.0
2025-01-05 10:00:00,1.5039200000000001,2.2938400000000003,0.0,0.0,0.7899200000000002,0.0,0.0,0.0,0.78992,0.0
2025-01-05 11:00:00,0.98795,2.00619,0.0,0.0,1.01824,0.0,0.0,0.0,1.01824,0.0
2025-01-05 12:00:00,0.95156,1.66349,0.0,0.0,0.71193,0.0,0.0,0.0,0.71193,0.0
2025-01-05 13:00:00,0.99994,2.17936,0.0,0.0,1.17942,0.0,0.0,0.0,1.17942,0.0
2025-01-05 14:00:00,0.92526,1.9663499999999998,0.0,0.0,1.0410899999999998,0.0,0.0,0.0,1.04109,0.0
2025-01-05 15:00:00,1.00729,2.0597800000000004,0.0,0.0,1.0524900000000004,0.0,0.0,0.0,1.05249,0.0
2025-01-05 16:00:00,1.33826,1.33928,0.0,0.0,0.0010200000000000209,0.0,1.7618127,0.0,1.7628327,0.0
2025-01-05 17:00:00,1.63965,0.8794099999999999,0.0,0.0,0.0,0.7602400000000001,0.0,0.0,0.0,0.76024
2025-01-05 18:00:00,1.66188,0.0,0.0,0.0,0.0,1.66188,0.0,0.0,0.0,1.66188
2025-01-05 19:00:00,1.7761900000000002,0.0,0.0,0.0,0.0,1.7761900000000002,0.0,0.0,0.0,1.77619
2025-01-05 20:00:00,1.7285599999999999,0.0,0.5786459750000004,0.0,0.0,1.1499140249999995,0.0,0.0,0.0,1.72856
2025-01-05 21:00:00,1.01139,0.0,1.01139,0.0,0.0,0.0,0.0,0.0,0.0,1.01139
2025-01-05 22:00:00,1.0010299999999999,0.0,1.0010299999999999,0.0,0.0,0.0,1.00103,0.0,0.0,0.0
2025-01-05 23:00:00,1.01499,0.0,1.01499,0.0,0.0,0.0,1.01499,0.0,0.0,0.0
2025-01-06 00:00:00,1.1955799999999999,0.0,1.1955799999999999,0.0,0.0,0.0,1.19558,0.0,0.0,0.0
2025-01-06 01:00:00,1.26025,0.0,1.26025,0.0,0.0,0.0,1.26025,0.0,0.0,0.0
2025-01-06 02:00:00,1.1361700000000001,0.0,1.1361700000000001,0.0,0.0,0.0,1.13617,0.0,0.0,0.0
2025-01-06 03:00:00,1.07435,0.0,1.07435,0.0,0.0,0.0,1.07435,0.0,0.0,0.0
2025-01-06 04:00:00,1.071,0.0,1.071,0.0,0.0,0.0,1.071,0.0,0.0,0.0
2025-01-06 05:00:00,1.2238,0.0,1.2238,0.0,0.0,0.0,1.2238,0.0,0.0,0.0
2025-01-06 06:00:00,1.90828,0.0,1.90828,0.0,0.0,0.0,1.90828,0.0,0.0,0.0
2025-01-06 07:00:00,1.79722,0.8362999999999999,0.9609200000000001,0.0,0.0,0.0,0.96092,0.0,0.0,0.0
2025-01-06 08:00:00,1.65517,1.6008099999999998,0.054360000000000186,0.0,0.0,0.0,0.05436,0.0,0.0,0.0
2025-01-06 09:00:00,1.3662100000000001,1.86912,0.0,0.0,0.5029099999999997,0.0,0.0,0.0,0.50291,0.0
2025-01-06 10:00:00,1.3462,1.4072,0.0,0.0,0.06099999999999994,0.0,0.0,0.0,0.061,0.0
2025-01-06 11:00:00,1.0349300000000001,1.6934,0.0,0.0,0.6584699999999999,0.0,0.0,0.0,0.65847,0.0
2025-01-06 12:00:00,1.1361400000000001,2.07539,0.0,0.0,0.9392499999999999,0.0,0.0,0.0,0.93925,0.0
2025-01-06 13:00:00,1.10091,1.68512,0.0,0.0,0.5842099999999999,0.0,0.0,0.0,0.58421,0.0
2025-01-06 14:00:00,1.0087000000000002,1.62199,0.0,0.0,0.6132899999999999,0.0,0.0,0.0,0.61329,0.0
2025-01-06 15:00:00,1.0498800000000001,2.0768,0.0,0.0,1.0269199999999998,0.0,1.0613184,0.0,2.0882384,0.0
2025-01-06 16:00:00,1.3197,1.50791,0.0,0.0,0.18821,0.0,3.31179,0.0,3.5,0.0
2025-01-06 17:00:00,1.82033,0.74286,0.0,0.0,0.0,1.07747,0.0,0.0,0.0,1.07747
2025-01-06 18:00:00,1.9849700000000001,0.0,0.0,0.0,0.0,1.9849700000000001,0.0,0.0,0.0,1.98497
2025-01-06 19:00:00,1.98053,0.0,0.9147003499999999,0.0,0.0,1.06582965,0.0,0.0,0.0,1.98053
2025-01-06 20:00:00,1.99591,0.0,1.99591,0.0,0.0,0.0,0.0,0.0,0.0,1.99591
2025-01-06 21:00:00,1.24061,0.0,1.24061,0.0,0.0,0.0,0.20449,0.0,0.0,1.03612
2025-01-06 22:00:00,1.2338399999999998,0.0,1.2338399999999998,0.0,0.0,0.0,1.23384,0.0,0.0,0.0
2025-01-06 23:00:00,1.19274,0.0,1.19274,0.0,0.0,0.0,1.19274,0.0,0.0,0.0
2025-01-07 00:00:00,1.2337,0.0,1.2337,0.0,0.0,0.0,1.2337,0.0,0.0,0.0
2025-01-07 01:00:00,1.0403699999999998,0.0,1.0403699999999998,0.0,0.0,0.0,1.04037,0.0,0.0,0.0
2025-01-07 02:00:00,1.16082,0.0,1.16082,0.0,0.0,0.0,1.16082,0.0,0.0,0.0
2025-01-07 03:00:00,1.15427,0.0,1.15427,0.0,0.0,0.0,1.15427,0.0,0.0,0.0
2025-01-07 04:00:00,1.2572699999999999,0.0,1.2572699999999999,0.0,0.0,0.0,1.25727,0.0,0.0,0.0
2025-01-07 05:00:00,1.1388399999999999,0.0,1.1388399999999999,0.0,0.0,0.0,1.13884,0.0,0.0,0.0
2025-01-07 06:00:00,1.69254,0.0,1.69254,0.0,0.0,0.0,1.69254,0.0,0.0,0.0
2025-01-07 07:00:00,1.5698800000000002,0.80976,0.7601200000000001,0.0,0.0,0.0,0.76012,0.0,0.0,0.0
2025-01-07 08:00:00,1.61628,1.45546,0.16081999999999996,0.0,0.0,0.0,0.16082,0.0,0.0,0.0
2025-01-07 09:00:00,1.431,2.10859,0.0,0.0,0.6775899999999999,0.0,0.0,0.0,0.67759,0.0
2025-01-07 10:00:00,1.41875,2.62205,0.0,0.0,1.2033000000000003,0.0,0.0,0.0,1.2033,0.0
2025-01-07 11:00:00,1.0961800000000002,2.21575,0.0,0.0,1.1195699999999997,0.0,0.0,0.0,1.11957,0.0
2025-01-07 12:00:00,1.16971,2.5467600000000004,0.0,0.0,1.3770500000000003,0.0,0.0,0.0,1.37705,0.0
2025-01-07 13:00:00,1.1065399999999999,1.91219,0.0,0.0,0.8056500000000002,0.0,0.0,0.0,0.80565,0.0
2025-01-07 14:00:00,1.14698,2.01791,0.0,0.0,0.87093,0.0,0.0,0.0,0.87093,0.0
2025-01-07 15:00:00,1.1721400000000002,2.14348,0.0,0.0,0.9713399999999996,0.0,0.0,0.0,0.97134,0.0
2025-01-07 16:00:00,1.33804,1.3615,0.0,0.0,0.023460000000000036,0.0,1.8971377,0.0,1.9205977,0.0
2025-01-07 17:00:00,1.98719,0.89783,0.0,0.0,0.0,1.08936,0.0,0.0,0.0,1.08936
2025-01-07 18:00:00,1.96018,0.0,0.0,0.0,0.0,1.96018,0.0,0.0,0.0,1.96018
2025-01-07 19:00:00,1.95902,0.0,0.0,0.0,0.0,1.95902,0.0,0.0,0.0,1.95902
2025-01-07 20:00:00,1.9892100000000001,0.0,0.6361467750000007,0.0,0.0,1.3530632249999994,0.0,0.0,0.0,1.98921
2025-01-07 21:00:00,1.07602,0.0,1.07602,0.0,0.0,0.0,0.0,0.0,0.0,1.07602
2025-01-07 22:00:00,1.17702,0.0,1.17702,0.0,0.0,0.0,1.17702,0.0,0.0,0.0
2025-01-07 23:00:00,1.02851,0.0,1.02851,0.0,0.0,0.0,1.02851,0.0,0.0,0.0
2025-01-08 00:00:00,1.18485,0.0,1.18485,0.0,0.0,0.0,1.18485,0.0,0.0,0.0
2025-01-08 01:00:00,1.05139,0.0,1.05139,0.0,0.0,0.0,1.05139,0.0,0.0,0.0
2025-01-08 02:00:00,1.16949,0.0,1.16949,0.0,0.0,0.0,1.16949,0.0,0.0,0.0
2025-01-08 03:00:00,1.17173,0.0,1.17173,0.0,0.0,0.0,1.17173,0.0,0.0,0.0
2025-01-08 04:00:00,1.1398,0.0,1.1398,0.0,0.0,0.0,1.1398,0.0,0.0,0.0
2025-01-08 05:00:00,1.15679,0.0,1.15679,0.0,0.0,0.0,1.15679,0.0,0.0,0.0
2025-01-08 06:00:00,1.88196,0.0,1.88196,0.0,0.0,0.0,1.88196,0.0,0.0,0.0
2025-01-08 07:00:00,1.7997999999999998,0.75529,1.0445099999999998,0.0,0.0,0.0,1.04451,0.0,0.0,0.0
2025-01-08 08:00:00,1.5585499999999999,1.38155,0.17699999999999982,0.0,0.0,0.0,0.177,0.0,0.0,0.0
2025-01-08 09:00:00,1.46744,2.10205,0.0,0.0,0.6346100000000001,0.0,0.0,0.0,0.63461,0.0
2025-01-08 10:00:00,1.43346,2.54001,0.0,0.0,1.1065500000000001,0.0,0.0,0.0,1.10655,0.0
2025-01-08 11:00:00,1.0541099999999999,1.72097,0.0,0.0,0.6668600000000002,0.0,0.0,0.0,0.66686,0.0
2025-01-08 12:00:00,1.03152,1.64109,0.0,0.0,0.60957,0.0,0.0,0.0,0.60957,0.0
2025-01-08 13:00:00,1.08758,1.99353,0.0,0.0,0.90595,0.0,0.0,0.0,0.90595,0.0
2025-01-08 14:00:00,1.1105999999999998,1.8423,0.0,0.0,0.7317000000000002,0.0,0.0,0.0,0.7317,0.0
2025-01-08 15:00:00,1.09587,2.15763,0.0,0.0,1.0617600000000003,0.0,0.0,0.0,1.06176,0.0
2025-01-08 16:00:00,1.5871,1.37283,0.21426999999999996,0.0,0.0,0.0,3.4446384,0.0,3.2303684,0.0
2025-01-08 17:00:00,1.9701099999999998,0.7556900000000001,0.0,0.0,0.0,1.2144199999999996,0.0,0.0,0.0,1.21442
2025-01-08 18:00:00,1.91765,0.0,0.0,0.0,0.0,1.91765,0.0,0.0,0.0,1.91765
2025-01-08 19:00:00,1.89086,0.0,0.0,0.0,0.0,1.89086,0.0,0.0,0.0,1.89086
2025-01-08 20:00:00,1.96508,0.0,1.8284174999999996,0.0,0.0,0.13666250000000033,0.0,0.0,0.0,1.96508
2025-01-08 21:00:00,1.0886099999999999,0.0,1.0886099999999999,0.0,0.0,0.0,0.00162,0.0,0.0,1.08699
2025-01-08 22:00:00,1.13756,0.0,1.13756,0.0,0.0,0.0,1.13756,0.0,0.0,0.0
2025-01-08 23:00:00,1.13269,0.0,1.13269,0.0,0.0,0.0,1.13269,0.0,0.0,0.0
2025-01-09 00:00:00,1.0905799999999999,0.0,1.0905799999999999,0.0,0.0,0.0,1.09058,0.0,0.0,0.0
2025-01-09 01:00:00,1.27553,0.0,1.27553,0.0,0.0,0.0,1.27553,0.0,0.0,0.0
2025-01-09 02:00:00,1.23439,0.0,1.23439,0.0,0.0,0.0,1.23439,0.0,0.0,0.0
2025-01-09 03:00:00,1.03318,0.0,1.03318,0.0,0.0,0.0,1.03318,0.0,0.0,0.0
2025-01-09 04:00:00,1.29911,0.0,1.29911,0.0,0.0,0.0,1.29911,0.0,0.0,0.0
2025-01-09 05:00:00,1.26376,0.0,1.26376,0.0,0.0,0.0,1.26376,0.0,0.0,0.0
2025-01-09 06:00:00,1.64195,0.0,1.64195,0.0,0.0,0.0,1.64195,0.0,0.0,0.0
2025-01-09 07:00:00,1.99955,0.85252,1.14703,0.0,0.0,0.0,1.14703,0.0,0.0,0.0
2025-01-09 08:00:00,1.54522,1.343,0.20222000000000007,0.0,0.0,0.0,0.20222,0.0,0.0,0.0
2025-01-09 09:00:00,1.3963299999999998,1.9988599999999999,0.0,0.0,0.60253,0.0,0.0,0.0,0.60253,0.0
2025-01-09 10:00:00,1.37928,2.48334,0.0,0.0,1.10406,0.0,0.0,0.0,1.10406,0.0
2025-01-09 11:00:00,1.00723,1.81906,0.0,0.0,0.8118299999999998,0.0,0.0,0.0,0.81183,0.0
2025-01-09 12:00:00,1.1211900000000001,2.3353,0.0,0.0,1.21411,0.0,0.0,0.0,1.21411,0.0
2025-01-09 13:00:00,1.16988,2.3282800000000003,0.0,0.0,1.1584000000000003,0.0,0.0,0.0,1.1584,0.0
2025-01-09 14:00:00,1.18556,2.03757,0.0,0.0,0.8520100000000002,0.0,0.0,0.0,0.85201,0.0
2025-01-09 15:00:00,1.1676,2.4316199999999997,0.0,0.0,1.2640199999999997,0.0,0.0,0.0,1.26402,0.0
2025-01-09 16:00:00,1.3499700000000001,1.58173,0.0,0.0,0.23175999999999997,0.0,1.7086484,0.0,1.9404084,0.0
2025-01-09 17:00:00,1.926,0.76179,0.0,0.0,0.0,1.16421,0.0,0.0,0.0,1.16421
2025-01-09 18:00:00,1.94692,0.0,0.0,0.0,0.0,1.94692,0.0,0.0,0.0,1.94692
2025-01-09 19:00:00,1.94198,0.0,0.0,0.0,0.0,1.94198,0.0,0.0,0.0,1.94198
2025-01-09 20:00:00,1.99604,0.0,0.5162052000000019,0.0,0.0,1.4798347999999981,0.0,0.0,0.0,1.99604
2025-01-09 21:00:00,1.18346,0.0,1.18346,0.0,0.0,0.0,0.15761,0.0,0.0,1.02585
2025-01-09 22:00:00,1.01635,0.0,1.01635,0.0,0.0,0.0,1.01635,0.0,0.0,0.0
2025-01-09 23:00:00,1.18489,0.0,1.18489,0.0,0.0,0.0,1.18489,0.0,0.0,0.0
2025-01-10 00:00:00,1.01271,0.0,1.01271,0.0,0.0,0.0,1.01271,0.0,0.0,0.0
2025-01-10 01:00:00,1.26524,0.0,1.26524,0.0,0.0,0.0,1.26524,0.0,0.0,0.0
2025-01-10 02:00:00,1.21287,0.0,1.21287,0.0,0.0,0.0,1.21287,0.0,0.0,0.0
2025-01-10 03:00:00,1.05194,0.0,1.05194,0.0,0.0,0.0,1.05194,0.0,0.0,0.0
2025-01-10 04:00:00,1.02752,0.0,1.02752,0.0,0.0,0.0,1.02752,0.0,0.0,0.0
2025-01-10 05:00:00,1.0550599999999999,0.0,1.0550599999999999,0.0,0.0,0.0,1.05506,0.0,0.0,0.0
2025-01-10 06:00:00,1.99001,0.0,1.99001,0.0,0.0,0.0,1.99001,0.0,0.0,0.0
2025-01-10 07:00:00,1.8182,0.7599400000000001,1.05826,0.0,0.0,0.0,1.05826,0.0,0.0,0.0
2025-01-10 08:00:00,1.97301,1.526,0.4470099999999999,0.0,0.0,0.0,0.44701,0.0,0.0,0.0
2025-01-10 09:00:00,1.5799100000000001,2.2232600000000002,0.0,0.0,0.6433500000000001,0.0,0.0,0.0,0.64335,0.0
2025-01-10 10:00:00,1.35938,2.34881,0.0,0.0,0.9894299999999998,0.0,0.0,0.0,0.98943,0.0
2025-01-10 11:00:00,1.09483,2.259,0.0,0.0,1.16417,0.0,0.0,0.0,1.16417,0.0
2025-01-10 12:00:00,1.0556199999999998,1.86975,0.0,0.0,0.8141300000000002,0.0,0.0,0.0,0.81413,0.0
2025-01-10 13:00:00,1.1222,1.9097899999999999,0.0,0.0,0.7875899999999998,0.0,0.0,0.0,0.78759,0.0
2025-01-10 14:00:00,1.08176,2.1394499999999996,0.0,0.0,1.0576899999999996,0.0,0.0,0.0,1.05769,0.0
2025-01-10 15:00:00,1.0634100000000002,1.69914,0.0,0.0,0.6357299999999999,0.0,0.0,0.0,0.63573,0.0
2025-01-10 16:00:00,1.4896500000000001,1.5241500000000001,0.0,0.0,0.034499999999999975,0.0,2.7104516,0.0,2.7449516,0.0
2025-01-10 17:00:00,1.9131500000000001,0.85212,0.0,0.0,0.0,1.0610300000000001,0.0,0.0,0.0,1.06103
2025-01-10 18:00:00,1.93049,0.0,0.0,0.0,0.0,1.93049,0.0,0.0,0.0,1.93049
2025-01-10 19:00:00,1.90983,0.0,0.0,0.0,0.0,1.90983,0.0,0.0,0.0,1.90983
2025-01-10 20:00:00,1.88628,0.0,1.2583825250000014,0.0,0.0,0.6278974749999987,0.0,0.0,0.0,1.88628
2025-01-10 21:00:00,1.1878,0.0,1.1878,0.0,0.0,0.0,0.0,0.0,0.0,1.1878
2025-01-10 22:00:00,1.1082,0.0,1.1082,0.0,0.0,0.0,1.1082,0.0,0.0,0.0
2025-01-10 23:00:00,1.1538199999999998,0.0,1.1538199999999998,0.0,0.0,0.0,1.15382,0.0,0.0,0.0
2025-01-11 00:00:00,1.09891,0.0,1.09891,0.0,0.0,0.0,1.09891,0.0,0.0,0.0
2025-01-11 01:00:00,1.13933,0.0,1.13933,0.0,0.0,0.0,1.13933,0.0,0.0,0.0
2025-01-11 02:00:00,1.14869,0.0,1.14869,0.0,0.0,0.0,1.14869,0.0,0.0,0.0
2025-01-11 03:00:00,1.0359800000000001,0.0,1.0359800000000001,0.0,0.0,0.0,1.03598,0.0,0.0,0.0
2025-01-11 04:00:00,1.04047,0.0,1.04047,0.0,0.0,0.0,1.04047,0.0,0.0,0.0
2025-01-11 05:00:00,1.1159700000000001,0.0,1.1159700000000001,0.0,0.0,0.0,1.11597,0.0,0.0,0.0
2025-01-11 06:00:00,1.4915,0.0,1.4915,0.0,0.0,0.0,1.4915,0.0,0.0,0.0
2025-01-11 07:00:00,1.4021400000000002,0.84425,0.5578900000000002,0.0,0.0,0.0,0.55789,0.0,0.0,0.0
2025-01-11 08:00:00,1.37501,1.44471,0.0,0.0,0.06969999999999987,0.0,0.0,0.0,0.0697,0.0
2025-01-11 09:00:00,1.23228,2.13421,0.0,0.0,0.9019299999999999,0.0,0.0,0.0,0.90193,0.0
2025-01-11 10:00:00,1.17529,2.59016,0.0,0.0,1.41487,0.0,0.0,0.0,1.41487,0.0
2025-01-11 11:00:00,0.96701,1.5858299999999999,0.0,0.0,0.6188199999999998,0.0,0.0,0.0,0.61882,0.0
2025-01-11 12:00:00,0.9215399999999999,1.38706,0.0,0.0,0.46552000000000004,0.0,0.0,0.0,0.46552,0.0
2025-01-11 13:00:00,1.07918,2.21323,0.0,0.0,1.1340499999999998,0.0,0.0,0.0,1.13405,0.0
2025-01-11 14:00:00,1.02378,2.01213,0.0,0.0,0.9883500000000001,0.0,0.0,0.0,0.98835,0.0
2025-01-11 15:00:00,1.01536,2.02424,0.0,0.0,1.0088799999999998,0.0,0.0,0.0,1.00888,0.0
2025-01-11 16:00:00,1.35903,0.9715900000000001,0.3874399999999999,0.0,0.0,0.0,1.5628823,0.0,1.1754423,0.0
2025-01-11 17:00:00,1.77053,0.83526,0.0,0.0,0.0,0.9352699999999999,0.0,0.0,0.0,0.93527
2025-01-11 18:00:00,1.7710299999999999,0.0,0.0,0.0,0.0,1.7710299999999999,0.0,0.0,0.0,1.77103
2025-01-11 19:00:00,1.70068,0.0,0.0,0.0,0.0,1.70068,0.0,0.0,0.0,1.70068
2025-01-11 20:00:00,1.69066,0.0,0.13922670000000115,0.0,0.0,1.551433299999999,0.0,0.0,0.0,1.69066
2025-01-11 21:00:00,0.92161,0.0,0.92161,0.0,0.0,0.0,0.0,0.0,0.0,0.92161
2025-01-11 22:00:00,1.1039400000000001,0.0,1.1039400000000001,0.0,0.0,0.0,1.10394,0.0,0.0,0.0
2025-01-11 23:00:00,1.01712,0.0,1.01712,0.0,0.0,0.0,1.01712,0.0,0.0,0.0
2025-01-12 00:00:00,1.02672,0.0,1.02672,0.0,0.0,0.0,1.02672,0.0,0.0,0.0
2025-01-12 01:00:00,0.94068,0.0,0.94068,0.0,0.0,0.0,0.94068,0.0,0.0,0.0
2025-01-12 02:00:00,0.94885,0.0,0.94885,0.0,0.0,0.0,0.94885,0.0,0.0,0.0
2025-01-12 03:00:00,1.1449200000000002,0.0,1.1449200000000002,0.0,0.0,0.0,1.14492,0.0,0.0,0.0
2025-01-12 04:00:00,0.91206,0.0,0.91206,0.0,0.0,0.0,0.91206,0.0,0.0,0.0
2025-01-12 05:00:00,0.96287,0.0,0.96287,0.0,0.0,0.0,0.96287,0.0,0.0,0.0
2025-01-12 06:00:00,1.48143,0.0,1.48143,0.0,0.0,0.0,1.48143,0.0,0.0,0.0
2025-01-12 07:00:00,1.57198,0.57001,1.00197,0.0,0.0,0.0,1.00197,0.0,0.0,0.0
2025-01-12 08:00:00,1.7296099999999999,1.5497100000000001,0.17989999999999973,0.0,0.0,0.0,0.1799,0.0,0.0,0.0
2025-01-12 09:00:00,1.41127,1.8261500000000002,0.0,0.0,0.41488000000000014,0.0,0.0,0.0,0.41488,0.0
2025-01-12 10:00:00,1.30198,2.3138400000000003,0.0,0.0,1.0118600000000004,0.0,0.0,0.0,1.01186,0.0
2025-01-12 11:00:00,1.05201,2.1529499999999997,0.0,0.0,1.1009399999999998,0.0,0.0,0.0,1.10094,0.0
2025-01-12 12:00:00,1.0533599999999999,1.91842,0.0,0.0,0.8650600000000002,0.0,0.0,0.0,0.86506,0.0
2025-01-12 13:00:00,1.00568,1.9089,0.0,0.0,0.9032200000000001,0.0,0.0,0.0,0.90322,0.0
2025-01-12 14:00:00,0.98979,1.58154,0.0,0.0,0.59175,0.0,0.0,0.0,0.59175,0.0
2025-01-12 15:00:00,0.97174,1.53552,0.0,0.0,0.56378,0.0,0.0,0.0,0.56378,0.0
2025-01-12 16:00:00,1.2339,1.3972,0.0,0.0,0.1633,0.0,2.1104621,0.0,2.2737621,0.0
2025-01-12 17:00:00,1.62447,0.8155,0.0,0.0,0.0,0.8089700000000001,0.0,0.0,0.0,0.80897
2025-01-12 18:00:00,1.67536,0.0,0.0,0.0,0.0,1.67536,0.0,0.0,0.0,1.67536
2025-01-12 19:00:00,1.67004,0.0,0.0,0.0,0.0,1.67004,0.0,0.0,0.0,1.67004
2025-01-12 20:00:00,1.74655,0.0,0.8335720250000003,0.0,0.0,0.9129779749999998,0.0,0.0,0.0,1.74655
2025-01-12 21:00:00,1.0711199999999999,0.0,1.0711199999999999,0.0,0.0,0.0,0.0,0.0,0.0,1.07112
2025-01-12 22:00:00,1.16509,0.0,1.16509,0.0,0.0,0.0,1.16509,0.0,0.0,0.0
2025-01-12 23:00:00,1.0675,0.0,1.0675,0.0,0.0,0.0,1.0675,0.0,0.0,0.0
2025-01-13 00:00:00,1.14325,0.0,1.14325,0.0,0.0,0.0,1.14325,0.0,0.0,0.0
2025-01-13 01:00:00,1.2284300000000001,0.0,1.2284300000000001,0.0,0.0,0.0,1.22843,0.0,0.0,0.0
2025-01-13 02:00:00,1.271,0.0,1.271,0.0,0.0,0.0,1.271,0.0,0.0,0.0
2025-01-13 03:00:00,1.21621,0.0,1.21621,0.0,0.0,0.0,1.21621,0.0,0.0,0.0
2025-01-13 04:00:00,1.28896,0.0,1.28896,0.0,0.0,0.0,1.28896,0.0,0.0,0.0
2025-01-13 05:00:00,1.2346,0.0,1.2346,0.0,0.0,0.0,1.2346,0.0,0.0,0.0
2025-01-13 06:00:00,1.9334,0.0,1.9334,0.0,0.0,0.0,1.9334,0.0,0.0,0.0
2025-01-13 07:00:00,1.72004,0.85325,0.8667900000000001,0.0,0.0,0.0,0.86679,0.0,0.0,0.0
2025-01-13 08:00:00,1.9849100000000002,1.42941,0.5555000000000001,0.0,0.0,0.0,0.5555,0.0,0.0,0.0
2025-01-13 09:00:00,1.5935,1.95592,0.0,0.0,0.3624200000000002,0.0,0.0,0.0,0.36242,0.0
2025-01-13 10:00:00,1.34955,2.36979,0.0,0.0,1.02024,0.0,0.0,0.0,1.02024,0.0
2025-01-13 11:00:00,1.0979400000000001,2.1606199999999998,0.0,0.0,1.0626799999999996,0.0,0.0,0.0,1.06268,0.0
2025-01-13 12:00:00,1.1955799999999999,2.18763,0.0,0.0,0.9920500000000001,0.0,0.0,0.0,0.99205,0.0
2025-01-13 13:00:00,1.01696,1.9278199999999999,0.0,0.0,0.9108599999999998,0.0,0.0,0.0,0.91086,0.0
2025-01-13 14:00:00,1.18494,2.41194,0.0,0.0,1.2269999999999999,0.0,0.0,0.0,1.227,0.0
2025-01-13 15:00:00,1.07454,2.08923,0.0,0.0,1.01469,0.0,0.0,0.0,1.01469,0.0
2025-01-13 16:00:00,1.57012,1.59124,0.0,0.0,0.021120000000000028,0.0,2.0644414,0.0,2.0855614,0.0
2025-01-13 17:00:00,1.97309,0.8801599999999999,0.0,0.0,0.0,1.09293,0.0,0.0,0.0,1.09293
2025-01-13 18:00:00,1.80979,0.0,0.0,0.0,0.0,1.80979,0.0,0.0,0.0,1.80979
2025-01-13 19:00:00,1.9716300000000002,0.0,0.0,0.0,0.0,1.9716300000000002,0.0,0.0,0.0,1.97163
2025-01-13 20:00:00,1.8009000000000002,0.0,0.7087683500000017,0.0,0.0,1.0921316499999985,0.0,0.0,0.0,1.8009
2025-01-13 21:00:00,1.15439,0.0,1.15439,0.0,0.0,0.0,0.0,0.0,0.0,1.15439
2025-01-13 22:00:00,1.20319,0.0,1.20319,0.0,0.0,0.0,1.20319,0.0,0.0,0.0
2025-01-13 23:00:00,1.00888,0.0,1.00888,0.0,0.0,0.0,1.00888,0.0,0.0,0.0
2025-01-14 00:00:00,1.1204100000000001,0.0,1.1204100000000001,0.0,0.0,0.0,1.12041,0.0,0.0,0.0
2025-01-14 01:00:00,1.26869,0.0,1.26869,0.0,0.0,0.0,1.26869,0.0,0.0,0.0
2025-01-14 02:00:00,1.20148,0.0,1.20148,0.0,0.0,0.0,1.20148,0.0,0.0,0.0
2025-01-14 03:00:00,1.0713,0.0,1.0713,0.0,0.0,0.0,1.0713,0.0,0.0,0.0
2025-01-14 04:00:00,1.25583,0.0,1.25583,0.0,0.0,0.0,1.25583,0.0,0.0,0.0
2025-01-14 05:00:00,1.1044100000000001,0.0,1.1044100000000001,0.0,0.0,0.0,1.10441,0.0,0.0,0.0
2025-01-14 06:00:00,1.92667,0.0,1.92667,0.0,0.0,0.0,1.92667,0.0,0.0,0.0
2025-01-14 07:00:00,1.69847,0.89588,0.8025899999999999,0.0,0.0,0.0,0.80259,0.0,0.0,0.0
2025-01-14 08:00:00,1.5937999999999999,1.11828,0.47551999999999994,0.0,0.0,0.0,0.47552,0.0,0.0,0.0
2025-01-14 09:00:00,1.58706,2.24944,0.0,0.0,0.66238,0.0,0.0,0.0,0.66238,0.0
2025-01-14 10:00:00,1.41854,2.2063,0.0,0.0,0.7877600000000002,0.0,0.0,0.0,0.78776,0.0
2025-01-14 11:00:00,1.11497,2.1045100000000003,0.0,0.0,0.9895400000000003,0.0,0.0,0.0,0.98954,0.0
2025-01-14 12:00:00,1.11904,2.1166,0.0,0.0,0.99756,0.0,0.0,0.0,0.99756,0.0
2025-01-14 13:00:00,1.09938,1.88298,0.0,0.0,0.7836000000000001,0.0,0.0,0.0,0.7836,0.0
2025-01-14 14:00:00,1.01343,1.5420099999999999,0.0,0.0,0.5285799999999998,0.0,0.0,0.0,0.52858,0.0
2025-01-14 15:00:00,1.0906600000000002,1.96941,0.0,0.0,0.8787499999999999,0.0,0.0,0.0,0.87875,0.0
2025-01-14 16:00:00,1.46815,1.58399,0.0,0.0,0.11583999999999994,0.0,2.9972532,0.0,3.1130932,0.0
2025-01-14 17:00:00,1.9081700000000001,0.89779,0.0,0.0,0.0,1.01038,0.0,0.0,0.0,1.01038
2025-01-14 18:00:00,1.8470199999999999,0.0,0.0,0.0,0.0,1.8470199999999999,0.0,0.0,0.0,1.84702
2025-01-14 19:00:00,1.90591,0.0,0.0,0.0,0.0,1.90591,0.0,0.0,0.0,1.90591
2025-01-14 20:00:00,1.94846,0.0,1.527800975000001,0.0,0.0,0.420659024999999,0.0,0.0,0.0,1.94846
2025-01-14 21:00:00,1.17722,0.0,1.17722,0.0,0.0,0.0,0.0,0.0,0.0,1.17722
2025-01-14 22:00:00,1.19603,0.0,1.19603,0.0,0.0,0.0,1.19603,0.0,0.0,0.0
2025-01-14 23:00:00,1.08981,0.0,1.08981,0.0,0.0,0.0,1.08981,0.0,0.0,0.0
2025-01-15 00:00:00,1.07241,0.0,1.07241,0.0,0.0,0.0,1.07241,0.0,0.0,0.0
2025-01-15 01:00:00,1.09675,0.0,1.09675,0.0,0.0,0.0,1.09675,0.0,0.0,0.0
2025-01-15 02:00:00,1.0466300000000002,0.0,1.0466300000000002,0.0,0.0,0.0,1.04663,0.0,0.0,0.0
2025-01-15 03:00:00,1.26229,0.0,1.26229,0.0,0.0,0.0,1.26229,0.0,0.0,0.0
2025-01-15 04:00:00,1.08497,0.0,1.08497,0.0,0.0,0.0,1.08497,0.0,0.0,0.0
2025-01-15 05:00:00,1.16845,0.0,1.16845,0.0,0.0,0.0,1.16845,0.0,0.0,0.0
2025-01-15 06:00:00,1.89599,0.0,1.89599,0.0,0.0,0.0,1.89599,0.0,0.0,0.0
2025-01-15 07:00:00,1.7381300000000002,0.8570099999999999,0.8811200000000002,0.0,0.0,0.0,0.88112,0.0,0.0,0.0
2025-01-15 08:00:00,1.90732,1.5958599999999998,0.31146000000000007,0.0,0.0,0.0,0.31146,0.0,0.0,0.0
2025-01-15 09:00:00,1.37407,1.84585,0.0,0.0,0.4717800000000001,0.0,0.0,0.0,0.47178,0.0
2025-01-15 10:00:00,1.5611700000000002,2.40679,0.0,0.0,0.8456199999999998,0.0,0.0,0.0,0.84562,0.0
2025-01-15 11:00:00,1.08659,1.7931,0.0,0.0,0.70651,0.0,0.0,0.0,0.70651,0.0
2025-01-15 12:00:00,1.0206,1.82276,0.0,0.0,0.80216,0.0,0.0,0.0,0.80216,0.0
2025-01-15 13:00:00,1.01311,2.12488,0.0,0.0,1.1117700000000001,0.0,0.0,0.0,1.11177,0.0
2025-01-15 14:00:00,1.06251,1.76776,0.0,0.0,0.7052499999999999,0.0,0.0,0.0,0.70525,0.0
2025-01-15 15:00:00,1.0769000000000002,1.6593,0.0,0.0,0.5823999999999998,0.0,0.22187842,0.0,0.80427842,0.0
2025-01-15 16:00:00,1.3828099999999999,1.46471,0.0,0.0,0.08190000000000008,0.0,3.4181,0.0,3.5,0.0
2025-01-15 17:00:00,1.8833199999999999,0.5097,0.0,0.0,0.0,1.3736199999999998,0.0,0.0,0.0,1.37362
2025-01-15 18:00:00,1.97255,0.0,0.0,0.0,0.0,1.97255,0.0,0.0,0.0,1.97255
2025-01-15 19:00:00,1.8979000000000001,0.0,0.4541505250000015,0.0,0.0,1.4437494749999986,0.0,0.0,0.0,1.8979
2025-01-15 20:00:00,1.86662,0.0,1.86662,0.0,0.0,0.0,0.0,0.0,0.0,1.86662
2025-01-15 21:00:00,1.1294000000000002,0.0,1.1294000000000002,0.0,0.0,0.0,0.16509,0.0,0.0,0.96431
2025-01-15 22:00:00,1.23417,0.0,1.23417,0.0,0.0,0.0,1.23417,0.0,0.0,0.0
2025-01-15 23:00:00,1.25236,0.0,1.25236,0.0,0.0,0.0,1.25236,0.0,0.0,0.0
2025-01-16 00:00:00,1.0780999999999998,0.0,1.0780999999999998,0.0,0.0,0.0,1.0781,0.0,0.0,0.0
2025-01-16 01:00:00,1.09675,0.0,1.09675,0.0,0.0,0.0,1.09675,0.0,0.0,0.0
2025-01-16 02:00:00,1.07274,0.0,1.07274,0.0,0.0,0.0,1.07274,0.0,0.0,0.0
2025-01-16 03:00:00,1.14396,0.0,1.14396,0.0,0.0,0.0,1.14396,0.0,0.0,0.0
2025-01-16 04:00:00,1.20498,0.0,1.20498,0.0,0.0,0.0,1.20498,0.0,0.0,0.0
2025-01-16 05:00:00,1.06848,0.0,1.06848,0.0,0.0,0.0,1.06848,0.0,0.0,0.0
2025-01-16 06:00:00,1.6653699999999998,0.0,1.6653699999999998,0.0,0.0,0.0,1.66537,0.0,0.0,0.0
2025-01-16 07:00:00,1.73038,0.76091,0.96947,0.0,0.0,0.0,0.96947,0.0,0.0,0.0
2025-01-16 08:00:00,1.52369,1.59903,0.0,0.0,0.07533999999999996,0.0,0.0,0.0,0.07534,0.0
2025-01-16 09:00:00,1.3037,1.1602000000000001,0.14349999999999996,0.0,0.0,0.0,0.1435,0.0,0.0,0.0
2025-01-16 10:00:00,1.34425,2.26221,0.0,0.0,0.9179600000000001,0.0,0.0,0.0,0.91796,0.0
2025-01-16 11:00:00,1.11384,1.89015,0.0,0.0,0.7763100000000001,0.0,0.0,0.0,0.77631,0.0
2025-01-16 12:00:00,1.00095,1.70714,0.0,0.0,0.7061900000000001,0.0,0.0,0.0,0.70619,0.0
2025-01-16 13:00:00,1.0325499999999999,2.02725,0.0,0.0,0.9947000000000001,0.0,0.0,0.0,0.9947,0.0
2025-01-16 14:00:00,1.0508499999999998,1.98603,0.0,0.0,0.9351800000000001,0.0,0.0,0.0,0.93518,0.0
2025-01-16 15:00:00,1.1206800000000001,2.2959699999999996,0.0,0.0,1.1752899999999995,0.0,0.0,0.0,1.17529,0.0
2025-01-16 16:00:00,1.62526,1.59974,0.025519999999999987,0.0,0.0,0.0,2.9733035,0.0,2.9477835,0.0
2025-01-16 17:00:00,1.92015,0.80924,0.0,0.0,0.0,1.11091,0.0,0.0,0.0,1.11091
2025-01-16 18:00:00,1.86353,0.0,0.0,0.0,0.0,1.86353,0.0,0.0,0.0,1.86353
2025-01-16 19:00:00,1.8693,0.0,0.0,0.0,0.0,1.8693,0.0,0.0,0.0,1.8693
2025-01-16 20:00:00,1.80381,0.0,1.6107245750000012,0.0,0.0,0.19308542499999876,0.0,0.0,0.0,1.80381
2025-01-16 21:00:00,1.0496500000000002,0.0,1.0496500000000002,0.0,0.0,0.0,0.0,0.0,0.0,1.04965
2025-01-16 22:00:00,1.21755,0.0,1.21755,0.0,0.0,0.0,1.21755,0.0,0.0,0.0
2025-01-16 23:00:00,1.2124300000000001,0.0,1.2124300000000001,0.0,0.0,0.0,1.21243,0.0,0.0,0.0
2025-01-17 00:00:00,1.22157,0.0,1.22157,0.0,0.0,0.0,1.22157,0.0,0.0,0.0
2025-01-17 01:00:00,1.09515,0.0,1.09515,0.0,0.0,0.0,1.09515,0.0,0.0,0.0
2025-01-17 02:00:00,1.26701,0.0,1.26701,0.0,0.0,0.0,1.26701,0.0,0.0,0.0
2025-01-17 03:00:00,1.17815,0.0,1.17815,0.0,0.0,0.0,1.17815,0.0,0.0,0.0
2025-01-17 04:00:00,1.03781,0.0,1.03781,0.0,0.0,0.0,1.03781,0.0,0.0,0.0
2025-01-17 05:00:00,1.0431199999999998,0.0,1.0431199999999998,0.0,0.0,0.0,1.04312,0.0,0.0,0.0
2025-01-17 06:00:00,1.84655,0.0,1.84655,0.0,0.0,0.0,1.84655,0.0,0.0,0.0
2025-01-17 07:00:00,1.9958900000000002,0.46594,1.5299500000000001,0.0,0.0,0.0,1.52995,0.0,0.0,0.0
2025-01-17 08:00:00,1.99654,1.3756400000000002,0.6208999999999998,0.0,0.0,0.0,0.6209,0.0,0.0,0.0
2025-01-17 09:00:00,1.6589200000000002,2.04129,0.0,0.0,0.3823699999999999,0.0,0.0,0.0,0.38237,0.0
2025-01-17 10:00:00,1.54872,2.16028,0.0,0.0,0.6115600000000001,0.0,0.0,0.0,0.61156,0.0
2025-01-17 11:00:00,1.11891,2.19868,0.0,0.0,1.07977,0.0,0.0,0.0,1.07977,0.0
2025-01-17 12:00:00,1.16725,2.08292,0.0,0.0,0.9156700000000002,0.0,0.0,0.0,0.91567,0.0
2025-01-17 13:00:00,1.04626,2.16556,0.0,0.0,1.1193000000000002,0.0,0.0,0.0,1.1193,0.0
2025-01-17 14:00:00,1.12215,1.81438,0.0,0.0,0.6922300000000001,0.0,0.0,0.0,0.69223,0.0
2025-01-17 15:00:00,1.13552,1.72133,0.0,0.0,0.5858099999999999,0.0,0.02797144,0.0,0.61378144,0.0
2025-01-17 16:00:00,1.60337,1.47309,0.13027999999999995,0.0,0.0,0.0,3.63028,0.0,3.5,0.0
2025-01-17 17:00:00,1.9029200000000002,0.82317,0.0,0.0,0.0,1.0797500000000002,0.0,0.0,0.0,1.07975
2025-01-17 18:00:00,1.90405,0.0,0.0,0.0,0.0,1.90405,0.0,0.0,0.0,1.90405
2025-01-17 19:00:00,1.97793,0.0,0.10022422499999961,0.0,0.0,1.8777057750000004,0.0,0.0,0.0,1.97793
2025-01-17 20:00:00,1.879,0.0,1.879,0.0,0.0,0.0,0.0,0.0,0.0,1.879
2025-01-17 21:00:00,1.20477,0.0,1.20477,0.0,0.0,0.0,0.0,0.0,0.0,1.20477
2025-01-17 22:00:00,1.04481,0.0,1.04481,0.0,0.0,0.0,1.04481,0.0,0.0,0.0
2025-01-17 23:00:00,1.28846,0.0,1.28846,0.0,0.0,0.0,1.28846,0.0,0.0,0.0
2025-01-18 00:00:00,0.9481799999999999,0.0,0.9481799999999999,0.0,0.0,0.0,0.94818,0.0,0.0,0.0
2025-01-18 01:00:00,0.95388,0.0,0.95388,0.0,0.0,0.0,0.95388,0.0,0.0,0.0
2025-01-18 02:00:00,1.13193,0.0,1.13193,0.0,0.0,0.0,1.13193,0.0,0.0,0.0
2025-01-18 03:00:00,1.1464,0.0,1.1464,0.0,0.0,0.0,1.1464,0.0,0.0,0.0
2025-01-18 04:00:00,0.95728,0.0,0.95728,0.0,0.0,0.0,0.95728,0.0,0.0,0.0
2025-01-18 05:00:00,1.0268499999999998,0.0,1.0268499999999998,0.0,0.0,0.0,1.02685,0.0,0.0,0.0
2025-01-18 06:00:00,1.68007,0.0,1.68007,0.0,0.0,0.0,1.68007,0.0,0.0,0.0
2025-01-18 07:00:00,1.5826600000000002,0.86738,0.7152800000000001,0.0,0.0,0.0,0.71528,0.0,0.0,0.0
2025-01-18 08:00:00,1.70233,1.3682,0.3341299999999998,0.0,0.0,0.0,0.33413,0.0,0.0,0.0
2025-01-18 09:00:00,1.49543,2.15915,0.0,0.0,0.6637199999999999,0.0,0.0,0.0,0.66372,0.0
2025-01-18 10:00:00,1.20595,2.52993,0.0,0.0,1.3239799999999997,0.0,0.0,0.0,1.32398,0.0
2025-01-18 11:00:00,0.9041699999999999,1.41325,0.0,0.0,0.50908,0.0,0.0,0.0,0.50908,0.0
2025-01-18 12:00:00,1.02948,2.0647800000000003,0.0,0.0,1.0353000000000003,0.0,0.0,0.0,1.0353,0.0
2025-01-18 13:00:00,0.9574400000000001,1.74571,0.0,0.0,0.78827,0.0,0.0,0.0,0.78827,0.0
2025-01-18 14:00:00,0.97365,1.5703900000000002,0.0,0.0,0.5967400000000002,0.0,0.0,0.0,0.59674,0.0
2025-01-18 15:00:00,0.9841799999999999,1.82145,0.0,0.0,0.8372700000000001,0.0,0.0,0.0,0.83727,0.0
2025-01-18 16:00:00,1.3118800000000002,0.9690599999999999,0.34282000000000024,0.0,0.0,0.0,2.2359725,0.0,1.8931525,0.0
2025-01-18 17:00:00,1.74322,0.9084,0.0,0.0,0.0,0.83482,0.0,0.0,0.0,0.83482
2025-01-18 18:00:00,1.6638499999999998,0.0,0.0,0.0,0.0,1.6638499999999998,0.0,0.0,0.0,1.66385
2025-01-18 19:00:00,1.77859,0.0,0.0,0.0,0.0,1.77859,0.0,0.0,0.0,1.77859
2025-01-18 20:00:00,1.6700599999999999,0.0,0.7540100999999995,0.0,0.0,0.9160499000000004,0.0,0.0,0.0,1.67006
2025-01-18 21:00:00,0.95456,0.0,0.95456,0.0,0.0,0.0,0.0,0.0,0.0,0.95456
2025-01-18 22:00:00,0.95016,0.0,0.95016,0.0,0.0,0.0,0.95016,0.0,0.0,0.0
2025-01-18 23:00:00,1.04094,0.0,1.04094,0.0,0.0,0.0,1.04094,0.0,0.0,0.0
2025-01-19 00:00:00,1.02647,0.0,1.02647,0.0,0.0,0.0,1.02647,0.0,0.0,0.0
2025-01-19 01:00:00,0.97005,0.0,0.97005,0.0,0.0,0.0,0.97005,0.0,0.0,0.0
2025-01-19 02:00:00,0.9122,0.0,0.9122,0.0,0.0,0.0,0.9122,0.0,0.0,0.0
2025-01-19 03:00:00,1.03,0.0,1.03,0.0,0.0,0.0,1.03,0.0,0.0,0.0
2025-01-19 04:00:00,1.15902,0.0,1.15902,0.0,0.0,0.0,1.15902,0.0,0.0,0.0
2025-01-19 05:00:00,1.0761800000000001,0.0,1.0761800000000001,0.0,0.0,0.0,1.07618,0.0,0.0,0.0
2025-01-19 06:00:00,1.57298,0.0,1.57298,0.0,0.0,0.0,1.57298,0.0,0.0,0.0
2025-01-19 07:00:00,1.48265,0.89406,0.5885900000000001,0.0,0.0,0.0,0.58859,0.0,0.0,0.0
2025-01-19 08:00:00,1.75574,1.66079,0.09495000000000009,0.0,0.0,0.0,0.09495,0.0,0.0,0.0
2025-01-19 09:00:00,1.51308,1.28001,0.2330699999999999,0.0,0.0,0.0,0.23307,0.0,0.0,0.0
2025-01-19 10:00:00,1.27961,2.1850500000000004,0.0,0.0,0.9054400000000005,0.0,0.0,0.0,0.90544,0.0
2025-01-19 11:00:00,1.05224,1.69055,0.0,0.0,0.6383099999999999,0.0,0.0,0.0,0.63831,0.0
2025-01-19 12:00:00,0.92976,1.8478299999999999,0.0,0.0,0.9180699999999998,0.0,0.0,0.0,0.91807,0.0
2025-01-19 13:00:00,1.05335,1.909,0.0,0.0,0.85565,0.0,0.0,0.0,0.85565,0.0
2025-01-19 14:00:00,0.95329,1.68419,0.0,0.0,0.7309000000000001,0.0,0.0,0.0,0.7309,0.0
2025-01-19 15:00:00,1.0368,1.77403,0.0,0.0,0.73723,0.0,0.0,0.0,0.73723,0.0
2025-01-19 16:00:00,1.50895,1.5800999999999998,0.0,0.0,0.07114999999999982,0.0,2.8371004,0.0,2.9082504,0.0
2025-01-19 17:00:00,1.63807,0.8885299999999999,0.0,0.0,0.0,0.74954,0.0,0.0,0.0,0.74954
2025-01-19 18:00:00,1.65231,0.0,0.0,0.0,0.0,1.65231,0.0,0.0,0.0,1.65231
2025-01-19 19:00:00,1.66415,0.0,0.0,0.0,0.0,1.66415,0.0,0.0,0.0,1.66415
2025-01-19 20:00:00,1.7478399999999998,0.0,1.4306231250000008,0.0,0.0,0.3172168749999992,0.0,0.0,0.0,1.74784
2025-01-19 21:00:00,1.1298599999999999,0.0,1.1298599999999999,0.0,0.0,0.0,0.0,0.0,0.0,1.12986
2025-01-19 22:00:00,1.1361400000000001,0.0,1.1361400000000001,0.0,0.0,0.0,1.13614,0.0,0.0,0.0
2025-01-19 23:00:00,0.9916200000000001,0.0,0.9916200000000001,0.0,0.0,0.0,0.99162,0.0,0.0,0.0
2025-01-20 00:00:00,1.15926,0.0,1.15926,0.0,0.0,0.0,1.15926,0.0,0.0,0.0
2025-01-20 01:00:00,1.07452,0.0,1.07452,0.0,0.0,0.0,1.07452,0.0,0.0,0.0
2025-01-20 02:00:00,1.07344,0.0,1.07344,0.0,0.0,0.0,1.07344,0.0,0.0,0.0
2025-01-20 03:00:00,1.04838,0.0,1.04838,0.0,0.0,0.0,1.04838,0.0,0.0,0.0
2025-01-20 04:00:00,1.28201,0.0,1.28201,0.0,0.0,0.0,1.28201,0.0,0.0,0.0
2025-01-20 05:00:00,1.2664000000000002,0.0,1.2664000000000002,0.0,0.0,0.0,1.2664,0.0,0.0,0.0
2025-01-20 06:00:00,1.8886800000000001,0.0,1.8886800000000001,0.0,0.0,0.0,1.88868,0.0,0.0,0.0
2025-01-20 07:00:00,1.76487,0.813,0.95187,0.0,0.0,0.0,0.95187,0.0,0.0,0.0
2025-01-20 08:00:00,1.5658800000000002,1.62688,0.0,0.0,0.06099999999999994,0.0,0.0,0.0,0.061,0.0
2025-01-20 09:00:00,1.49281,1.87361,0.0,0.0,0.3808,0.0,0.0,0.0,0.3808,0.0
2025-01-20 10:00:00,1.52177,2.26836,0.0,0.0,0.7465899999999999,0.0,0.0,0.0,0.74659,0.0
2025-01-20 11:00:00,1.00601,1.9528599999999998,0.0,0.0,0.9468499999999997,0.0,0.0,0.0,0.94685,0.0
2025-01-20 12:00:00,1.0643099999999999,1.86602,0.0,0.0,0.8017100000000001,0.0,0.0,0.0,0.80171,0.0
2025-01-20 13:00:00,1.08009,1.6864000000000001,0.0,0.0,0.6063100000000001,0.0,0.0,0.0,0.60631,0.0
2025-01-20 14:00:00,1.1977200000000001,1.8955199999999999,0.0,0.0,0.6977999999999998,0.0,0.0,0.0,0.6978,0.0
2025-01-20 15:00:00,1.09375,2.37708,0.0,0.0,1.2833299999999999,0.0,0.0,0.0,1.28333,0.0
2025-01-20 16:00:00,1.43655,1.1186800000000001,0.3178699999999999,0.0,0.0,0.0,3.5056351,0.0,3.1877651,0.0
2025-01-20 17:00:00,1.95889,0.87099,0.0,0.0,0.0,1.0878999999999999,0.0,0.0,0.0,1.0879
2025-01-20 18:00:00,1.95873,0.0,0.0,0.0,0.0,1.95873,0.0,0.0,0.0,1.95873
2025-01-20 19:00:00,1.8876,0.0,0.0,0.0,0.0,1.8876,0.0,0.0,0.0,1.8876
2025-01-20 20:00:00,1.9278,0.0,1.8762680250000006,0.0,0.0,0.0515319749999994,0.0,0.0,0.0,1.9278
2025-01-20 21:00:00,1.00069,0.0,1.00069,0.0,0.0,0.0,0.0,0.0,0.0,1.00069
2025-01-20 22:00:00,1.2980099999999999,0.0,1.2980099999999999,0.0,0.0,0.0,1.29801,0.0,0.0,0.0
2025-01-20 23:00:00,1.08427,0.0,1.08427,0.0,0.0,0.0,1.08427,0.0,0.0,0.0
2025-01-21 00:00:00,1.01862,0.0,1.01862,0.0,0.0,0.0,1.01862,0.0,0.0,0.0
2025-01-21 01:00:00,1.13748,0.0,1.13748,0.0,0.0,0.0,1.13748,0.0,0.0,0.0
2025-01-21 02:00:00,1.03871,0.0,1.03871,0.0,0.0,0.0,1.03871,0.0,0.0,0.0
2025-01-21 03:00:00,1.0457,0.0,1.0457,0.0,0.0,0.0,1.0457,0.0,0.0,0.0
2025-01-21 04:00:00,1.18968,0.0,1.18968,0.0,0.0,0.0,1.18968,0.0,0.0,0.0
2025-01-21 05:00:00,1.1178800000000002,0.0,1.1178800000000002,0.0,0.0,0.0,1.11788,0.0,0.0,0.0
2025-01-21 06:00:00,1.96093,0.0,1.96093,0.0,0.0,0.0,1.96093,0.0,0.0,0.0
2025-01-21 07:00:00,1.73055,0.84327,0.8872800000000001,0.0,0.0,0.0,0.88728,0.0,0.0,0.0
2025-01-21 08:00:00,1.73639,1.44757,0.2888200000000001,0.0,0.0,0.0,0.28882,0.0,0.0,0.0
2025-01-21 09:00:00,1.3708900000000002,2.1807,0.0,0.0,0.8098099999999997,0.0,0.0,0.0,0.80981,0.0
2025-01-21 10:00:00,1.3160999999999998,2.6093200000000003,0.0,0.0,1.2932200000000005,0.0,0.0,0.0,1.29322,0.0
2025-01-21 11:00:00,1.14992,2.4562399999999998,0.0,0.0,1.3063199999999997,0.0,0.0,0.0,1.30632,0.0
2025-01-21 12:00:00,1.132,2.2524499999999996,0.0,0.0,1.1204499999999997,0.0,0.0,0.0,1.12045,0.0
2025-01-21 13:00:00,1.07327,1.80965,0.0,0.0,0.73638,0.0,0.0,0.0,0.73638,0.0
2025-01-21 14:00:00,1.1123599999999998,2.42319,0.0,0.0,1.3108300000000002,0.0,0.0,0.0,1.31083,0.0
2025-01-21 15:00:00,1.1814200000000001,2.41615,0.0,0.0,1.2347299999999999,0.0,0.0,0.0,1.23473,0.0
2025-01-21 16:00:00,1.43694,1.48001,0.0,0.0,0.04306999999999994,0.0,0.93224817,0.0,0.97531817,0.0
2025-01-21 17:00:00,1.8251600000000001,0.7642599999999999,0.0,0.0,0.0,1.0609000000000002,0.0,0.0,0.0,1.0609
2025-01-21 18:00:00,1.9310999999999998,0.0,0.0,0.0,0.0,1.9310999999999998,0.0,0.0,0.0,1.9311
2025-01-21 19:00:00,1.86531,0.0,0.0,0.0,0.0,1.86531,0.0,0.0,0.0,1.86531
2025-01-21 20:00:00,1.8395599999999999,0.0,0.0,0.0,0.0,1.8395599999999999,0.0,0.0,0.0,1.83956
2025-01-21 21:00:00,1.23345,0.0,0.8413539750000002,0.0,0.0,0.39209602499999974,0.0,0.0,0.0,1.23345
2025-01-21 22:00:00,1.2581900000000001,0.0,1.2581900000000001,0.0,0.0,0.0,1.25819,0.0,0.0,0.0
2025-01-21 23:00:00,1.074,0.0,1.074,0.0,0.0,0.0,1.074,0.0,0.0,0.0
2025-01-22 00:00:00,1.2003499999999998,0.0,1.2003499999999998,0.0,0.0,0.0,1.20035,0.0,0.0,0.0
2025-01-22 01:00:00,1.03881,0.0,1.03881,0.0,0.0,0.0,1.03881,0.0,0.0,0.0
2025-01-22 02:00:00,1.08255,0.0,1.08255,0.0,0.0,0.0,1.08255,0.0,0.0,0.0
2025-01-22 03:00:00,1.0415999999999999,0.0,1.0415999999999999,0.0,0.0,0.0,1.0416,0.0,0.0,0.0
2025-01-22 04:00:00,1.08506,0.0,1.08506,0.0,0.0,0.0,1.08506,0.0,0.0,0.0
2025-01-22 05:00:00,1.20242,0.0,1.20242,0.0,0.0,0.0,1.20242,0.0,0.0,0.0
2025-01-22 06:00:00,1.95516,0.0,1.95516,0.0,0.0,0.0,1.95516,0.0,0.0,0.0
2025-01-22 07:00:00,1.8507,0.84517,1.00553,0.0,0.0,0.0,1.00553,0.0,0.0,0.0
2025-01-22 08:00:00,1.62755,1.44016,0.18738999999999995,0.0,0.0,0.0,0.18739,0.0,0.0,0.0
2025-01-22 09:00:00,1.69045,2.10844,0.0,0.0,0.41798999999999986,0.0,0.0,0.0,0.41799,0.0
2025-01-22 10:00:00,1.30929,2.60006,0.0,0.0,1.29077,0.0,0.0,0.0,1.29077,0.0
2025-01-22 11:00:00,1.12205,2.24615,0.0,0.0,1.1241,0.0,0.0,0.0,1.1241,0.0
2025-01-22 12:00:00,1.1708,2.12448,0.0,0.0,0.9536800000000001,0.0,0.0,0.0,0.95368,0.0
2025-01-22 13:00:00,1.09796,1.8561800000000002,0.0,0.0,0.7582200000000001,0.0,0.0,0.0,0.75822,0.0
2025-01-22 14:00:00,1.04884,1.6440299999999999,0.0,0.0,0.5951899999999999,0.0,0.0,0.0,0.59519,0.0
2025-01-22 15:00:00,1.16866,2.49137,0.0,0.0,1.3227099999999998,0.0,0.0,0.0,1.32271,0.0
2025-01-22 16:00:00,1.60587,1.4935399999999999,0.11233000000000004,0.0,0.0,0.0,2.3678861,0.0,2.2555561,0.0
2025-01-22 17:00:00,1.89129,0.8515499999999999,0.0,0.0,0.0,1.03974,0.0,0.0,0.0,1.03974
2025-01-22 18:00:00,1.8578599999999998,0.0,0.0,0.0,0.0,1.8578599999999998,0.0,0.0,0.0,1.85786
2025-01-22 19:00:00,1.882,0.0,0.0,0.0,0.0,1.882,0.0,0.0,0.0,1.882
2025-01-22 20:00:00,1.84377,0.0,0.79081935,0.0,0.0,1.0529506499999999,0.0,0.0,0.0,1.84377
2025-01-22 21:00:00,1.24482,0.0,1.24482,0.0,0.0,0.0,0.0,0.0,0.0,1.24482
2025-01-22 22:00:00,1.25817,0.0,1.25817,0.0,0.0,0.0,1.25817,0.0,0.0,0.0
2025-01-22 23:00:00,1.0503099999999999,0.0,1.0503099999999999,0.0,0.0,0.0,1.05031,0.0,0.0,0.0
2025-01-23 00:00:00,1.00225,0.0,1.00225,0.0,0.0,0.0,1.00225,0.0,0.0,0.0
2025-01-23 01:00:00,1.1008399999999998,0.0,1.1008399999999998,0.0,0.0,0.0,1.10084,0.0,0.0,0.0
2025-01-23 02:00:00,1.23925,0.0,1.23925,0.0,0.0,0.0,1.23925,0.0,0.0,0.0
2025-01-23 03:00:00,1.25175,0.0,1.25175,0.0,0.0,0.0,1.25175,0.0,0.0,0.0
2025-01-23 04:00:00,1.0415,0.0,1.0415,0.0,0.0,0.0,1.0415,0.0,0.0,0.0
2025-01-23 05:00:00,1.2323,0.0,1.2323,0.0,0.0,0.0,1.2323,0.0,0.0,0.0
2025-01-23 06:00:00,1.55785,0.0,1.55785,0.0,0.0,0.0,1.55785,0.0,0.0,0.0
2025-01-23 07:00:00,1.5963,0.65211,0.9441900000000001,0.0,0.0,0.0,0.94419,0.0,0.0,0.0
2025-01-23 08:00:00,1.8098299999999998,1.66028,0.14954999999999985,0.0,0.0,0.0,0.14955,0.0,0.0,0.0
2025-01-23 09:00:00,1.3278599999999998,2.01458,0.0,0.0,0.6867200000000002,0.0,0.0,0.0,0.68672,0.0
2025-01-23 10:00:00,1.40825,2.48718,0.0,0.0,1.07893,0.0,0.0,0.0,1.07893,0.0
2025-01-23 11:00:00,1.02237,1.85974,0.0,0.0,0.83737,0.0,0.0,0.0,0.83737,0.0
2025-01-23 12:00:00,1.0847,1.7807,0.0,0.0,0.696,0.0,0.0,0.0,0.696,0.0
2025-01-23 13:00:00,1.13723,1.94941,0.0,0.0,0.8121800000000001,0.0,0.0,0.0,0.81218,0.0
2025-01-23 14:00:00,1.19988,2.2863200000000004,0.0,0.0,1.0864400000000003,0.0,0.0,0.0,1.08644,0.0
2025-01-23 15:00:00,1.14557,1.86011,0.0,0.0,0.71454,0.0,0.0,0.0,0.71454,0.0
2025-01-23 16:00:00,1.48448,1.3504800000000001,0.1339999999999999,0.0,0.0,0.0,3.1691884,0.0,3.0351884,0.0
2025-01-23 17:00:00,1.93445,0.8777,0.0,0.0,0.0,1.05675,0.0,0.0,0.0,1.05675
2025-01-23 18:00:00,1.96642,0.0,0.0,0.0,0.0,1.96642,0.0,0.0,0.0,1.96642
2025-01-23 19:00:00,1.86431,0.0,0.0,0.0,0.0,1.86431,0.0,0.0,0.0,1.86431
2025-01-23 20:00:00,1.94976,0.0,1.5014975500000007,0.0,0.0,0.4482624499999992,0.0,0.0,0.0,1.94976
2025-01-23 21:00:00,1.24042,0.0,1.24042,0.0,0.0,0.0,0.00266,0.0,0.0,1.23776
2025-01-23 22:00:00,1.14738,0.0,1.14738,0.0,0.0,0.0,1.14738,0.0,0.0,0.0
2025-01-23 23:00:00,1.26791,0.0,1.26791,0.0,0.0,0.0,1.26791,0.0,0.0,0.0
2025-01-24 00:00:00,1.0431700000000002,0.0,1.0431700000000002,0.0,0.0,0.0,1.04317,0.0,0.0,0.0
2025-01-24 01:00:00,1.26372,0.0,1.26372,0.0,0.0,0.0,1.26372,0.0,0.0,0.0
2025-01-24 02:00:00,1.02883,0.0,1.02883,0.0,0.0,0.0,1.02883,0.0,0.0,0.0
2025-01-24 03:00:00,1.04606,0.0,1.04606,0.0,0.0,0.0,1.04606,0.0,0.0,0.0
2025-01-24 04:00:00,1.16015,0.0,1.16015,0.0,0.0,0.0,1.16015,0.0,0.0,0.0
2025-01-24 05:00:00,1.02026,0.0,1.02026,0.0,0.0,0.0,1.02026,0.0,0.0,0.0
2025-01-24 06:00:00,1.5264000000000002,0.0,1.5264000000000002,0.0,0.0,0.0,1.5264,0.0,0.0,0.0
2025-01-24 07:00:00,1.88731,0.75729,1.13002,0.0,0.0,0.0,1.13002,0.0,0.0,0.0
2025-01-24 08:00:00,1.91156,0.95573,0.95583,0.0,0.0,0.0,0.95583,0.0,0.0,0.0
2025-01-24 09:00:00,1.64432,2.04253,0.0,0.0,0.3982100000000002,0.0,0.0,0.0,0.39821,0.0
2025-01-24 10:00:00,1.62768,1.85931,0.0,0.0,0.23163,0.0,0.0,0.0,0.23163,0.0
2025-01-24 11:00:00,1.14756,2.4094499999999996,0.0,0.0,1.2618899999999997,0.0,0.0,0.0,1.26189,0.0
2025-01-24 12:00:00,1.1008399999999998,2.23577,0.0,0.0,1.1349300000000002,0.0,0.0,0.0,1.13493,0.0
2025-01-24 13:00:00,1.07358,2.15105,0.0,0.0,1.0774700000000001,0.0,0.0,0.0,1.07747,0.0
2025-01-24 14:00:00,1.1502999999999999,2.0733800000000002,0.0,0.0,0.9230800000000003,0.0,0.0,0.0,0.92308,0.0
2025-01-24 15:00:00,1.03526,2.00749,0.0,0.0,0.9722300000000001,0.0,0.0,0.0,0.97223,0.0
2025-01-24 16:00:00,1.4594,1.3790799999999999,0.08032000000000017,0.0,0.0,0.0,2.9227747,0.0,2.8424547,0.0
2025-01-24 17:00:00,1.93071,0.80536,0.0,0.0,0.0,1.12535,0.0,0.0,0.0,1.12535
2025-01-24 18:00:00,1.97502,0.0,0.0,0.0,0.0,1.97502,0.0,0.0,0.0,1.97502
2025-01-24 19:00:00,1.83846,0.0,0.0,0.0,0.0,1.83846,0.0,0.0,0.0,1.83846
2025-01-24 20:00:00,1.84416,0.0,1.3684953999999998,0.0,0.0,0.47566460000000027,0.0,0.0,0.0,1.84416
2025-01-24 21:00:00,1.19682,0.0,1.19682,0.0,0.0,0.0,0.0,0.0,0.0,1.19682
2025-01-24 22:00:00,1.08673,0.0,1.08673,0.0,0.0,0.0,1.08673,0.0,0.0,0.0
2025-01-24 23:00:00,1.22042,0.0,1.22042,0.0,0.0,0.0,1.22042,0.0,0.0,0.0
2025-01-25 00:00:00,1.0529300000000001,0.0,1.0529300000000001,0.0,0.0,0.0,1.05293,0.0,0.0,0.0
2025-01-25 01:00:00,1.04875,0.0,1.04875,0.0,0.0,0.0,1.04875,0.0,0.0,0.0
2025-01-25 02:00:00,1.12371,0.0,1.12371,0.0,0.0,0.0,1.12371,0.0,0.0,0.0
2025-01-25 03:00:00,1.09184,0.0,1.09184,0.0,0.0,0.0,1.09184,0.0,0.0,0.0
2025-01-25 04:00:00,0.90718,0.0,0.90718,0.0,0.0,0.0,0.90718,0.0,0.0,0.0
2025-01-25 05:00:00,0.91335,0.0,0.91335,0.0,0.0,0.0,0.91335,0.0,0.0,0.0
2025-01-25 06:00:00,1.6207,0.0,1.6207,0.0,0.0,0.0,1.6207,0.0,0.0,0.0
2025-01-25 07:00:00,1.5384,0.88488,0.65352,0.0,0.0,0.0,0.65352,0.0,0.0,0.0
2025-01-25 08:00:00,1.60255,1.42356,0.17898999999999998,0.0,0.0,0.0,0.17899,0.0,0.0,0.0
2025-01-25 09:00:00,1.35789,2.05384,0.0,0.0,0.6959500000000001,0.0,0.0,0.0,0.69595,0.0
2025-01-25 10:00:00,1.41359,1.33476,0.07882999999999996,0.0,0.0,0.0,0.07883,0.0,0.0,0.0
2025-01-25 11:00:00,0.93821,1.79092,0.0,0.0,0.8527100000000001,0.0,0.0,0.0,0.85271,0.0
2025-01-25 12:00:00,0.93095,1.8199100000000001,0.0,0.0,0.8889600000000001,0.0,0.0,0.0,0.88896,0.0
2025-01-25 13:00:00,0.9857,1.5368199999999999,0.0,0.0,0.5511199999999998,0.0,0.0,0.0,0.55112,0.0
2025-01-25 14:00:00,0.9387300000000001,1.68133,0.0,0.0,0.7425999999999999,0.0,0.0,0.0,0.7426,0.0
2025-01-25 15:00:00,1.02231,1.56324,0.0,0.0,0.5409299999999999,0.0,0.0,0.0,0.54093,0.0
2025-01-25 16:00:00,1.24451,1.39205,0.0,0.0,0.14754,0.0,3.2146831,0.0,3.3622231,0.0
2025-01-25 17:00:00,1.64424,0.79207,0.0,0.0,0.0,0.8521699999999999,0.0,0.0,0.0,0.85217
2025-01-25 18:00:00,1.68494,0.0,0.0,0.0,0.0,1.68494,0.0,0.0,0.0,1.68494
2025-01-25 19:00:00,1.66767,0.0,0.21590147500000034,0.0,0.0,1.4517685249999996,0.0,0.0,0.0,1.66767
2025-01-25 20:00:00,1.7298900000000001,0.0,1.7298900000000001,0.0,0.0,0.0,0.0,0.0,0.0,1.72989
2025-01-25 21:00:00,0.9554600000000001,0.0,0.9554600000000001,0.0,0.0,0.0,0.0,0.0,0.0,0.95546
2025-01-25 22:00:00,1.1398599999999999,0.0,1.1398599999999999,0.0,0.0,0.0,1.13986,0.0,0.0,0.0
2025-01-25 23:00:00,1.15101,0.0,1.15101,0.0,0.0,0.0,1.15101,0.0,0.0,0.0
2025-01-26 00:00:00,0.92695,0.0,0.92695,0.0,0.0,0.0,0.92695,0.0,0.0,0.0
2025-01-26 01:00:00,0.929,0.0,0.929,0.0,0.0,0.0,0.929,0.0,0.0,0.0
2025-01-26 02:00:00,0.93114,0.0,0.93114,0.0,0.0,0.0,0.93114,0.0,0.0,0.0
2025-01-26 03:00:00,1.06728,0.0,1.06728,0.0,0.0,0.0,1.06728,0.0,0.0,0.0
2025-01-26 04:00:00,0.9329299999999999,0.0,0.9329299999999999,0.0,0.0,0.0,0.93293,0.0,0.0,0.0
2025-01-26 05:00:00,1.1301400000000001,0.0,1.1301400000000001,0.0,0.0,0.0,1.13014,0.0,0.0,0.0
2025-01-26 06:00:00,1.6894200000000001,0.0,1.6894200000000001,0.0,0.0,0.0,1.68942,0.0,0.0,0.0
2025-01-26 07:00:00,1.7985,0.64225,1.15625,0.0,0.0,0.0,1.15625,0.0,0.0,0.0
2025-01-26 08:00:00,1.49577,1.52562,0.0,0.0,0.029849999999999932,0.0,0.0,0.0,0.02985,0.0
2025-01-26 09:00:00,1.46023,2.22596,0.0,0.0,0.7657300000000002,0.0,0.0,0.0,0.76573,0.0
2025-01-26 10:00:00,1.34951,2.65114,0.0,0.0,1.3016299999999998,0.0,0.0,0.0,1.30163,0.0
2025-01-26 11:00:00,0.96853,1.7877100000000001,0.0,0.0,0.8191800000000001,0.0,0.0,0.0,0.81918,0.0
2025-01-26 12:00:00,0.9230499999999999,1.59771,0.0,0.0,0.67466,0.0,0.0,0.0,0.67466,0.0
2025-01-26 13:00:00,0.91859,1.47082,0.0,0.0,0.55223,0.0,0.0,0.0,0.55223,0.0
2025-01-26 14:00:00,0.96456,1.5166600000000001,0.0,0.0,0.5521000000000001,0.0,0.0,0.0,0.5521,0.0
2025-01-26 15:00:00,1.01397,1.93805,0.0,0.0,0.92408,0.0,0.0,0.0,0.92408,0.0
2025-01-26 16:00:00,1.31094,1.48369,0.0,0.0,0.17274999999999996,0.0,1.8066266,0.0,1.9793766,0.0
2025-01-26 17:00:00,1.72223,0.8541,0.0,0.0,0.0,0.86813,0.0,0.0,0.0,0.86813
2025-01-26 18:00:00,1.71979,0.0,0.0,0.0,0.0,1.71979,0.0,0.0,0.0,1.71979
2025-01-26 19:00:00,1.68815,0.0,0.0,0.0,0.0,1.68815,0.0,0.0,0.0,1.68815
2025-01-26 20:00:00,1.63704,0.0,0.6856404749999994,0.0,0.0,0.9513995250000007,0.0,0.0,0.0,1.63704
2025-01-26 21:00:00,0.94484,0.0,0.94484,0.0,0.0,0.0,0.0,0.0,0.0,0.94484
2025-01-26 22:00:00,1.09524,0.0,1.09524,0.0,0.0,0.0,1.09524,0.0,0.0,0.0
2025-01-26 23:00:00,1.0050599999999998,0.0,1.0050599999999998,0.0,0.0,0.0,1.00506,0.0,0.0,0.0
2025-01-27 00:00:00,1.06436,0.0,1.06436,0.0,0.0,0.0,1.06436,0.0,0.0,0.0
2025-01-27 01:00:00,1.1688,0.0,1.1688,0.0,0.0,0.0,1.1688,0.0,0.0,0.0
2025-01-27 02:00:00,1.22666,0.0,1.22666,0.0,0.0,0.0,1.22666,0.0,0.0,0.0
2025-01-27 03:00:00,1.07723,0.0,1.07723,0.0,0.0,0.0,1.07723,0.0,0.0,0.0
2025-01-27 04:00:00,1.24804,0.0,1.24804,0.0,0.0,0.0,1.24804,0.0,0.0,0.0
2025-01-27 05:00:00,1.27825,0.0,1.27825,0.0,0.0,0.0,1.27825,0.0,0.0,0.0
2025-01-27 06:00:00,1.7987,0.0,1.7987,0.0,0.0,0.0,1.7987,0.0,0.0,0.0
2025-01-27 07:00:00,1.97276,0.90271,1.0700500000000002,0.0,0.0,0.0,1.07005,0.0,0.0,0.0
2025-01-27 08:00:00,1.78949,0.86545,0.92404,0.0,0.0,0.0,0.92404,0.0,0.0,0.0
2025-01-27 09:00:00,1.57217,1.81194,0.0,0.0,0.23977000000000004,0.0,0.0,0.0,0.23977,0.0
2025-01-27 10:00:00,1.59738,2.3980900000000003,0.0,0.0,0.8007100000000003,0.0,0.0,0.0,0.80071,0.0
2025-01-27 11:00:00,1.09315,1.77026,0.0,0.0,0.6771099999999999,0.0,0.0,0.0,0.67711,0.0
2025-01-27 12:00:00,1.06614,2.2896300000000003,0.0,0.0,1.2234900000000002,0.0,0.0,0.0,1.22349,0.0
2025-01-27 13:00:00,1.11302,2.1222399999999997,0.0,0.0,1.0092199999999998,0.0,0.0,0.0,1.00922,0.0
2025-01-27 14:00:00,1.1549800000000001,2.01291,0.0,0.0,0.8579300000000001,0.0,0.0,0.0,0.85793,0.0
2025-01-27 15:00:00,1.19308,2.2831300000000003,0.0,0.0,1.0900500000000004,0.0,0.0,0.0,1.09005,0.0
2025-01-27 16:00:00,1.37504,1.62605,0.0,0.0,0.25100999999999996,0.0,2.5583665,0.0,2.8093765,0.0
2025-01-27 17:00:00,1.8748900000000002,0.83002,0.0,0.0,0.0,1.0448700000000002,0.0,0.0,0.0,1.04487
2025-01-27 18:00:00,1.89635,0.0,0.0,0.0,0.0,1.89635,0.0,0.0,0.0,1.89635
2025-01-27 19:00:00,1.92144,0.0,0.0,0.0,0.0,1.92144,0.0,0.0,0.0,1.92144
2025-01-27 20:00:00,1.885,0.0,1.1979257750000007,0.0,0.0,0.6870742249999992,0.0,0.0,0.0,1.885
2025-01-27 21:00:00,1.111,0.0,1.111,0.0,0.0,0.0,0.0,0.0,0.0,1.111
2025-01-27 22:00:00,1.12529,0.0,1.12529,0.0,0.0,0.0,1.12529,0.0,0.0,0.0
2025-01-27 23:00:00,1.03552,0.0,1.03552,0.0,0.0,0.0,1.03552,0.0,0.0,0.0
2025-01-28 00:00:00,1.2384300000000001,0.0,1.2384300000000001,0.0,0.0,0.0,1.23843,0.0,0.0,0.0
2025-01-28 01:00:00,1.25132,0.0,1.25132,0.0,0.0,0.0,1.25132,0.0,0.0,0.0
2025-01-28 02:00:00,1.0853199999999998,0.0,1.0853199999999998,0.0,0.0,0.0,1.08532,0.0,0.0,0.0
2025-01-28 03:00:00,1.09114,0.0,1.09114,0.0,0.0,0.0,1.09114,0.0,0.0,0.0
2025-01-28 04:00:00,1.2623,0.0,1.2623,0.0,0.0,0.0,1.2623,0.0,0.0,0.0
2025-01-28 05:00:00,1.00719,0.0,1.00719,0.0,0.0,0.0,1.00719,0.0,0.0,0.0
2025-01-28 06:00:00,1.76023,0.0,1.76023,0.0,0.0,0.0,1.76023,0.0,0.0,0.0
2025-01-28 07:00:00,1.5817,0.8024,0.7793000000000001,0.0,0.0,0.0,0.7793,0.0,0.0,0.0
2025-01-28 08:00:00,1.8093599999999999,1.2181,0.5912599999999999,0.0,0.0,0.0,0.59126,0.0,0.0,0.0
2025-01-28 09:00:00,1.5089000000000001,1.86283,0.0,0.0,0.35392999999999986,0.0,0.0,0.0,0.35393,0.0
2025-01-28 10:00:00,1.3753900000000001,2.1849600000000002,0.0,0.0,0.8095700000000001,0.0,0.0,0.0,0.80957,0.0
2025-01-28 11:00:00,1.18946,1.80318,0.0,0.0,0.61372,0.0,0.0,0.0,0.61372,0.0
2025-01-28 12:00:00,1.1948800000000002,2.5940700000000003,0.0,0.0,1.3991900000000002,0.0,0.0,0.0,1.39919,0.0
2025-01-28 13:00:00,1.17428,2.15787,0.0,0.0,0.98359,0.0,0.0,0.0,0.98359,0.0
2025-01-28 14:00:00,1.08622,2.22449,0.0,0.0,1.13827,0.0,0.0,0.0,1.13827,0.0
2025-01-28 15:00:00,1.19871,1.86748,0.0,0.0,0.6687700000000001,0.0,0.0,0.0,0.66877,0.0
2025-01-28 16:00:00,1.58232,1.6343299999999998,0.0,0.0,0.05200999999999989,0.0,2.5776148,0.0,2.6296248,0.0
2025-01-28 17:00:00,1.80902,0.88688,0.0,0.0,0.0,0.9221400000000001,0.0,0.0,0.0,0.92214
2025-01-28 18:00:00,1.8235,0.0,0.0,0.0,0.0,1.8235,0.0,0.0,0.0,1.8235
2025-01-28 19:00:00,1.83115,0.0,0.0,0.0,0.0,1.83115,0.0,0.0,0.0,1.83115
2025-01-28 20:00:00,1.9069800000000001,0.0,1.0515773749999995,0.0,0.0,0.8554026250000006,0.0,0.0,0.0,1.90698
2025-01-28 21:00:00,1.27472,0.0,1.27472,0.0,0.0,0.0,0.0,0.0,0.0,1.27472
2025-01-28 22:00:00,1.17023,0.0,1.17023,0.0,0.0,0.0,1.17023,0.0,0.0,0.0
2025-01-28 23:00:00,1.11917,0.0,1.11917,0.0,0.0,0.0,1.11917,0.0,0.0,0.0
2025-01-29 00:00:00,1.1335,0.0,1.1335,0.0,0.0,0.0,1.1335,0.0,0.0,0.0
2025-01-29 01:00:00,1.01894,0.0,1.01894,0.0,0.0,0.0,1.01894,0.0,0.0,0.0
2025-01-29 02:00:00,1.2906300000000002,0.0,1.2906300000000002,0.0,0.0,0.0,1.29063,0.0,0.0,0.0
2025-01-29 03:00:00,1.0932,0.0,1.0932,0.0,0.0,0.0,1.0932,0.0,0.0,0.0
2025-01-29 04:00:00,1.05681,0.0,1.05681,0.0,0.0,0.0,1.05681,0.0,0.0,0.0
2025-01-29 05:00:00,1.08581,0.0,1.08581,0.0,0.0,0.0,1.08581,0.0,0.0,0.0
2025-01-29 06:00:00,1.9821900000000001,0.0,1.9821900000000001,0.0,0.0,0.0,1.98219,0.0,0.0,0.0
2025-01-29 07:00:00,1.85392,0.91225,0.94167,0.0,0.0,0.0,0.94167,0.0,0.0,0.0
2025-01-29 08:00:00,1.92108,1.37565,0.5454299999999999,0.0,0.0,0.0,0.54543,0.0,0.0,0.0
2025-01-29 09:00:00,1.61832,2.04458,0.0,0.0,0.42625999999999986,0.0,0.0,0.0,0.42626,0.0
2025-01-29 10:00:00,1.65957,2.50925,0.0,0.0,0.8496800000000002,0.0,0.0,0.0,0.84968,0.0
2025-01-29 11:00:00,1.09659,2.01845,0.0,0.0,0.9218600000000001,0.0,0.0,0.0,0.92186,0.0
2025-01-29 12:00:00,1.07232,1.97682,0.0,0.0,0.9045000000000001,0.0,0.0,0.0,0.9045,0.0
2025-01-29 13:00:00,1.01549,2.18988,0.0,0.0,1.17439,0.0,0.0,0.0,1.17439,0.0
2025-01-29 14:00:00,1.1861400000000002,2.25391,0.0,0.0,1.0677699999999997,0.0,0.0,0.0,1.06777,0.0
2025-01-29 15:00:00,1.0315,1.8891300000000002,0.0,0.0,0.8576300000000001,0.0,0.0,0.0,0.85763,0.0
2025-01-29 16:00:00,1.38748,1.6453900000000001,0.0,0.0,0.2579100000000001,0.0,2.4873684,0.0,2.7452784,0.0
2025-01-29 17:00:00,1.99544,0.74234,0.0,0.0,0.0,1.2531,0.0,0.0,0.0,1.2531
2025-01-29 18:00:00,1.8307200000000001,0.0,0.0,0.0,0.0,1.8307200000000001,0.0,0.0,0.0,1.83072
2025-01-29 19:00:00,1.91371,0.0,0.0,0.0,0.0,1.91371,0.0,0.0,0.0,1.91371
2025-01-29 20:00:00,1.98249,0.0,1.14987,0.0,0.0,0.8326200000000001,0.0,0.0,0.0,1.98249
2025-01-29 21:00:00,1.16117,0.0,1.16117,0.0,0.0,0.0,0.06619,0.0,0.0,1.09498
2025-01-29 22:00:00,1.1878,0.0,1.1878,0.0,0.0,0.0,1.1878,0.0,0.0,0.0
2025-01-29 23:00:00,1.06056,0.0,1.06056,0.0,0.0,0.0,1.06056,0.0,0.0,0.0
2025-01-30 00:00:00,1.24018,0.0,1.24018,0.0,0.0,0.0,1.24018,0.0,0.0,0.0
2025-01-30 01:00:00,1.1853399999999998,0.0,1.1853399999999998,0.0,0.0,0.0,1.18534,0.0,0.0,0.0
2025-01-30 02:00:00,1.25924,0.0,1.25924,0.0,0.0,0.0,1.25924,0.0,0.0,0.0
2025-01-30 03:00:00,1.28465,0.0,1.28465,0.0,0.0,0.0,1.28465,0.0,0.0,0.0
2025-01-30 04:00:00,1.1043699999999999,0.0,1.1043699999999999,0.0,0.0,0.0,1.10437,0.0,0.0,0.0
2025-01-30 05:00:00,1.0271700000000001,0.0,1.0271700000000001,0.0,0.0,0.0,1.02717,0.0,0.0,0.0
2025-01-30 06:00:00,1.61296,0.0,1.61296,0.0,0.0,0.0,1.61296,0.0,0.0,0.0
2025-01-30 07:00:00,1.6891500000000002,0.83243,0.8567200000000001,0.0,0.0,0.0,0.85672,0.0,0.0,0.0
2025-01-30 08:00:00,1.5914000000000001,1.5510599999999999,0.040340000000000265,0.0,0.0,0.0,0.04034,0.0,0.0,0.0
2025-01-30 09:00:00,1.5691400000000002,1.9028900000000002,0.0,0.0,0.33375,0.0,0.0,0.0,0.33375,0.0
2025-01-30 10:00:00,1.58876,2.58223,0.0,0.0,0.9934700000000001,0.0,0.0,0.0,0.99347,0.0
2025-01-30 11:00:00,1.03758,1.75028,0.0,0.0,0.7127000000000001,0.0,0.0,0.0,0.7127,0.0
2025-01-30 12:00:00,1.1039100000000002,1.91208,0.0,0.0,0.8081699999999998,0.0,0.0,0.0,0.80817,0.0
2025-01-30 13:00:00,1.19896,2.23543,0.0,0.0,1.03647,0.0,0.0,0.0,1.03647,0.0
2025-01-30 14:00:00,1.08435,1.95968,0.0,0.0,0.8753300000000002,0.0,0.0,0.0,0.87533,0.0
2025-01-30 15:00:00,1.04559,1.5842,0.0,0.0,0.53861,0.0,0.14886842,0.0,0.68747842,0.0
2025-01-30 16:00:00,1.69255,1.63225,0.06030000000000002,0.0,0.0,0.0,3.5603,0.0,3.5,0.0
2025-01-30 17:00:00,1.8951099999999999,0.83517,0.0,0.0,0.0,1.0599399999999999,0.0,0.0,0.0,1.05994
2025-01-30 18:00:00,1.92964,0.0,0.0,0.0,0.0,1.92964,0.0,0.0,0.0,1.92964
2025-01-30 19:00:00,1.92759,0.0,0.13527375000000053,0.0,0.0,1.7923162499999994,0.0,0.0,0.0,1.92759
2025-01-30 20:00:00,1.97125,0.0,1.97125,0.0,0.0,0.0,0.0,0.0,0.0,1.97125
2025-01-30 21:00:00,1.18932,0.0,1.18932,0.0,0.0,0.0,0.00274,0.0,0.0,1.18658
2025-01-30 22:00:00,1.1043,0.0,1.1043,0.0,0.0,0.0,1.1043,0.0,0.0,0.0
2025-01-30 23:00:00,1.19876,0.0,1.19876,0.0,0.0,0.0,1.19876,0.0,0.0,0.0
2025-01-31 00:00:00,1.20156,0.0,1.20156,0.0,0.0,0.0,1.20156,0.0,0.0,0.0
2025-01-31 01:00:00,1.28818,0.0,1.28818,0.0,0.0,0.0,1.28818,0.0,0.0,0.0
2025-01-31 02:00:00,1.11127,0.0,1.11127,0.0,0.0,0.0,1.11127,0.0,0.0,0.0
2025-01-31 03:00:00,1.12752,0.0,1.12752,0.0,0.0,0.0,1.12752,0.0,0.0,0.0
2025-01-31 04:00:00,1.24364,0.0,1.24364,0.0,0.0,0.0,1.24364,0.0,0.0,0.0
2025-01-31 05:00:00,1.15173,0.0,1.15173,0.0,0.0,0.0,1.15173,0.0,0.0,0.0
2025-01-31 06:00:00,1.86829,0.0,1.86829,0.0,0.0,0.0,1.86829,0.0,0.0,0.0
2025-01-31 07:00:00,1.8725999999999998,0.54935,1.3232499999999998,0.0,0.0,0.0,1.32325,0.0,0.0,0.0
2025-01-31 08:00:00,1.8134100000000002,1.63156,0.1818500000000003,0.0,0.0,0.0,0.18185,0.0,0.0,0.0
2025-01-31 09:00:00,1.40903,2.2005500000000002,0.0,0.0,0.7915200000000002,0.0,0.0,0.0,0.79152,0.0
2025-01-31 10:00:00,1.36177,1.7217799999999999,0.0,0.0,0.36000999999999994,0.0,0.0,0.0,0.36001,0.0
2025-01-31 11:00:00,1.1058800000000002,2.29847,0.0,0.0,1.1925899999999998,0.0,0.0,0.0,1.19259,0.0
2025-01-31 12:00:00,1.1416300000000001,2.4286,0.0,0.0,1.2869699999999997,0.0,0.0,0.0,1.28697,0.0
2025-01-31 13:00:00,1.09568,1.7510899999999998,0.0,0.0,0.6554099999999998,0.0,0.0,0.0,0.65541,0.0
2025-01-31 14:00:00,1.0616700000000001,2.00425,0.0,0.0,0.9425799999999998,0.0,0.0,0.0,0.94258,0.0
2025-01-31 15:00:00,1.14101,1.79824,0.0,0.0,0.65723,0.0,0.0,0.0,0.65723,0.0
2025-01-31 16:00:00,1.61288,1.60503,0.007850000000000135,0.0,0.0,0.0,2.9154015,0.0,2.9075515,0.0
2025-01-31 17:00:00,1.88965,0.7774800000000001,0.0,0.0,0.0,1.1121699999999999,0.0,0.0,0.0,1.11217
2025-01-31 18:00:00,1.87216,0.0,0.0,0.0,0.0,1.87216,0.0,0.0,0.0,1.87216
2025-01-31 19:00:00,1.8784100000000001,0.0,0.0,0.0,0.0,1.8784100000000001,0.0,0.0,0.0,1.87841
2025-01-31 20:00:00,1.84819,0.0,1.3985352250000007,0.0,0.0,0.4496547749999992,0.0,0.0,0.0,1.84819
2025-01-31 21:00:00,1.22553,0.0,1.22553,0.0,0.0,0.0,0.0,0.0,0.0,1.22553
2025-01-31 22:00:00,1.0941500000000002,0.0,1.0941500000000002,0.0,0.0,0.0,1.09415,0.0,0.0,0.0
2025-01-31 23:00:00,1.08184,0.0,1.08184,0.0,0.0,0.0,1.08184,0.0,0.0,0.0
2025-02-01 00:00:00,0.9353400000000001,0.0,0.9353400000000001,0.0,0.0,0.0,0.93534,0.0,0.0,0.0
2025-02-01 01:00:00,1.01848,0.0,1.01848,0.0,0.0,0.0,1.01848,0.0,0.0,0.0
2025-02-01 02:00:00,0.9818,0.0,0.9818,0.0,0.0,0.0,0.9818,0.0,0.0,0.0
2025-02-01 03:00:00,0.9997,0.0,0.9997,0.0,0.0,0.0,0.9997,0.0,0.0,0.0
2025-02-01 04:00:00,0.96372,0.0,0.96372,0.0,0.0,0.0,0.96372,0.0,0.0,0.0
2025-02-01 05:00:00,1.10605,0.0,1.10605,0.0,0.0,0.0,1.10605,0.0,0.0,0.0
2025-02-01 06:00:00,1.7685,0.0,1.7685,0.0,0.0,0.0,1.7685,0.0,0.0,0.0
2025-02-01 07:00:00,1.74023,0.84581,0.89442,0.0,0.0,0.0,0.89442,0.0,0.0,0.0
2025-02-01 08:00:00,1.7504000000000002,1.59715,0.1532500000000001,0.0,0.0,0.0,0.15325,0.0,0.0,0.0
2025-02-01 09:00:00,1.3359400000000001,1.14278,0.19316000000000022,0.0,0.0,0.0,0.19316,0.0,0.0,0.0
2025-02-01 10:00:00,1.34179,2.35059,0.0,0.0,1.0088,0.0,0.0,0.0,1.0088,0.0
2025-02-01 11:00:00,1.00227,1.97504,0.0,0.0,0.9727699999999999,0.0,0.0,0.0,0.97277,0.0
2025-02-01 12:00:00,0.9195599999999999,1.5603699999999998,0.0,0.0,0.6408099999999999,0.0,0.0,0.0,0.64081,0.0
2025-02-01 13:00:00,1.0526099999999998,2.0648,0.0,0.0,1.0121900000000001,0.0,0.0,0.0,1.01219,0.0
2025-02-01 14:00:00,1.0601800000000001,2.12979,0.0,0.0,1.0696099999999997,0.0,0.0,0.0,1.06961,0.0
2025-02-01 15:00:00,0.94826,1.9325999999999999,0.0,0.0,0.9843399999999999,0.0,0.0,0.0,0.98434,0.0
2025-02-01 16:00:00,1.2940699999999998,1.4321,0.0,0.0,0.1380300000000001,0.0,2.2633115,0.0,2.4013415,0.0
2025-02-01 17:00:00,1.65056,0.48489,0.0,0.0,0.0,1.16567,0.0,0.0,0.0,1.16567
2025-02-01 18:00:00,1.79087,0.0,0.0,0.0,0.0,1.79087,0.0,0.0,0.0,1.79087
2025-02-01 19:00:00,1.7426400000000002,0.0,0.0,0.0,0.0,1.7426400000000002,0.0,0.0,0.0,1.74264
2025-02-01 20:00:00,1.65455,0.0,1.0952686250000014,0.0,0.0,0.5592813749999986,0.0,0.0,0.0,1.65455
2025-02-01 21:00:00,0.94737,0.0,0.94737,0.0,0.0,0.0,0.0,0.0,0.0,0.94737
2025-02-01 22:00:00,1.11924,0.0,1.11924,0.0,0.0,0.0,1.11924,0.0,0.0,0.0
2025-02-01 23:00:00,0.9714700000000001,0.0,0.9714700000000001,0.0,0.0,0.0,0.97147,0.0,0.0,0.0
2025-02-02 00:00:00,1.14659,0.0,1.14659,0.0,0.0,0.0,1.14659,0.0,0.0,0.0
2025-02-02 01:00:00,0.9378099999999999,0.0,0.9378099999999999,0.0,0.0,0.0,0.93781,0.0,0.0,0.0
2025-02-02 02:00:00,1.08298,0.0,1.08298,0.0,0.0,0.0,1.08298,0.0,0.0,0.0
2025-02-02 03:00:00,1.1199100000000002,0.0,1.1199100000000002,0.0,0.0,0.0,1.11991,0.0,0.0,0.0
2025-02-02 04:00:00,0.9635199999999999,0.0,0.9635199999999999,0.0,0.0,0.0,0.96352,0.0,0.0,0.0
2025-02-02 05:00:00,0.97458,0.0,0.97458,0.0,0.0,0.0,0.97458,0.0,0.0,0.0
2025-02-02 06:00:00,1.78403,0.0,1.78403,0.0,0.0,0.0,1.78403,0.0,0.0,0.0
2025-02-02 07:00:00,1.5446300000000002,0.8755599999999999,0.6690700000000003,0.0,0.0,0.0,0.66907,0.0,0.0,0.0
2025-02-02 08:00:00,1.69733,1.61171,0.08562000000000003,0.0,0.0,0.0,0.08562,0.0,0.0,0.0
2025-02-02 09:00:00,1.24671,1.76756,0.0,0.0,0.52085,0.0,0.0,0.0,0.52085,0.0
2025-02-02 10:00:00,1.5278699999999998,1.61066,0.0,0.0,0.08279000000000014,0.0,0.0,0.0,0.08279,0.0
2025-02-02 11:00:00,0.9934,1.56502,0.0,0.0,0.5716200000000001,0.0,0.0,0.0,0.57162,0.0
2025-02-02 12:00:00,0.97114,2.0794099999999998,0.0,0.0,1.1082699999999996,0.0,0.0,0.0,1.10827,0.0
2025-02-02 13:00:00,0.93399,1.5515,0.0,0.0,0.6175100000000001,0.0,0.0,0.0,0.61751,0.0
2025-02-02 14:00:00,0.9863,1.50528,0.0,0.0,0.51898,0.0,0.0,0.0,0.51898,0.0
2025-02-02 15:00:00,1.02427,1.9342300000000001,0.0,0.0,0.9099600000000001,0.0,0.14223053,0.0,1.0521905,0.0
2025-02-02 16:00:00,1.31521,1.41529,0.0,0.0,0.10007999999999995,0.0,3.39992,0.0,3.5,0.0
2025-02-02 17:00:00,1.7513699999999999,0.75126,0.0,0.0,0.0,1.0001099999999998,0.0,0.0,0.0,1.00011
2025-02-02 18:00:00,1.70428,0.0,0.0,0.0,0.0,1.70428,0.0,0.0,0.0,1.70428
2025-02-02 19:00:00,1.70349,0.0,0.40975085000000044,0.0,0.0,1.2937391499999995,0.0,0.0,0.0,1.70349
2025-02-02 20:00:00,1.6721,0.0,1.6721,0.0,0.0,0.0,0.0,0.0,0.0,1.6721
2025-02-02 21:00:00,1.11494,0.0,1.11494,0.0,0.0,0.0,0.0,0.0,0.0,1.11494
2025-02-02 22:00:00,1.14505,0.0,1.14505,0.0,0.0,0.0,1.14505,0.0,0.0,0.0
2025-02-02 23:00:00,1.11673,0.0,1.11673,0.0,0.0,0.0,1.11673,0.0,0.0,0.0
2025-02-03 00:00:00,1.07981,0.0,1.07981,0.0,0.0,0.0,1.07981,0.0,0.0,0.0
2025-02-03 01:00:00,1.08224,0.0,1.08224,0.0,0.0,0.0,1.08224,0.0,0.0,0.0
2025-02-03 02:00:00,1.0764200000000002,0.0,1.0764200000000002,0.0,0.0,0.0,1.07642,0.0,0.0,0.0
2025-02-03 03:00:00,1.04051,0.0,1.04051,0.0,0.0,0.0,1.04051,0.0,0.0,0.0
2025-02-03 04:00:00,1.2831400000000002,0.0,1.2831400000000002,0.0,0.0,0.0,1.28314,0.0,0.0,0.0
2025-02-03 05:00:00,1.1206099999999999,0.0,1.1206099999999999,0.0,0.0,0.0,1.12061,0.0,0.0,0.0
2025-02-03 06:00:00,1.6123399999999999,0.0,1.6123399999999999,0.0,0.0,0.0,1.61234,0.0,0.0,0.0
2025-02-03 07:00:00,1.51756,0.7513200000000001,0.7662399999999999,0.0,0.0,0.0,0.76624,0.0,0.0,0.0
2025-02-03 08:00:00,1.89145,1.63914,0.25231000000000003,0.0,0.0,0.0,0.25231,0.0,0.0,0.0
2025-02-03 09:00:00,1.6404,1.90245,0.0,0.0,0.2620499999999999,0.0,0.0,0.0,0.26205,0.0
2025-02-03 10:00:00,1.32021,2.29643,0.0,0.0,0.9762199999999999,0.0,0.0,0.0,0.97622,0.0
2025-02-03 11:00:00,1.12378,1.9774500000000002,0.0,0.0,0.8536700000000002,0.0,0.0,0.0,0.85367,0.0
2025-02-03 12:00:00,1.1561700000000001,2.4058200000000003,0.0,0.0,1.2496500000000001,0.0,0.0,0.0,1.24965,0.0
2025-02-03 13:00:00,1.08824,2.2480599999999997,0.0,0.0,1.1598199999999996,0.0,0.0,0.0,1.15982,0.0
2025-02-03 14:00:00,1.1489500000000001,1.97849,0.0,0.0,0.8295399999999999,0.0,0.0,0.0,0.82954,0.0
2025-02-03 15:00:00,1.05757,2.2917899999999998,0.0,0.0,1.2342199999999999,0.0,0.0,0.0,1.23422,0.0
2025-02-03 16:00:00,1.50115,1.52755,0.0,0.0,0.02639999999999998,0.0,2.0605297,0.0,2.0869297,0.0
2025-02-03 17:00:00,1.87902,0.90075,0.0,0.0,0.0,0.9782699999999999,0.0,0.0,0.0,0.97827
2025-02-03 18:00:00,1.8493499999999998,0.0,0.0,0.0,0.0,1.8493499999999998,0.0,0.0,0.0,1.84935
2025-02-03 19:00:00,1.90462,0.0,0.0,0.0,0.0,1.90462,0.0,0.0,0.0,1.90462
2025-02-03 20:00:00,1.83771,0.0,0.6210580750000005,0.0,0.0,1.2166519249999994,0.0,0.0,0.0,1.83771
2025-02-03 21:00:00,1.23857,0.0,1.23857,0.0,0.0,0.0,0.0,0.0,0.0,1.23857
2025-02-03 22:00:00,1.28819,0.0,1.28819,0.0,0.0,0.0,1.28819,0.0,0.0,0.0
2025-02-03 23:00:00,1.21655,0.0,1.21655,0.0,0.0,0.0,1.21655,0.0,0.0,0.0
2025-02-04 00:00:00,1.2753599999999998,0.0,1.2753599999999998,0.0,0.0,0.0,1.27536,0.0,0.0,0.0
2025-02-04 01:00:00,1.29526,0.0,1.29526,0.0,0.0,0.0,1.29526,0.0,0.0,0.0
2025-02-04 02:00:00,1.1056199999999998,0.0,1.1056199999999998,0.0,0.0,0.0,1.10562,0.0,0.0,0.0
2025-02-04 03:00:00,1.19147,0.0,1.19147,0.0,0.0,0.0,1.19147,0.0,0.0,0.0
2025-02-04 04:00:00,1.14218,0.0,1.14218,0.0,0.0,0.0,1.14218,0.0,0.0,0.0
2025-02-04 05:00:00,1.29599,0.0,1.29599,0.0,0.0,0.0,1.29599,0.0,0.0,0.0
2025-02-04 06:00:00,1.5469000000000002,0.0,1.5469000000000002,0.0,0.0,0.0,1.5469,0.0,0.0,0.0
2025-02-04 07:00:00,1.6420299999999999,0.80351,0.8385199999999999,0.0,0.0,0.0,0.83852,0.0,0.0,0.0
2025-02-04 08:00:00,1.98999,1.43378,0.5562099999999999,0.0,0.0,0.0,0.55621,0.0,0.0,0.0
2025-02-04 09:00:00,1.60808,2.07286,0.0,0.0,0.46477999999999997,0.0,0.0,0.0,0.46478,0.0
2025-02-04 10:00:00,1.56339,2.14638,0.0,0.0,0.5829900000000001,0.0,0.0,0.0,0.58299,0.0
2025-02-04 11:00:00,1.04403,1.77865,0.0,0.0,0.73462,0.0,0.0,0.0,0.73462,0.0
2025-02-04 12:00:00,1.0991199999999999,2.04496,0.0,0.0,0.9458400000000002,0.0,0.0,0.0,0.94584,0.0
2025-02-04 13:00:00,1.17302,1.96971,0.0,0.0,0.7966900000000001,0.0,0.0,0.0,0.79669,0.0
2025-02-04 14:00:00,1.18903,2.56263,0.0,0.0,1.3736,0.0,0.0,0.0,1.3736,0.0
2025-02-04 15:00:00,1.05152,1.69844,0.0,0.0,0.6469199999999999,0.0,0.0,0.0,0.64692,0.0
2025-02-04 16:00:00,1.65428,1.51042,0.14385999999999988,0.0,0.0,0.0,3.4859989,0.0,3.3421389,0.0
2025-02-04 17:00:00,1.9558499999999999,0.77564,0.0,0.0,0.0,1.1802099999999998,0.0,0.0,0.0,1.18021
2025-02-04 18:00:00,1.8054400000000002,0.0,0.0,0.0,0.0,1.8054400000000002,0.0,0.0,0.0,1.80544
2025-02-04 19:00:00,1.9271099999999999,0.0,0.0,0.0,0.0,1.9271099999999999,0.0,0.0,0.0,1.92711
2025-02-04 20:00:00,1.9487999999999999,0.0,1.8568003999999985,0.0,0.0,0.09199960000000135,0.0,0.0,0.0,1.9488
2025-02-04 21:00:00,1.15948,0.0,1.15948,0.0,0.0,0.0,0.0,0.0,0.0,1.15948
2025-02-04 22:00:00,1.1428399999999999,0.0,1.1428399999999999,0.0,0.0,0.0,1.14284,0.0,0.0,0.0
2025-02-04 23:00:00,1.13486,0.0,1.13486,0.0,0.0,0.0,1.13486,0.0,0.0,0.0
2025-02-05 00:00:00,1.1921300000000001,0.0,1.1921300000000001,0.0,0.0,0.0,1.19213,0.0,0.0,0.0
2025-02-05 01:00:00,1.06046,0.0,1.06046,0.0,0.0,0.0,1.06046,0.0,0.0,0.0
2025-02-05 02:00:00,1.26642,0.0,1.26642,0.0,0.0,0.0,1.26642,0.0,0.0,0.0
2025-02-05 03:00:00,1.24353,0.0,1.24353,0.0,0.0,0.0,1.24353,0.0,0.0,0.0
2025-02-05 04:00:00,1.1048699999999998,0.0,1.1048699999999998,0.0,0.0,0.0,1.10487,0.0,0.0,0.0
2025-02-05 05:00:00,1.1735799999999998,0.0,1.1735799999999998,0.0,0.0,0.0,1.17358,0.0,0.0,0.0
2025-02-05 06:00:00,1.57051,0.0,1.57051,0.0,0.0,0.0,1.57051,0.0,0.0,0.0
2025-02-05 07:00:00,1.96095,0.76434,1.19661,0.0,0.0,0.0,1.19661,0.0,0.0,0.0
2025-02-05 08:00:00,1.60589,0.9334199999999999,0.6724700000000001,0.0,0.0,0.0,0.67247,0.0,0.0,0.0
2025-02-05 09:00:00,1.32852,1.83333,0.0,0.0,0.50481,0.0,0.0,0.0,0.50481,0.0
2025-02-05 10:00:00,1.35302,2.4428,0.0,0.0,1.0897800000000002,0.0,0.0,0.0,1.08978,0.0
2025-02-05 11:00:00,1.1548800000000001,1.7686300000000001,0.0,0.0,0.61375,0.0,0.0,0.0,0.61375,0.0
2025-02-05 12:00:00,1.12769,2.03499,0.0,0.0,0.9073,0.0,0.0,0.0,0.9073,0.0
2025-02-05 13:00:00,1.08948,2.39104,0.0,0.0,1.3015599999999998,0.0,0.0,0.0,1.30156,0.0
2025-02-05 14:00:00,1.03394,2.19627,0.0,0.0,1.16233,0.0,0.0,0.0,1.16233,0.0
2025-02-05 15:00:00,1.03071,2.0861799999999997,0.0,0.0,1.0554699999999997,0.0,0.0,0.0,1.05547,0.0
2025-02-05 16:00:00,1.43208,1.6188,0.0,0.0,0.18672,0.0,1.7421027,0.0,1.9288227,0.0
2025-02-05 17:00:00,1.81555,0.78974,0.0,0.0,0.0,1.0258099999999999,0.0,0.0,0.0,1.02581
2025-02-05 18:00:00,1.8433199999999998,0.0,0.0,0.0,0.0,1.8433199999999998,0.0,0.0,0.0,1.84332
2025-02-05 19:00:00,1.859,0.0,0.0,0.0,0.0,1.859,0.0,0.0,0.0,1.859
2025-02-05 20:00:00,1.91377,0.0,0.48529769999999983,0.0,0.0,1.4284723000000001,0.0,0.0,0.0,1.91377
2025-02-05 21:00:00,1.08695,0.0,1.0869499999999999,0.0,0.0,2.1094237467877973e-16,0.0,0.0,0.0,1.08695
2025-02-05 22:00:00,1.16629,0.0,1.16629,0.0,0.0,0.0,1.16629,0.0,0.0,0.0
2025-02-05 23:00:00,1.1865599999999998,0.0,1.1865599999999998,0.0,0.0,0.0,1.18656,0.0,0.0,0.0
2025-02-06 00:00:00,1.1830999999999998,0.0,1.1830999999999998,0.0,0.0,0.0,1.1831,0.0,0.0,0.0
2025-02-06 01:00:00,1.18706,0.0,1.18706,0.0,0.0,0.0,1.18706,0.0,0.0,0.0
2025-02-06 02:00:00,1.04052,0.0,1.04052,0.0,0.0,0.0,1.04052,0.0,0.0,0.0
2025-02-06 03:00:00,1.20806,0.0,1.20806,0.0,0.0,0.0,1.20806,0.0,0.0,0.0
2025-02-06 04:00:00,1.20243,0.0,1.20243,0.0,0.0,0.0,1.20243,0.0,0.0,0.0
2025-02-06 05:00:00,1.20478,0.0,1.20478,0.0,0.0,0.0,1.20478,0.0,0.0,0.0
2025-02-06 06:00:00,1.53704,0.0,1.53704,0.0,0.0,0.0,1.53704,0.0,0.0,0.0
2025-02-06 07:00:00,1.5433599999999998,0.8141799999999999,0.7291799999999999,0.0,0.0,0.0,0.72918,0.0,0.0,0.0
2025-02-06 08:00:00,1.87145,1.6099100000000002,0.2615399999999999,0.0,0.0,0.0,0.26154,0.0,0.0,0.0
2025-02-06 09:00:00,1.51832,2.0126500000000003,0.0,0.0,0.4943300000000004,0.0,0.0,0.0,0.49433,0.0
2025-02-06 10:00:00,1.4996800000000001,2.62825,0.0,0.0,1.1285699999999999,0.0,0.0,0.0,1.12857,0.0
2025-02-06 11:00:00,1.09836,2.33243,0.0,0.0,1.23407,0.0,0.0,0.0,1.23407,0.0
2025-02-06 12:00:00,1.1475,2.43891,0.0,0.0,1.29141,0.0,0.0,0.0,1.29141,0.0
2025-02-06 13:00:00,1.09632,2.04266,0.0,0.0,0.9463400000000002,0.0,0.0,0.0,0.94634,0.0
2025-02-06 14:00:00,1.09366,1.88235,0.0,0.0,0.7886899999999999,0.0,0.0,0.0,0.78869,0.0
2025-02-06 15:00:00,1.03618,2.11423,0.0,0.0,1.07805,0.0,0.0,0.0,1.07805,0.0
2025-02-06 16:00:00,1.30023,1.58975,0.0,0.0,0.28952,0.0,1.6587485,0.0,1.9482685,0.0
2025-02-06 17:00:00,1.94669,0.71957,0.0,0.0,0.0,1.22712,0.0,0.0,0.0,1.22712
2025-02-06 18:00:00,1.83086,0.0,0.0,0.0,0.0,1.83086,0.0,0.0,0.0,1.83086
2025-02-06 19:00:00,1.92533,0.0,0.0,0.0,0.0,1.92533,0.0,0.0,0.0,1.92533
2025-02-06 20:00:00,1.86525,0.0,0.3045505500000003,0.0,0.0,1.5606994499999998,0.0,0.0,0.0,1.86525
2025-02-06 21:00:00,1.19247,0.0,1.19247,0.0,0.0,0.0,0.0,0.0,0.0,1.19247
2025-02-06 22:00:00,1.12368,0.0,1.12368,0.0,0.0,0.0,1.12368,0.0,0.0,0.0
2025-02-06 23:00:00,1.2278900000000001,0.0,1.2278900000000001,0.0,0.0,0.0,1.22789,0.0,0.0,0.0
2025-02-07 00:00:00,1.0692000000000002,0.0,1.0692000000000002,0.0,0.0,0.0,1.0692,0.0,0.0,0.0
2025-02-07 01:00:00,1.27174,0.0,1.27174,0.0,0.0,0.0,1.27174,0.0,0.0,0.0
2025-02-07 02:00:00,1.1500599999999999,0.0,1.1500599999999999,0.0,0.0,0.0,1.15006,0.0,0.0,0.0
2025-02-07 03:00:00,1.2268299999999999,0.0,1.2268299999999999,0.0,0.0,0.0,1.22683,0.0,0.0,0.0
2025-02-07 04:00:00,1.25492,0.0,1.25492,0.0,0.0,0.0,1.25492,0.0,0.0,0.0
2025-02-07 05:00:00,1.2996500000000002,0.0,1.2996500000000002,0.0,0.0,0.0,1.29965,0.0,0.0,0.0
2025-02-07 06:00:00,1.6119700000000001,0.0,1.6119700000000001,0.0,0.0,0.0,1.61197,0.0,0.0,0.0
2025-02-07 07:00:00,1.63144,0.9154800000000001,0.7159599999999999,0.0,0.0,0.0,0.71596,0.0,0.0,0.0
2025-02-07 08:00:00,1.9951400000000001,1.5463399999999998,0.4488000000000003,0.0,0.0,0.0,0.4488,0.0,0.0,0.0
2025-02-07 09:00:00,1.64399,1.89174,0.0,0.0,0.24774999999999991,0.0,0.0,0.0,0.24775,0.0
2025-02-07 10:00:00,1.51142,2.2950399999999997,0.0,0.0,0.7836199999999998,0.0,0.0,0.0,0.78362,0.0
2025-02-07 11:00:00,1.08796,2.13584,0.0,0.0,1.04788,0.0,0.0,0.0,1.04788,0.0
2025-02-07 12:00:00,1.18122,2.08079,0.0,0.0,0.89957,0.0,0.0,0.0,0.89957,0.0
2025-02-07 13:00:00,1.06417,1.66663,0.0,0.0,0.60246,0.0,0.0,0.0,0.60246,0.0
2025-02-07 14:00:00,1.1011,2.22725,0.0,0.0,1.1261500000000002,0.0,0.0,0.0,1.12615,0.0
2025-02-07 15:00:00,1.14983,1.93599,0.0,0.0,0.7861600000000002,0.0,0.0,0.0,0.78616,0.0
2025-02-07 16:00:00,1.3508900000000001,1.5420999999999998,0.0,0.0,0.19120999999999966,0.0,2.9319202,0.0,3.1231302,0.0
2025-02-07 17:00:00,1.88926,0.8725499999999999,0.0,0.0,0.0,1.01671,0.0,0.0,0.0,1.01671
2025-02-07 18:00:00,1.9108,0.0,0.0,0.0,0.0,1.9108,0.0,0.0,0.0,1.9108
2025-02-07 19:00:00,1.8354000000000001,0.0,0.0,0.0,0.0,1.8354000000000001,0.0,0.0,0.0,1.8354
2025-02-07 20:00:00,1.93117,0.0,1.5635480000000013,0.0,0.0,0.3676219999999989,0.0,0.0,0.0,1.93117
2025-02-07 21:00:00,1.08251,0.0,1.08251,0.0,0.0,0.0,0.0,0.0,0.0,1.08251
2025-02-07 22:00:00,1.01948,0.0,1.01948,0.0,0.0,0.0,1.01948,0.0,0.0,0.0
2025-02-07 23:00:00,1.01648,0.0,1.01648,0.0,0.0,0.0,1.01648,0.0,0.0,0.0
2025-02-08 00:00:00,1.05707,0.0,1.05707,0.0,0.0,0.0,1.05707,0.0,0.0,0.0
2025-02-08 01:00:00,0.90587,0.0,0.90587,0.0,0.0,0.0,0.90587,0.0,0.0,0.0
2025-02-08 02:00:00,1.12917,0.0,1.12917,0.0,0.0,0.0,1.12917,0.0,0.0,0.0
2025-02-08 03:00:00,0.94196,0.0,0.94196,0.0,0.0,0.0,0.94196,0.0,0.0,0.0
2025-02-08 04:00:00,1.0637699999999999,0.0,1.0637699999999999,0.0,0.0,0.0,1.06377,0.0,0.0,0.0
2025-02-08 05:00:00,1.02007,0.0,1.02007,0.0,0.0,0.0,1.02007,0.0,0.0,0.0
2025-02-08 06:00:00,1.54928,0.0,1.54928,0.0,0.0,0.0,1.54928,0.0,0.0,0.0
2025-02-08 07:00:00,1.7518699999999998,0.5401900000000001,1.2116799999999999,0.0,0.0,0.0,1.21168,0.0,0.0,0.0
2025-02-08 08:00:00,1.75676,1.3833499999999999,0.37341000000000024,0.0,0.0,0.0,0.37341,0.0,0.0,0.0
2025-02-08 09:00:00,1.243,2.12616,0.0,0.0,0.88316,0.0,0.0,0.0,0.88316,0.0
2025-02-08 10:00:00,1.3857899999999999,2.39684,0.0,0.0,1.0110500000000002,0.0,0.0,0.0,1.01105,0.0
2025-02-08 11:00:00,0.95405,2.05671,0.0,0.0,1.1026599999999998,0.0,0.0,0.0,1.10266,0.0
2025-02-08 12:00:00,0.94039,1.56921,0.0,0.0,0.62882,0.0,0.0,0.0,0.62882,0.0
2025-02-08 13:00:00,1.02805,1.63042,0.0,0.0,0.6023700000000001,0.0,0.0,0.0,0.60237,0.0
2025-02-08 14:00:00,1.01592,2.11492,0.0,0.0,1.0990000000000002,0.0,0.0,0.0,1.099,0.0
2025-02-08 15:00:00,1.0458900000000002,1.68106,0.0,0.0,0.6351699999999998,0.0,0.0,0.0,0.63517,0.0
2025-02-08 16:00:00,1.34101,1.41519,0.0,0.0,0.07417999999999991,0.0,1.8298282,0.0,1.9040082,0.0
2025-02-08 17:00:00,1.62766,0.8167300000000001,0.0,0.0,0.0,0.81093,0.0,0.0,0.0,0.81093
2025-02-08 18:00:00,1.69451,0.0,0.0,0.0,0.0,1.69451,0.0,0.0,0.0,1.69451
2025-02-08 19:00:00,1.7866199999999999,0.0,0.0,0.0,0.0,1.7866199999999999,0.0,0.0,0.0,1.78662
2025-02-08 20:00:00,1.65624,0.0,0.5004399750000008,0.0,0.0,1.1558000249999991,0.0,0.0,0.0,1.65624
2025-02-08 21:00:00,1.1509800000000001,0.0,1.1509800000000001,0.0,0.0,0.0,0.0,0.0,0.0,1.15098
2025-02-08 22:00:00,0.9048200000000001,0.0,0.9048200000000001,0.0,0.0,0.0,0.90482,0.0,0.0,0.0
2025-02-08 23:00:00,1.14974,0.0,1.14974,0.0,0.0,0.0,1.14974,0.0,0.0,0.0
2025-02-09 00:00:00,1.15702,0.0,1.15702,0.0,0.0,0.0,1.15702,0.0,0.0,0.0
2025-02-09 01:00:00,0.90325,0.0,0.90325,0.0,0.0,0.0,0.90325,0.0,0.0,0.0
2025-02-09 02:00:00,1.10602,0.0,1.10602,0.0,0.0,0.0,1.10602,0.0,0.0,0.0
2025-02-09 03:00:00,1.16195,0.0,1.16195,0.0,0.0,0.0,1.16195,0.0,0.0,0.0
2025-02-09 04:00:00,1.14459,0.0,1.14459,0.0,0.0,0.0,1.14459,0.0,0.0,0.0
2025-02-09 05:00:00,1.1620899999999998,0.0,1.1620899999999998,0.0,0.0,0.0,1.16209,0.0,0.0,0.0
2025-02-09 06:00:00,1.59765,0.0,1.59765,0.0,0.0,0.0,1.59765,0.0,0.0,0.0
2025-02-09 07:00:00,1.62622,0.80983,0.81639,0.0,0.0,0.0,0.81639,0.0,0.0,0.0
2025-02-09 08:00:00,1.60733,1.44981,0.15751999999999988,0.0,0.0,0.0,0.15752,0.0,0.0,0.0
2025-02-09 09:00:00,1.19701,2.1820399999999998,0.0,0.0,0.9850299999999999,0.0,0.0,0.0,0.98503,0.0
2025-02-09 10:00:00,1.34009,2.2998499999999997,0.0,0.0,0.9597599999999997,0.0,0.0,0.0,0.95976,0.0
2025-02-09 11:00:00,1.0745,1.7465899999999999,0.0,0.0,0.6720899999999999,0.0,0.0,0.0,0.67209,0.0
2025-02-09 12:00:00,0.93147,1.78802,0.0,0.0,0.8565499999999999,0.0,0.0,0.0,0.85655,0.0
2025-02-09 13:00:00,1.06966,2.25933,0.0,0.0,1.1896699999999998,0.0,0.0,0.0,1.18967,0.0
2025-02-09 14:00:00,1.05472,1.72711,0.0,0.0,0.6723899999999998,0.0,0.0,0.0,0.67239,0.0
2025-02-09 15:00:00,0.94351,1.62022,0.0,0.0,0.67671,0.0,0.0,0.0,0.67671,0.0
2025-02-09 16:00:00,1.26284,1.6624400000000001,0.0,0.0,0.3996000000000002,0.0,1.320477,0.0,1.720077,0.0
2025-02-09 17:00:00,1.6471099999999999,0.76734,0.0,0.0,0.0,0.8797699999999998,0.0,0.0,0.0,0.87977
2025-02-09 18:00:00,1.6811500000000001,0.0,0.0,0.0,0.0,1.6811500000000001,0.0,0.0,0.0,1.68115
2025-02-09 19:00:00,1.7556800000000001,0.0,0.0,0.0,0.0,1.7556800000000001,0.0,0.0,0.0,1.75568
2025-02-09 20:00:00,1.67132,0.0,0.2012705000000008,0.0,0.0,1.4700494999999991,0.0,0.0,0.0,1.67132
2025-02-09 21:00:00,0.99046,0.0,0.99046,0.0,0.0,0.0,0.0,0.0,0.0,0.99046
2025-02-09 22:00:00,1.12834,0.0,1.12834,0.0,0.0,0.0,1.12834,0.0,0.0,0.0
2025-02-09 23:00:00,1.0404200000000001,0.0,1.0404200000000001,0.0,0.0,0.0,1.04042,0.0,0.0,0.0
2025-02-10 00:00:00,1.25282,0.0,1.25282,0.0,0.0,0.0,1.25282,0.0,0.0,0.0
2025-02-10 01:00:00,1.13392,0.0,1.13392,0.0,0.0,0.0,1.13392,0.0,0.0,0.0
2025-02-10 02:00:00,1.2858900000000002,0.0,1.2858900000000002,0.0,0.0,0.0,1.28589,0.0,0.0,0.0
2025-02-10 03:00:00,1.19524,0.0,1.19524,0.0,0.0,0.0,1.19524,0.0,0.0,0.0
2025-02-10 04:00:00,1.03477,0.0,1.03477,0.0,0.0,0.0,1.03477,0.0,0.0,0.0
2025-02-10 05:00:00,1.26553,0.0,1.26553,0.0,0.0,0.0,1.26553,0.0,0.0,0.0
2025-02-10 06:00:00,1.7446300000000001,0.0,1.7446300000000001,0.0,0.0,0.0,1.74463,0.0,0.0,0.0
2025-02-10 07:00:00,1.84377,0.58969,1.2540799999999999,0.0,0.0,0.0,1.25408,0.0,0.0,0.0
2025-02-10 08:00:00,1.56989,1.4714500000000001,0.09843999999999986,0.0,0.0,0.0,0.09844,0.0,0.0,0.0
2025-02-10 09:00:00,1.50875,1.8144200000000001,0.0,0.0,0.3056700000000001,0.0,0.0,0.0,0.30567,0.0
2025-02-10 10:00:00,1.54575,2.48071,0.0,0.0,0.9349600000000002,0.0,0.0,0.0,0.93496,0.0
2025-02-10 11:00:00,1.02173,2.0886,0.0,0.0,1.06687,0.0,0.0,0.0,1.06687,0.0
2025-02-10 12:00:00,1.09131,2.37936,0.0,0.0,1.2880500000000001,0.0,0.0,0.0,1.28805,0.0
2025-02-10 13:00:00,1.07557,1.99036,0.0,0.0,0.91479,0.0,0.0,0.0,0.91479,0.0
2025-02-10 14:00:00,1.00437,1.60772,0.0,0.0,0.60335,0.0,0.0,0.0,0.60335,0.0
2025-02-10 15:00:00,1.08426,1.63697,0.0,0.0,0.55271,0.0,0.0,0.0,0.55271,0.0
2025-02-10 16:00:00,1.67696,1.33447,0.34248999999999996,0.0,0.0,0.0,3.3886551,0.0,3.0461651,0.0
2025-02-10 17:00:00,1.95277,0.87771,0.0,0.0,0.0,1.07506,0.0,0.0,0.0,1.07506
2025-02-10 18:00:00,1.9264700000000001,0.0,0.0,0.0,0.0,1.9264700000000001,0.0,0.0,0.0,1.92647
2025-02-10 19:00:00,1.80847,0.0,0.0,0.0,0.0,1.80847,0.0,0.0,0.0,1.80847
2025-02-10 20:00:00,1.88899,0.0,1.5850639999999996,0.0,0.0,0.3039260000000003,0.0,0.0,0.0,1.88899
2025-02-10 21:00:00,1.1641,0.0,1.1641,0.0,0.0,0.0,0.0,0.0,0.0,1.1641
2025-02-10 22:00:00,1.04402,0.0,1.04402,0.0,0.0,0.0,1.04402,0.0,0.0,0.0
2025-02-10 23:00:00,1.1008900000000001,0.0,1.1008900000000001,0.0,0.0,0.0,1.10089,0.0,0.0,0.0
2025-02-11 00:00:00,1.29629,0.0,1.29629,0.0,0.0,0.0,1.29629,0.0,0.0,0.0
2025-02-11 01:00:00,1.00487,0.0,1.00487,0.0,0.0,0.0,1.00487,0.0,0.0,0.0
2025-02-11 02:00:00,1.13575,0.0,1.13575,0.0,0.0,0.0,1.13575,0.0,0.0,0.0
2025-02-11 03:00:00,1.2528,0.0,1.2528,0.0,0.0,0.0,1.2528,0.0,0.0,0.0
2025-02-11 04:00:00,1.09717,0.0,1.09717,0.0,0.0,0.0,1.09717,0.0,0.0,0.0
2025-02-11 05:00:00,1.14394,0.0,1.14394,0.0,0.0,0.0,1.14394,0.0,0.0,0.0
2025-02-11 06:00:00,1.98902,0.0,1.98902,0.0,0.0,0.0,1.98902,0.0,0.0,0.0
2025-02-11 07:00:00,1.52586,0.78206,0.7438,0.0,0.0,0.0,0.7438,0.0,0.0,0.0
2025-02-11 08:00:00,1.75203,1.1863800000000002,0.5656499999999998,0.0,0.0,0.0,0.56565,0.0,0.0,0.0
2025-02-11 09:00:00,1.67204,2.23701,0.0,0.0,0.5649700000000002,0.0,0.0,0.0,0.56497,0.0
2025-02-11 10:00:00,1.40353,2.59175,0.0,0.0,1.1882200000000003,0.0,0.0,0.0,1.18822,0.0
2025-02-11 11:00:00,1.08965,1.80965,0.0,0.0,0.72,0.0,0.0,0.0,0.72,0.0
2025-02-11 12:00:00,1.07798,1.71644,0.0,0.0,0.63846,0.0,0.0,0.0,0.63846,0.0
2025-02-11 13:00:00,1.0372999999999999,2.048,0.0,0.0,1.0107000000000002,0.0,0.0,0.0,1.0107,0.0
2025-02-11 14:00:00,1.0783699999999998,1.70952,0.0,0.0,0.6311500000000001,0.0,0.0,0.0,0.63115,0.0
2025-02-11 15:00:00,1.03626,1.92167,0.0,0.0,0.88541,0.0,0.0,0.0,0.88541,0.0
2025-02-11 16:00:00,1.4420899999999999,1.57225,0.0,0.0,0.13016000000000005,0.0,2.8101544,0.0,2.9403144,0.0
2025-02-11 17:00:00,1.8933,0.8896499999999999,0.0,0.0,0.0,1.00365,0.0,0.0,0.0,1.00365
2025-02-11 18:00:00,1.91439,0.0,0.0,0.0,0.0,1.91439,0.0,0.0,0.0,1.91439
2025-02-11 19:00:00,1.86853,0.0,0.0,0.0,0.0,1.86853,0.0,0.0,0.0,1.86853
2025-02-11 20:00:00,1.8077999999999999,0.0,1.3877843249999995,0.0,0.0,0.4200156750000003,0.0,0.0,0.0,1.8078
2025-02-11 21:00:00,1.1483800000000002,0.0,1.1483800000000002,0.0,0.0,0.0,0.0,0.0,0.0,1.14838
2025-02-11 22:00:00,1.03718,0.0,1.03718,0.0,0.0,0.0,1.03718,0.0,0.0,0.0
2025-02-11 23:00:00,1.07154,0.0,1.07154,0.0,0.0,0.0,1.07154,0.0,0.0,0.0
2025-02-12 00:00:00,1.2241300000000002,0.0,1.2241300000000002,0.0,0.0,0.0,1.22413,0.0,0.0,0.0
2025-02-12 01:00:00,1.03923,0.0,1.03923,0.0,0.0,0.0,1.03923,0.0,0.0,0.0
2025-02-12 02:00:00,1.2420799999999999,0.0,1.2420799999999999,0.0,0.0,0.0,1.24208,0.0,0.0,0.0
2025-02-12 03:00:00,1.28107,0.0,1.28107,0.0,0.0,0.0,1.28107,0.0,0.0,0.0
2025-02-12 04:00:00,1.1819600000000001,0.0,1.1819600000000001,0.0,0.0,0.0,1.18196,0.0,0.0,0.0
2025-02-12 05:00:00,1.21311,0.0,1.21311,0.0,0.0,0.0,1.21311,0.0,0.0,0.0
2025-02-12 06:00:00,1.85679,0.0,1.85679,0.0,0.0,0.0,1.85679,0.0,0.0,0.0
2025-02-12 07:00:00,1.5814300000000001,0.8311000000000001,0.75033,0.0,0.0,0.0,0.75033,0.0,0.0,0.0
2025-02-12 08:00:00,1.58896,1.33804,0.25092000000000003,0.0,0.0,0.0,0.25092,0.0,0.0,0.0
2025-02-12 09:00:00,1.6710699999999998,1.8177999999999999,0.0,0.0,0.14673000000000003,0.0,0.0,0.0,0.14673,0.0
2025-02-12 10:00:00,1.3433,2.27941,0.0,0.0,0.93611,0.0,0.0,0.0,0.93611,0.0
2025-02-12 11:00:00,1.00656,1.99901,0.0,0.0,0.99245,0.0,0.0,0.0,0.99245,0.0
2025-02-12 12:00:00,1.07572,2.05116,0.0,0.0,0.9754399999999999,0.0,0.0,0.0,0.97544,0.0
2025-02-12 13:00:00,1.06558,1.7473800000000002,0.0,0.0,0.6818000000000002,0.0,0.0,0.0,0.6818,0.0
2025-02-12 14:00:00,1.0404200000000001,2.14627,0.0,0.0,1.1058499999999998,0.0,0.0,0.0,1.10585,0.0
2025-02-12 15:00:00,1.18571,2.37235,0.0,0.0,1.18664,0.0,0.0,0.0,1.18664,0.0
2025-02-12 16:00:00,1.42583,1.58825,0.0,0.0,0.16242,0.0,2.7599284,0.0,2.9223484,0.0
2025-02-12 17:00:00,1.96885,0.81296,0.0,0.0,0.0,1.1558899999999999,0.0,0.0,0.0,1.15589
2025-02-12 18:00:00,1.9533800000000001,0.0,0.0,0.0,0.0,1.9533800000000001,0.0,0.0,0.0,1.95338
2025-02-12 19:00:00,1.98585,0.0,0.0,0.0,0.0,1.98585,0.0,0.0,0.0,1.98585
2025-02-12 20:00:00,1.81887,0.0,1.3298254,0.0,0.0,0.48904459999999994,0.0,0.0,0.0,1.81887
2025-02-12 21:00:00,1.2982799999999999,0.0,1.2982799999999999,0.0,0.0,0.0,0.13727,0.0,0.0,1.16101
2025-02-12 22:00:00,1.23103,0.0,1.23103,0.0,0.0,0.0,1.23103,0.0,0.0,0.0
2025-02-12 23:00:00,1.0279800000000001,0.0,1.0279800000000001,0.0,0.0,0.0,1.02798,0.0,0.0,0.0
2025-02-13 00:00:00,1.1968699999999999,0.0,1.1968699999999999,0.0,0.0,0.0,1.19687,0.0,0.0,0.0
2025-02-13 01:00:00,1.01025,0.0,1.01025,0.0,0.0,0.0,1.01025,0.0,0.0,0.0
2025-02-13 02:00:00,1.23106,0.0,1.23106,0.0,0.0,0.0,1.23106,0.0,0.0,0.0
2025-02-13 03:00:00,1.23977,0.0,1.23977,0.0,0.0,0.0,1.23977,0.0,0.0,0.0
2025-02-13 04:00:00,1.18072,0.0,1.18072,0.0,0.0,0.0,1.18072,0.0,0.0,0.0
2025-02-13 05:00:00,1.2570599999999998,0.0,1.2570599999999998,0.0,0.0,0.0,1.25706,0.0,0.0,0.0
2025-02-13 06:00:00,1.54894,0.0,1.54894,0.0,0.0,0.0,1.54894,0.0,0.0,0.0
2025-02-13 07:00:00,1.52123,0.78195,0.73928,0.0,0.0,0.0,0.73928,0.0,0.0,0.0
2025-02-13 08:00:00,1.69637,1.62648,0.06989000000000001,0.0,0.0,0.0,0.06989,0.0,0.0,0.0
2025-02-13 09:00:00,1.4081400000000002,1.99169,0.0,0.0,0.5835499999999998,0.0,0.0,0.0,0.58355,0.0
2025-02-13 10:00:00,1.43112,2.3561199999999998,0.0,0.0,0.9249999999999998,0.0,0.0,0.0,0.925,0.0
2025-02-13 11:00:00,1.0514700000000001,2.12112,0.0,0.0,1.0696499999999998,0.0,0.0,0.0,1.06965,0.0
2025-02-13 12:00:00,1.0703900000000002,1.70378,0.0,0.0,0.6333899999999999,0.0,0.0,0.0,0.63339,0.0
2025-02-13 13:00:00,1.16478,1.8480699999999999,0.0,0.0,0.68329,0.0,0.0,0.0,0.68329,0.0
2025-02-13 14:00:00,1.15694,2.4865999999999997,0.0,0.0,1.3296599999999996,0.0,0.0,0.0,1.32966,0.0
2025-02-13 15:00:00,1.0284200000000001,1.82884,0.0,0.0,0.8004199999999999,0.0,0.0,0.0,0.80042,0.0
2025-02-13 16:00:00,1.62729,1.4211500000000001,0.20613999999999977,0.0,0.0,0.0,3.1285484,0.0,2.9224084,0.0
2025-02-13 17:00:00,1.9859200000000001,0.71677,0.0,0.0,0.0,1.2691500000000002,0.0,0.0,0.0,1.26915
2025-02-13 18:00:00,1.94421,0.0,0.0,0.0,0.0,1.94421,0.0,0.0,0.0,1.94421
2025-02-13 19:00:00,1.9631800000000001,0.0,0.0,0.0,0.0,1.9631800000000001,0.0,0.0,0.0,1.96318
2025-02-13 20:00:00,1.81351,0.0,1.5525236000000013,0.0,0.0,0.26098639999999856,0.0,0.0,0.0,1.81351
2025-02-13 21:00:00,1.15367,0.0,1.15367,0.0,0.0,0.0,0.06872,0.0,0.0,1.08495
2025-02-13 22:00:00,1.07757,0.0,1.07757,0.0,0.0,0.0,1.07757,0.0,0.0,0.0
2025-02-13 23:00:00,1.1988800000000002,0.0,1.1988800000000002,0.0,0.0,0.0,1.19888,0.0,0.0,0.0
2025-02-14 00:00:00,1.0355999999999999,0.0,1.0355999999999999,0.0,0.0,0.0,1.0356,0.0,0.0,0.0
2025-02-14 01:00:00,1.2811199999999998,0.0,1.2811199999999998,0.0,0.0,0.0,1.28112,0.0,0.0,0.0
2025-02-14 02:00:00,1.26842,0.0,1.26842,0.0,0.0,0.0,1.26842,0.0,0.0,0.0
2025-02-14 03:00:00,1.05579,0.0,1.05579,0.0,0.0,0.0,1.05579,0.0,0.0,0.0
2025-02-14 04:00:00,1.09698,0.0,1.09698,0.0,0.0,0.0,1.09698,0.0,0.0,0.0
2025-02-14 05:00:00,1.17629,0.0,1.17629,0.0,0.0,0.0,1.17629,0.0,0.0,0.0
2025-02-14 06:00:00,1.85903,0.0,1.85903,0.0,0.0,0.0,1.85903,0.0,0.0,0.0
2025-02-14 07:00:00,1.55208,0.8168099999999999,0.73527,0.0,0.0,0.0,0.73527,0.0,0.0,0.0
2025-02-14 08:00:00,1.93627,1.64079,0.29547999999999996,0.0,0.0,0.0,0.29548,0.0,0.0,0.0
2025-02-14 09:00:00,1.3351,2.17084,0.0,0.0,0.8357400000000001,0.0,0.0,0.0,0.83574,0.0
2025-02-14 10:00:00,1.679,2.32275,0.0,0.0,0.64375,0.0,0.0,0.0,0.64375,0.0
2025-02-14 11:00:00,1.09049,1.8654600000000001,0.0,0.0,0.7749700000000002,0.0,0.0,0.0,0.77497,0.0
2025-02-14 12:00:00,1.17968,2.17298,0.0,0.0,0.9932999999999998,0.0,0.0,0.0,0.9933,0.0
2025-02-14 13:00:00,1.01343,1.99038,0.0,0.0,0.97695,0.0,0.0,0.0,0.97695,0.0
2025-02-14 14:00:00,1.0677999999999999,2.3159899999999998,0.0,0.0,1.24819,0.0,0.0,0.0,1.24819,0.0
2025-02-14 15:00:00,1.18997,2.02356,0.0,0.0,0.8335899999999998,0.0,0.0,0.0,0.83359,0.0
2025-02-14 16:00:00,1.35459,1.4561099999999998,0.0,0.0,0.10151999999999983,0.0,2.3638681,0.0,2.4653881,0.0
2025-02-14 17:00:00,1.90743,0.7444500000000001,0.0,0.0,0.0,1.16298,0.0,0.0,0.0,1.16298
2025-02-14 18:00:00,1.87378,0.0,0.0,0.0,0.0,1.87378,0.0,0.0,0.0,1.87378
2025-02-14 19:00:00,1.83939,0.0,0.0,0.0,0.0,1.83939,0.0,0.0,0.0,1.83939
2025-02-14 20:00:00,1.8523800000000001,0.0,0.9453009750000018,0.0,0.0,0.9070790249999984,0.0,0.0,0.0,1.85238
2025-02-14 21:00:00,1.1880899999999999,0.0,1.1880899999999999,0.0,0.0,0.0,0.0,0.0,0.0,1.18809
2025-02-14 22:00:00,1.11645,0.0,1.11645,0.0,0.0,0.0,1.11645,0.0,0.0,0.0
2025-02-14 23:00:00,1.1036199999999998,0.0,1.1036199999999998,0.0,0.0,0.0,1.10362,0.0,0.0,0.0
2025-02-15 00:00:00,1.0441500000000001,0.0,1.0441500000000001,0.0,0.0,0.0,1.04415,0.0,0.0,0.0
2025-02-15 01:00:00,1.1084,0.0,1.1084,0.0,0.0,0.0,1.1084,0.0,0.0,0.0
2025-02-15 02:00:00,1.00229,0.0,1.00229,0.0,0.0,0.0,1.00229,0.0,0.0,0.0
2025-02-15 03:00:00,1.0586300000000002,0.0,1.0586300000000002,0.0,0.0,0.0,1.05863,0.0,0.0,0.0
2025-02-15 04:00:00,1.1608699999999998,0.0,1.1608699999999998,0.0,0.0,0.0,1.16087,0.0,0.0,0.0
2025-02-15 05:00:00,1.0409300000000001,0.0,1.0409300000000001,0.0,0.0,0.0,1.04093,0.0,0.0,0.0
2025-02-15 06:00:00,1.7594100000000001,0.0,1.7594100000000001,0.0,0.0,0.0,1.75941,0.0,0.0,0.0
2025-02-15 07:00:00,1.5430899999999999,0.91423,0.6288599999999999,0.0,0.0,0.0,0.62886,0.0,0.0,0.0
2025-02-15 08:00:00,1.55627,1.30167,0.25459999999999994,0.0,0.0,0.0,0.2546,0.0,0.0,0.0
2025-02-15 09:00:00,1.21556,2.02845,0.0,0.0,0.8128899999999999,0.0,0.0,0.0,0.81289,0.0
2025-02-15 10:00:00,1.4304400000000002,2.46878,0.0,0.0,1.03834,0.0,0.0,0.0,1.03834,0.0
2025-02-15 11:00:00,1.01024,2.16935,0.0,0.0,1.15911,0.0,0.0,0.0,1.15911,0.0
2025-02-15 12:00:00,1.05643,1.60303,0.0,0.0,0.5466,0.0,0.0,0.0,0.5466,0.0
2025-02-15 13:00:00,0.9389299999999999,1.7732999999999999,0.0,0.0,0.83437,0.0,0.0,0.0,0.83437,0.0
2025-02-15 14:00:00,0.97564,1.89643,0.0,0.0,0.9207900000000001,0.0,0.0,0.0,0.92079,0.0
2025-02-15 15:00:00,1.02668,1.61613,0.0,0.0,0.58945,0.0,0.0,0.0,0.58945,0.0
2025-02-15 16:00:00,1.48969,1.39994,0.08975,0.0,0.0,0.0,1.755236,0.0,1.665486,0.0
2025-02-15 17:00:00,1.67262,0.8631599999999999,0.0,0.0,0.0,0.8094600000000001,0.0,0.0,0.0,0.80946
2025-02-15 18:00:00,1.7298900000000001,0.0,0.0,0.0,0.0,1.7298900000000001,0.0,0.0,0.0,1.72989
2025-02-15 19:00:00,1.6271099999999998,0.0,0.0,0.0,0.0,1.6271099999999998,0.0,0.0,0.0,1.62711
2025-02-15 20:00:00,1.75113,0.0,0.5914411250000011,0.0,0.0,1.159688874999999,0.0,0.0,0.0,1.75113
2025-02-15 21:00:00,0.9116599999999999,0.0,0.9116599999999999,0.0,0.0,0.0,0.0,0.0,0.0,0.91166
2025-02-15 22:00:00,0.90131,0.0,0.90131,0.0,0.0,0.0,0.90131,0.0,0.0,0.0
2025-02-15 23:00:00,1.09696,0.0,1.09696,0.0,0.0,0.0,1.09696,0.0,0.0,0.0
2025-02-16 00:00:00,1.1562000000000001,0.0,1.1562000000000001,0.0,0.0,0.0,1.1562,0.0,0.0,0.0
2025-02-16 01:00:00,1.10426,0.0,1.10426,0.0,0.0,0.0,1.10426,0.0,0.0,0.0
2025-02-16 02:00:00,1.02734,0.0,1.02734,0.0,0.0,0.0,1.02734,0.0,0.0,0.0
2025-02-16 03:00:00,1.03123,0.0,1.03123,0.0,0.0,0.0,1.03123,0.0,0.0,0.0
2025-02-16 04:00:00,1.01776,0.0,1.01776,0.0,0.0,0.0,1.01776,0.0,0.0,0.0
2025-02-16 05:00:00,0.98765,0.0,0.98765,0.0,0.0,0.0,0.98765,0.0,0.0,0.0
2025-02-16 06:00:00,1.58477,0.0,1.58477,0.0,0.0,0.0,1.58477,0.0,0.0,0.0
2025-02-16 07:00:00,1.75415,0.74778,1.00637,0.0,0.0,0.0,1.00637,0.0,0.0,0.0
2025-02-16 08:00:00,1.52311,1.12676,0.39635,0.0,0.0,0.0,0.39635,0.0,0.0,0.0
2025-02-16 09:00:00,1.27349,1.9845899999999999,0.0,0.0,0.7110999999999998,0.0,0.0,0.0,0.7111,0.0
2025-02-16 10:00:00,1.3486600000000002,2.15071,0.0,0.0,0.8020499999999999,0.0,0.0,0.0,0.80205,0.0
2025-02-16 11:00:00,0.91206,1.4576900000000002,0.0,0.0,0.5456300000000002,0.0,0.0,0.0,0.54563,0.0
2025-02-16 12:00:00,0.94729,1.69885,0.0,0.0,0.75156,0.0,0.0,0.0,0.75156,0.0
2025-02-16 13:00:00,0.9356599999999999,2.03634,0.0,0.0,1.10068,0.0,0.0,0.0,1.10068,0.0
2025-02-16 14:00:00,1.00448,1.9258199999999999,0.0,0.0,0.9213399999999998,0.0,0.0,0.0,0.92134,0.0
2025-02-16 15:00:00,0.9249400000000001,1.9915,0.0,0.0,1.06656,0.0,0.0,0.0,1.06656,0.0
2025-02-16 16:00:00,1.48257,1.5225899999999999,0.0,0.0,0.040019999999999945,0.0,2.2895919,0.0,2.3296119,0.0
2025-02-16 17:00:00,1.63245,0.49001999999999996,0.0,0.0,0.0,1.14243,0.0,0.0,0.0,1.14243
2025-02-16 18:00:00,1.75102,0.0,0.0,0.0,0.0,1.75102,0.0,0.0,0.0,1.75102
2025-02-16 19:00:00,1.63195,0.0,0.0,0.0,0.0,1.63195,0.0,0.0,0.0,1.63195
2025-02-16 20:00:00,1.77526,0.0,0.9407666499999995,0.0,0.0,0.8344933500000006,0.0,0.0,0.0,1.77526
2025-02-16 21:00:00,1.1255899999999999,0.0,1.1255899999999999,0.0,0.0,0.0,0.0,0.0,0.0,1.12559
2025-02-16 22:00:00,0.92401,0.0,0.92401,0.0,0.0,0.0,0.92401,0.0,0.0,0.0
2025-02-16 23:00:00,0.9064099999999999,0.0,0.9064099999999999,0.0,0.0,0.0,0.90641,0.0,0.0,0.0
2025-02-17 00:00:00,1.01689,0.0,1.01689,0.0,0.0,0.0,1.01689,0.0,0.0,0.0
2025-02-17 01:00:00,1.25609,0.0,1.25609,0.0,0.0,0.0,1.25609,0.0,0.0,0.0
2025-02-17 02:00:00,1.07041,0.0,1.07041,0.0,0.0,0.0,1.07041,0.0,0.0,0.0
2025-02-17 03:00:00,1.16448,0.0,1.16448,0.0,0.0,0.0,1.16448,0.0,0.0,0.0
2025-02-17 04:00:00,1.12787,0.0,1.12787,0.0,0.0,0.0,1.12787,0.0,0.0,0.0
2025-02-17 05:00:00,1.23866,0.0,1.23866,0.0,0.0,0.0,1.23866,0.0,0.0,0.0
2025-02-17 06:00:00,1.74445,0.0,1.74445,0.0,0.0,0.0,1.74445,0.0,0.0,0.0
2025-02-17 07:00:00,1.57506,0.74283,0.8322299999999999,0.0,0.0,0.0,0.83223,0.0,0.0,0.0
2025-02-17 08:00:00,1.73882,1.55507,0.18375000000000008,0.0,0.0,0.0,0.18375,0.0,0.0,0.0
2025-02-17 09:00:00,1.57409,1.98836,0.0,0.0,0.4142699999999999,0.0,0.0,0.0,0.41427,0.0
2025-02-17 10:00:00,1.44663,2.37985,0.0,0.0,0.9332199999999997,0.0,0.0,0.0,0.93322,0.0
2025-02-17 11:00:00,1.0653800000000002,2.19794,0.0,0.0,1.1325599999999998,0.0,0.0,0.0,1.13256,0.0
2025-02-17 12:00:00,1.07301,1.96057,0.0,0.0,0.8875599999999999,0.0,0.0,0.0,0.88756,0.0
2025-02-17 13:00:00,1.12042,2.2961199999999997,0.0,0.0,1.1756999999999997,0.0,0.0,0.0,1.1757,0.0
2025-02-17 14:00:00,1.16953,1.7689000000000001,0.0,0.0,0.5993700000000002,0.0,0.0,0.0,0.59937,0.0
2025-02-17 15:00:00,1.00172,1.5791099999999998,0.0,0.0,0.5773899999999998,0.0,0.0,0.0,0.57739,0.0
2025-02-17 16:00:00,1.6948699999999999,1.45673,0.2381399999999998,0.0,0.0,0.0,3.0730617,0.0,2.8349217,0.0
2025-02-17 17:00:00,1.8143699999999998,0.87195,0.0,0.0,0.0,0.9424199999999998,0.0,0.0,0.0,0.94242
2025-02-17 18:00:00,1.87184,0.0,0.0,0.0,0.0,1.87184,0.0,0.0,0.0,1.87184
2025-02-17 19:00:00,1.99825,0.0,0.0,0.0,0.0,1.99825,0.0,0.0,0.0,1.99825
2025-02-17 20:00:00,1.85152,0.0,1.5016668250000018,0.0,0.0,0.34985317499999813,0.0,0.0,0.0,1.85152
2025-02-17 21:00:00,1.0568499999999998,0.0,1.0568499999999998,0.0,0.0,0.0,0.0,0.0,0.0,1.05685
2025-02-17 22:00:00,1.03718,0.0,1.03718,0.0,0.0,0.0,1.03718,0.0,0.0,0.0
2025-02-17 23:00:00,1.16658,0.0,1.16658,0.0,0.0,0.0,1.16658,0.0,0.0,0.0
2025-02-18 00:00:00,1.17893,0.0,1.17893,0.0,0.0,0.0,1.17893,0.0,0.0,0.0
2025-02-18 01:00:00,1.2376800000000001,0.0,1.2376800000000001,0.0,0.0,0.0,1.23768,0.0,0.0,0.0
2025-02-18 02:00:00,1.2259200000000001,0.0,1.2259200000000001,0.0,0.0,0.0,1.22592,0.0,0.0,0.0
2025-02-18 03:00:00,1.26776,0.0,1.26776,0.0,0.0,0.0,1.26776,0.0,0.0,0.0
2025-02-18 04:00:00,1.24173,0.0,1.24173,0.0,0.0,0.0,1.24173,0.0,0.0,0.0
2025-02-18 05:00:00,1.0741800000000001,0.0,1.0741800000000001,0.0,0.0,0.0,1.07418,0.0,0.0,0.0
2025-02-18 06:00:00,1.77794,0.0,1.77794,0.0,0.0,0.0,1.77794,0.0,0.0,0.0
2025-02-18 07:00:00,1.96597,0.91201,1.05396,0.0,0.0,0.0,1.05396,0.0,0.0,0.0
2025-02-18 08:00:00,1.70846,1.4957,0.21276000000000006,0.0,0.0,0.0,0.21276,0.0,0.0,0.0
2025-02-18 09:00:00,1.34291,2.03744,0.0,0.0,0.6945300000000001,0.0,0.0,0.0,0.69453,0.0
2025-02-18 10:00:00,1.32695,2.1993899999999997,0.0,0.0,0.8724399999999997,0.0,0.0,0.0,0.87244,0.0
2025-02-18 11:00:00,1.0395999999999999,2.1629899999999997,0.0,0.0,1.1233899999999999,0.0,0.0,0.0,1.12339,0.0
2025-02-18 12:00:00,1.1800599999999999,2.42829,0.0,0.0,1.2482300000000002,0.0,0.0,0.0,1.24823,0.0
2025-02-18 13:00:00,1.1383699999999999,1.89294,0.0,0.0,0.7545700000000002,0.0,0.0,0.0,0.75457,0.0
2025-02-18 14:00:00,1.16564,2.18154,0.0,0.0,1.0159,0.0,0.0,0.0,1.0159,0.0
2025-02-18 15:00:00,1.06449,2.0483000000000002,0.0,0.0,0.9838100000000003,0.0,0.0,0.0,0.98381,0.0
2025-02-18 16:00:00,1.53501,1.47904,0.055970000000000075,0.0,0.0,0.0,2.0881526,0.0,2.0321826,0.0
2025-02-18 17:00:00,1.95122,0.76274,0.0,0.0,0.0,1.18848,0.0,0.0,0.0,1.18848
2025-02-18 18:00:00,1.8404800000000001,0.0,0.0,0.0,0.0,1.8404800000000001,0.0,0.0,0.0,1.84048
2025-02-18 19:00:00,1.91431,0.0,0.0,0.0,0.0,1.91431,0.0,0.0,0.0,1.91431
2025-02-18 20:00:00,1.80981,0.0,0.7127648249999996,0.0,0.0,1.0970451750000003,0.0,0.0,0.0,1.80981
2025-02-18 21:00:00,1.12128,0.0,1.12128,0.0,0.0,0.0,0.0,0.0,0.0,1.12128
2025-02-18 22:00:00,1.17489,0.0,1.17489,0.0,0.0,0.0,1.17489,0.0,0.0,0.0
2025-02-18 23:00:00,1.17556,0.0,1.17556,0.0,0.0,0.0,1.17556,0.0,0.0,0.0
2025-02-19 00:00:00,1.1972,0.0,1.1972,0.0,0.0,0.0,1.1972,0.0,0.0,0.0
2025-02-19 01:00:00,1.21606,0.0,1.21606,0.0,0.0,0.0,1.21606,0.0,0.0,0.0
2025-02-19 02:00:00,1.19246,0.0,1.19246,0.0,0.0,0.0,1.19246,0.0,0.0,0.0
2025-02-19 03:00:00,1.23707,0.0,1.23707,0.0,0.0,0.0,1.23707,0.0,0.0,0.0
2025-02-19 04:00:00,1.18743,0.0,1.18743,0.0,0.0,0.0,1.18743,0.0,0.0,0.0
2025-02-19 05:00:00,1.16125,0.0,1.16125,0.0,0.0,0.0,1.16125,0.0,0.0,0.0
2025-02-19 06:00:00,1.8031,0.0,1.8031,0.0,0.0,0.0,1.8031,0.0,0.0,0.0
2025-02-19 07:00:00,1.7637,0.8578300000000001,0.90587,0.0,0.0,0.0,0.90587,0.0,0.0,0.0
2025-02-19 08:00:00,1.5452000000000001,1.40725,0.13795000000000024,0.0,0.0,0.0,0.13795,0.0,0.0,0.0
2025-02-19 09:00:00,1.59361,2.06705,0.0,0.0,0.4734400000000001,0.0,0.0,0.0,0.47344,0.0
2025-02-19 10:00:00,1.5365499999999999,2.37134,0.0,0.0,0.8347900000000001,0.0,0.0,0.0,0.83479,0.0
2025-02-19 11:00:00,1.17282,2.4716199999999997,0.0,0.0,1.2987999999999997,0.0,0.0,0.0,1.2988,0.0
2025-02-19 12:00:00,1.07365,2.0637399999999997,0.0,0.0,0.9900899999999997,0.0,0.0,0.0,0.99009,0.0
2025-02-19 13:00:00,1.0386099999999998,1.85787,0.0,0.0,0.8192600000000001,0.0,0.0,0.0,0.81926,0.0
2025-02-19 14:00:00,1.10103,1.93994,0.0,0.0,0.83891,0.0,0.0,0.0,0.83891,0.0
2025-02-19 15:00:00,1.06766,1.91978,0.0,0.0,0.85212,0.0,0.0,0.0,0.85212,0.0
2025-02-19 16:00:00,1.609,1.37028,0.23872000000000004,0.0,0.0,0.0,2.7775815,0.0,2.5388615,0.0
2025-02-19 17:00:00,1.92173,0.80706,0.0,0.0,0.0,1.1146699999999998,0.0,0.0,0.0,1.11467
2025-02-19 18:00:00,1.81019,0.0,0.0,0.0,0.0,1.81019,0.0,0.0,0.0,1.81019
2025-02-19 19:00:00,1.90443,0.0,0.0,0.0,0.0,1.90443,0.0,0.0,0.0,1.90443
2025-02-19 20:00:00,1.91045,0.0,1.2278024750000007,0.0,0.0,0.6826475249999993,0.0,0.0,0.0,1.91045
2025-02-19 21:00:00,1.06352,0.0,1.06352,0.0,0.0,0.0,0.0,0.0,0.0,1.06352
2025-02-19 22:00:00,1.2458399999999998,0.0,1.2458399999999998,0.0,0.0,0.0,1.24584,0.0,0.0,0.0
2025-02-19 23:00:00,1.1495799999999998,0.0,1.1495799999999998,0.0,0.0,0.0,1.14958,0.0,0.0,0.0
2025-02-20 00:00:00,1.01016,0.0,1.01016,0.0,0.0,0.0,1.01016,0.0,0.0,0.0
2025-02-20 01:00:00,1.2049,0.0,1.2049,0.0,0.0,0.0,1.2049,0.0,0.0,0.0
2025-02-20 02:00:00,1.28515,0.0,1.28515,0.0,0.0,0.0,1.28515,0.0,0.0,0.0
2025-02-20 03:00:00,1.24875,0.0,1.24875,0.0,0.0,0.0,1.24875,0.0,0.0,0.0
2025-02-20 04:00:00,1.0831600000000001,0.0,1.0831600000000001,0.0,0.0,0.0,1.08316,0.0,0.0,0.0
2025-02-20 05:00:00,1.016,0.0,1.016,0.0,0.0,0.0,1.016,0.0,0.0,0.0
2025-02-20 06:00:00,1.97018,0.0,1.97018,0.0,0.0,0.0,1.97018,0.0,0.0,0.0
2025-02-20 07:00:00,1.8211600000000001,0.81029,1.0108700000000002,0.0,0.0,0.0,1.01087,0.0,0.0,0.0
2025-02-20 08:00:00,1.55972,1.02728,0.53244,0.0,0.0,0.0,0.53244,0.0,0.0,0.0
2025-02-20 09:00:00,1.63466,1.38004,0.25462000000000007,0.0,0.0,0.0,0.25462,0.0,0.0,0.0
2025-02-20 10:00:00,1.51945,2.22038,0.0,0.0,0.70093,0.0,0.0,0.0,0.70093,0.0
2025-02-20 11:00:00,1.11266,2.17675,0.0,0.0,1.0640900000000002,0.0,0.0,0.0,1.06409,0.0
2025-02-20 12:00:00,1.1824400000000002,2.49169,0.0,0.0,1.30925,0.0,0.0,0.0,1.30925,0.0
2025-02-20 13:00:00,1.1805,2.14583,0.0,0.0,0.96533,0.0,0.0,0.0,0.96533,0.0
2025-02-20 14:00:00,1.1240299999999999,1.8810499999999999,0.0,0.0,0.75702,0.0,0.0,0.0,0.75702,0.0
2025-02-20 15:00:00,1.0032999999999999,1.67116,0.0,0.0,0.6678600000000001,0.0,0.0,0.0,0.66786,0.0
2025-02-20 16:00:00,1.61259,1.33746,0.2751299999999999,0.0,0.0,0.0,3.5390378,0.0,3.2639078,0.0
2025-02-20 17:00:00,1.90195,0.81345,0.0,0.0,0.0,1.0885,0.0,0.0,0.0,1.0885
2025-02-20 18:00:00,1.8679400000000002,0.0,0.0,0.0,0.0,1.8679400000000002,0.0,0.0,0.0,1.86794
2025-02-20 19:00:00,1.87506,0.0,0.0,0.0,0.0,1.87506,0.0,0.0,0.0,1.87506
2025-02-20 20:00:00,1.99399,0.0,1.8937968000000003,0.0,0.0,0.10019319999999955,0.0,0.0,0.0,1.99399
2025-02-20 21:00:00,1.0518800000000001,0.0,1.0518800000000001,0.0,0.0,0.0,0.0,0.0,0.0,1.05188
2025-02-20 22:00:00,1.0959,0.0,1.0959,0.0,0.0,0.0,1.0959,0.0,0.0,0.0
2025-02-20 23:00:00,1.08819,0.0,1.08819,0.0,0.0,0.0,1.08819,0.0,0.0,0.0
2025-02-21 00:00:00,1.16299,0.0,1.16299,0.0,0.0,0.0,1.16299,0.0,0.0,0.0
2025-02-21 01:00:00,1.14978,0.0,1.14978,0.0,0.0,0.0,1.14978,0.0,0.0,0.0
2025-02-21 02:00:00,1.19312,0.0,1.19312,0.0,0.0,0.0,1.19312,0.0,0.0,0.0
2025-02-21 03:00:00,1.285,0.0,1.285,0.0,0.0,0.0,1.285,0.0,0.0,0.0
2025-02-21 04:00:00,1.08557,0.0,1.08557,0.0,0.0,0.0,1.08557,0.0,0.0,0.0
2025-02-21 05:00:00,1.20783,0.0,1.20783,0.0,0.0,0.0,1.20783,0.0,0.0,0.0
2025-02-21 06:00:00,1.51252,0.0,1.51252,0.0,0.0,0.0,1.51252,0.0,0.0,0.0
2025-02-21 07:00:00,1.5155,0.8576900000000001,0.65781,0.0,0.0,0.0,0.65781,0.0,0.0,0.0
2025-02-21 08:00:00,1.87337,1.53465,0.3387199999999999,0.0,0.0,0.0,0.33872,0.0,0.0,0.0
2025-02-21 09:00:00,1.4584300000000001,1.23745,0.22098000000000018,0.0,0.0,0.0,0.22098,0.0,0.0,0.0
2025-02-21 10:00:00,1.562,2.14176,0.0,0.0,0.57976,0.0,0.0,0.0,0.57976,0.0
2025-02-21 11:00:00,1.11152,2.2477300000000002,0.0,0.0,1.1362100000000002,0.0,0.0,0.0,1.13621,0.0
2025-02-21 12:00:00,1.10904,2.29749,0.0,0.0,1.1884499999999998,0.0,0.0,0.0,1.18845,0.0
2025-02-21 13:00:00,1.1717899999999999,1.84404,0.0,0.0,0.67225,0.0,0.0,0.0,0.67225,0.0
2025-02-21 14:00:00,1.0052,1.5546300000000002,0.0,0.0,0.5494300000000001,0.0,0.0,0.0,0.54943,0.0
2025-02-21 15:00:00,1.0389300000000001,1.9907000000000001,0.0,0.0,0.95177,0.0,0.10509953,0.0,1.0568695,0.0
2025-02-21 16:00:00,1.43374,1.20924,0.22449999999999992,0.0,0.0,0.0,3.7245,0.0,3.5,0.0
2025-02-21 17:00:00,1.88047,0.89707,0.0,0.0,0.0,0.9834,0.0,0.0,0.0,0.9834
2025-02-21 18:00:00,1.93051,0.0,0.0,0.0,0.0,1.93051,0.0,0.0,0.0,1.93051
2025-02-21 19:00:00,1.98266,0.0,0.3137923250000003,0.0,0.0,1.6688676749999998,0.0,0.0,0.0,1.98266
2025-02-21 20:00:00,1.81775,0.0,1.81775,0.0,0.0,0.0,0.0,0.0,0.0,1.81775
2025-02-21 21:00:00,1.1220599999999998,0.0,1.1220599999999998,0.0,0.0,0.0,0.0,0.0,0.0,1.12206
2025-02-21 22:00:00,1.28275,0.0,1.28275,0.0,0.0,0.0,1.28275,0.0,0.0,0.0
2025-02-21 23:00:00,1.2852000000000001,0.0,1.2852000000000001,0.0,0.0,0.0,1.2852,0.0,0.0,0.0
2025-02-22 00:00:00,1.01102,0.0,1.01102,0.0,0.0,0.0,1.01102,0.0,0.0,0.0
2025-02-22 01:00:00,1.0802,0.0,1.0802,0.0,0.0,0.0,1.0802,0.0,0.0,0.0
2025-02-22 02:00:00,1.02332,0.0,1.02332,0.0,0.0,0.0,1.02332,0.0,0.0,0.0
2025-02-22 03:00:00,1.1034300000000001,0.0,1.1034300000000001,0.0,0.0,0.0,1.10343,0.0,0.0,0.0
2025-02-22 04:00:00,0.90853,0.0,0.90853,0.0,0.0,0.0,0.90853,0.0,0.0,0.0
2025-02-22 05:00:00,0.93892,0.0,0.93892,0.0,0.0,0.0,0.93892,0.0,0.0,0.0
2025-02-22 06:00:00,1.62639,0.0,1.62639,0.0,0.0,0.0,1.62639,0.0,0.0,0.0
2025-02-22 07:00:00,1.50805,0.8835299999999999,0.62452,0.0,0.0,0.0,0.62452,0.0,0.0,0.0
2025-02-22 08:00:00,1.57178,1.42371,0.14806999999999992,0.0,0.0,0.0,0.14807,0.0,0.0,0.0
2025-02-22 09:00:00,1.34793,2.0935,0.0,0.0,0.7455700000000001,0.0,0.0,0.0,0.74557,0.0
2025-02-22 10:00:00,1.4663,2.6013200000000003,0.0,0.0,1.1350200000000004,0.0,0.0,0.0,1.13502,0.0
2025-02-22 11:00:00,1.07273,1.7188599999999998,0.0,0.0,0.6461299999999999,0.0,0.0,0.0,0.64613,0.0
2025-02-22 12:00:00,1.00282,2.08312,0.0,0.0,1.0803,0.0,0.0,0.0,1.0803,0.0
2025-02-22 13:00:00,0.9616699999999999,1.65141,0.0,0.0,0.6897400000000001,0.0,0.0,0.0,0.68974,0.0
2025-02-22 14:00:00,0.91484,1.46439,0.0,0.0,0.5495500000000001,0.0,0.0,0.0,0.54955,0.0
2025-02-22 15:00:00,1.01343,2.17348,0.0,0.0,1.16005,0.0,0.0,0.0,1.16005,0.0
2025-02-22 16:00:00,1.33718,1.60765,0.0,0.0,0.27047,0.0,1.6480121,0.0,1.9184821,0.0
2025-02-22 17:00:00,1.65571,0.87266,0.0,0.0,0.0,0.78305,0.0,0.0,0.0,0.78305
2025-02-22 18:00:00,1.7234800000000001,0.0,0.0,0.0,0.0,1.7234800000000001,0.0,0.0,0.0,1.72348
2025-02-22 19:00:00,1.77869,0.0,0.0,0.0,0.0,1.77869,0.0,0.0,0.0,1.77869
2025-02-22 20:00:00,1.75129,0.0,0.37167092500000054,0.0,0.0,1.3796190749999995,0.0,0.0,0.0,1.75129
2025-02-22 21:00:00,1.11566,0.0,1.11566,0.0,0.0,0.0,0.0,0.0,0.0,1.11566
2025-02-22 22:00:00,1.07944,0.0,1.07944,0.0,0.0,0.0,1.07944,0.0,0.0,0.0
2025-02-22 23:00:00,1.12851,0.0,1.12851,0.0,0.0,0.0,1.12851,0.0,0.0,0.0
2025-02-23 00:00:00,1.1681400000000002,0.0,1.1681400000000002,0.0,0.0,0.0,1.16814,0.0,0.0,0.0
2025-02-23 01:00:00,1.0134400000000001,0.0,1.0134400000000001,0.0,0.0,0.0,1.01344,0.0,0.0,0.0
2025-02-23 02:00:00,1.11976,0.0,1.11976,0.0,0.0,0.0,1.11976,0.0,0.0,0.0
2025-02-23 03:00:00,1.10104,0.0,1.10104,0.0,0.0,0.0,1.10104,0.0,0.0,0.0
2025-02-23 04:00:00,1.02227,0.0,1.02227,0.0,0.0,0.0,1.02227,0.0,0.0,0.0
2025-02-23 05:00:00,1.15028,0.0,1.15028,0.0,0.0,0.0,1.15028,0.0,0.0,0.0
2025-02-23 06:00:00,1.52749,0.0,1.52749,0.0,0.0,0.0,1.52749,0.0,0.0,0.0
2025-02-23 07:00:00,1.4516,0.80604,0.64556,0.0,0.0,0.0,0.64556,0.0,0.0,0.0
2025-02-23 08:00:00,1.52734,1.4972,0.030139999999999834,0.0,0.0,0.0,0.03014,0.0,0.0,0.0
2025-02-23 09:00:00,1.4600899999999999,1.83155,0.0,0.0,0.3714600000000001,0.0,0.0,0.0,0.37146,0.0
2025-02-23 10:00:00,1.37694,2.46095,0.0,0.0,1.08401,0.0,0.0,0.0,1.08401,0.0
2025-02-23 11:00:00,0.98051,1.5843800000000001,0.0,0.0,0.6038700000000001,0.0,0.0,0.0,0.60387,0.0
2025-02-23 12:00:00,1.00476,1.7073900000000002,0.0,0.0,0.7026300000000001,0.0,0.0,0.0,0.70263,0.0
2025-02-23 13:00:00,1.04721,1.6834200000000001,0.0,0.0,0.6362100000000002,0.0,0.0,0.0,0.63621,0.0
2025-02-23 14:00:00,1.0440999999999998,1.65056,0.0,0.0,0.6064600000000002,0.0,0.0,0.0,0.60646,0.0
2025-02-23 15:00:00,1.00488,1.5222,0.0,0.0,0.51732,0.0,0.0,0.0,0.51732,0.0
2025-02-23 16:00:00,1.25596,1.4183800000000002,0.0,0.0,0.16242000000000023,0.0,3.0856809,0.0,3.2481009,0.0
2025-02-23 17:00:00,1.71201,0.80324,0.0,0.0,0.0,0.9087700000000001,0.0,0.0,0.0,0.90877
2025-02-23 18:00:00,1.77763,0.0,0.0,0.0,0.0,1.77763,0.0,0.0,0.0,1.77763
2025-02-23 19:00:00,1.6498599999999999,0.0,0.1086070499999996,0.0,0.0,1.5412529500000003,0.0,0.0,0.0,1.64986
2025-02-23 20:00:00,1.76754,0.0,1.76754,0.0,0.0,0.0,0.0,0.0,0.0,1.76754
2025-02-23 21:00:00,0.9086799999999999,0.0,0.9086799999999999,0.0,0.0,0.0,0.0,0.0,0.0,0.90868
2025-02-23 22:00:00,1.0061900000000001,0.0,1.0061900000000001,0.0,0.0,0.0,1.00619,0.0,0.0,0.0
2025-02-23 23:00:00,1.1351,0.0,1.1351,0.0,0.0,0.0,1.1351,0.0,0.0,0.0
2025-02-24 00:00:00,1.20663,0.0,1.20663,0.0,0.0,0.0,1.20663,0.0,0.0,0.0
2025-02-24 01:00:00,1.1598199999999999,0.0,1.1598199999999999,0.0,0.0,0.0,1.15982,0.0,0.0,0.0
2025-02-24 02:00:00,1.1163599999999998,0.0,1.1163599999999998,0.0,0.0,0.0,1.11636,0.0,0.0,0.0
2025-02-24 03:00:00,1.24369,0.0,1.24369,0.0,0.0,0.0,1.24369,0.0,0.0,0.0
2025-02-24 04:00:00,1.21287,0.0,1.21287,0.0,0.0,0.0,1.21287,0.0,0.0,0.0
2025-02-24 05:00:00,1.14052,0.0,1.14052,0.0,0.0,0.0,1.14052,0.0,0.0,0.0
2025-02-24 06:00:00,1.94624,0.0,1.94624,0.0,0.0,0.0,1.94624,0.0,0.0,0.0
2025-02-24 07:00:00,1.8214000000000001,0.77866,1.0427400000000002,0.0,0.0,0.0,1.04274,0.0,0.0,0.0
2025-02-24 08:00:00,1.6248399999999998,1.55048,0.07435999999999976,0.0,0.0,0.0,0.07436,0.0,0.0,0.0
2025-02-24 09:00:00,1.39056,2.2458899999999997,0.0,0.0,0.8553299999999997,0.0,0.0,0.0,0.85533,0.0
2025-02-24 10:00:00,1.30486,2.40655,0.0,0.0,1.1016900000000003,0.0,0.0,0.0,1.10169,0.0
2025-02-24 11:00:00,1.16149,1.78727,0.0,0.0,0.62578,0.0,0.0,0.0,0.62578,0.0
2025-02-24 12:00:00,1.03359,1.6767400000000001,0.0,0.0,0.6431500000000001,0.0,0.0,0.0,0.64315,0.0
2025-02-24 13:00:00,1.0273299999999999,1.57938,0.0,0.0,0.5520500000000002,0.0,0.0,0.0,0.55205,0.0
2025-02-24 14:00:00,1.00054,1.91483,0.0,0.0,0.91429,0.0,0.0,0.0,0.91429,0.0
2025-02-24 15:00:00,1.0668199999999999,2.1085700000000003,0.0,0.0,1.0417500000000004,0.0,0.0,0.0,1.04175,0.0
2025-02-24 16:00:00,1.3726099999999999,1.5689000000000002,0.0,0.0,0.1962900000000003,0.0,2.666357,0.0,2.862647,0.0
2025-02-24 17:00:00,1.91506,0.84535,0.0,0.0,0.0,1.06971,0.0,0.0,0.0,1.06971
2025-02-24 18:00:00,1.835,0.0,0.0,0.0,0.0,1.835,0.0,0.0,0.0,1.835
2025-02-24 19:00:00,1.95655,0.0,0.0,0.0,0.0,1.95655,0.0,0.0,0.0,1.95655
2025-02-24 20:00:00,1.84125,0.0,1.350387175,0.0,0.0,0.49086282499999995,0.0,0.0,0.0,1.84125
2025-02-24 21:00:00,1.056,0.0,1.056,0.0,0.0,0.0,0.0,0.0,0.0,1.056
2025-02-24 22:00:00,1.1491099999999999,0.0,1.1491099999999999,0.0,0.0,0.0,1.14911,0.0,0.0,0.0
2025-02-24 23:00:00,1.0098799999999999,0.0,1.0098799999999999,0.0,0.0,0.0,1.00988,0.0,0.0,0.0
2025-02-25 00:00:00,1.0675899999999998,0.0,1.0675899999999998,0.0,0.0,0.0,1.06759,0.0,0.0,0.0
2025-02-25 01:00:00,1.2172,0.0,1.2172,0.0,0.0,0.0,1.2172,0.0,0.0,0.0
2025-02-25 02:00:00,1.25122,0.0,1.25122,0.0,0.0,0.0,1.25122,0.0,0.0,0.0
2025-02-25 03:00:00,1.02424,0.0,1.02424,0.0,0.0,0.0,1.02424,0.0,0.0,0.0
2025-02-25 04:00:00,1.2646199999999999,0.0,1.2646199999999999,0.0,0.0,0.0,1.26462,0.0,0.0,0.0
2025-02-25 05:00:00,1.23926,0.0,1.23926,0.0,0.0,0.0,1.23926,0.0,0.0,0.0
2025-02-25 06:00:00,1.93484,0.0,1.93484,0.0,0.0,0.0,1.93484,0.0,0.0,0.0
2025-02-25 07:00:00,1.76255,0.9018400000000001,0.86071,0.0,0.0,0.0,0.86071,0.0,0.0,0.0
2025-02-25 08:00:00,1.55026,1.35749,0.19276999999999989,0.0,0.0,0.0,0.19277,0.0,0.0,0.0
2025-02-25 09:00:00,1.67792,2.1039,0.0,0.0,0.4259799999999998,0.0,0.0,0.0,0.42598,0.0
2025-02-25 10:00:00,1.63645,2.2196100000000003,0.0,0.0,0.5831600000000003,0.0,0.0,0.0,0.58316,0.0
2025-02-25 11:00:00,1.1599000000000002,2.05945,0.0,0.0,0.8995499999999998,0.0,0.0,0.0,0.89955,0.0
2025-02-25 12:00:00,1.15082,1.9824000000000002,0.0,0.0,0.8315800000000002,0.0,0.0,0.0,0.83158,0.0
2025-02-25 13:00:00,1.1028099999999998,2.0436900000000002,0.0,0.0,0.9408800000000004,0.0,0.0,0.0,0.94088,0.0
2025-02-25 14:00:00,1.02339,2.1619099999999998,0.0,0.0,1.1385199999999998,0.0,0.0,0.0,1.13852,0.0
2025-02-25 15:00:00,1.07028,2.24308,0.0,0.0,1.1728,0.0,0.0,0.0,1.1728,0.0
2025-02-25 16:00:00,1.57474,1.64499,0.0,0.0,0.07024999999999992,0.0,2.8294794,0.0,2.8997294,0.0
2025-02-25 17:00:00,1.8770799999999999,0.74711,0.0,0.0,0.0,1.1299699999999997,0.0,0.0,0.0,1.12997
2025-02-25 18:00:00,1.94797,0.0,0.0,0.0,0.0,1.94797,0.0,0.0,0.0,1.94797
2025-02-25 19:00:00,1.9159300000000001,0.0,0.0,0.0,0.0,1.9159300000000001,0.0,0.0,0.0,1.91593
2025-02-25 20:00:00,1.92535,0.0,1.4476151999999989,0.0,0.0,0.477734800000001,0.0,0.0,0.0,1.92535
2025-02-25 21:00:00,1.10599,0.0,1.10599,0.0,0.0,0.0,0.0,0.0,0.0,1.10599
2025-02-25 22:00:00,1.2038499999999999,0.0,1.2038499999999999,0.0,0.0,0.0,1.20385,0.0,0.0,0.0
2025-02-25 23:00:00,1.23112,0.0,1.23112,0.0,0.0,0.0,1.23112,0.0,0.0,0.0
2025-02-26 00:00:00,1.2994700000000001,0.0,1.2994700000000001,0.0,0.0,0.0,1.29947,0.0,0.0,0.0
2025-02-26 01:00:00,1.14774,0.0,1.14774,0.0,0.0,0.0,1.14774,0.0,0.0,0.0
2025-02-26 02:00:00,1.01839,0.0,1.01839,0.0,0.0,0.0,1.01839,0.0,0.0,0.0
2025-02-26 03:00:00,1.17876,0.0,1.17876,0.0,0.0,0.0,1.17876,0.0,0.0,0.0
2025-02-26 04:00:00,1.0357100000000001,0.0,1.0357100000000001,0.0,0.0,0.0,1.03571,0.0,0.0,0.0
2025-02-26 05:00:00,1.07343,0.0,1.07343,0.0,0.0,0.0,1.07343,0.0,0.0,0.0
2025-02-26 06:00:00,1.66439,0.0,1.66439,0.0,0.0,0.0,1.66439,0.0,0.0,0.0
2025-02-26 07:00:00,1.58288,0.85856,0.7243200000000001,0.0,0.0,0.0,0.72432,0.0,0.0,0.0
2025-02-26 08:00:00,1.84675,0.85691,0.9898399999999999,0.0,0.0,0.0,0.98984,0.0,0.0,0.0
2025-02-26 09:00:00,1.52347,2.06853,0.0,0.0,0.5450599999999999,0.0,0.0,0.0,0.54506,0.0
2025-02-26 10:00:00,1.4738399999999998,2.28684,0.0,0.0,0.8130000000000004,0.0,0.0,0.0,0.813,0.0
2025-02-26 11:00:00,1.13583,1.73831,0.0,0.0,0.6024800000000001,0.0,0.0,0.0,0.60248,0.0
2025-02-26 12:00:00,1.19615,1.94619,0.0,0.0,0.75004,0.0,0.0,0.0,0.75004,0.0
2025-02-26 13:00:00,1.044,1.73901,0.0,0.0,0.6950099999999999,0.0,0.0,0.0,0.69501,0.0
2025-02-26 14:00:00,1.0443900000000002,1.7489100000000002,0.0,0.0,0.70452,0.0,0.0,0.0,0.70452,0.0
2025-02-26 15:00:00,1.1652799999999999,2.21387,0.0,0.0,1.0485900000000001,0.0,0.0,0.0,1.04859,0.0
2025-02-26 16:00:00,1.55993,1.45724,0.10268999999999995,0.0,0.0,0.0,3.4397241,0.0,3.3370341,0.0
2025-02-26 17:00:00,1.8091300000000001,0.81271,0.0,0.0,0.0,0.9964200000000001,0.0,0.0,0.0,0.99642
2025-02-26 18:00:00,1.88765,0.0,0.0,0.0,0.0,1.88765,0.0,0.0,0.0,1.88765
2025-02-26 19:00:00,1.91756,0.0,0.1459032500000006,0.0,0.0,1.7716567499999993,0.0,0.0,0.0,1.91756
2025-02-26 20:00:00,1.84651,0.0,1.84651,0.0,0.0,0.0,0.0,0.0,0.0,1.84651
2025-02-26 21:00:00,1.01926,0.0,1.01926,0.0,0.0,0.0,0.0,0.0,0.0,1.01926
2025-02-26 22:00:00,1.23025,0.0,1.23025,0.0,0.0,0.0,1.23025,0.0,0.0,0.0
2025-02-26 23:00:00,1.11294,0.0,1.11294,0.0,0.0,0.0,1.11294,0.0,0.0,0.0
2025-02-27 00:00:00,1.11407,0.0,1.11407,0.0,0.0,0.0,1.11407,0.0,0.0,0.0
2025-02-27 01:00:00,1.1294000000000002,0.0,1.1294000000000002,0.0,0.0,0.0,1.1294,0.0,0.0,0.0
2025-02-27 02:00:00,1.24451,0.0,1.24451,0.0,0.0,0.0,1.24451,0.0,0.0,0.0
2025-02-27 03:00:00,1.09625,0.0,1.09625,0.0,0.0,0.0,1.09625,0.0,0.0,0.0
2025-02-27 04:00:00,1.2274100000000001,0.0,1.2274100000000001,0.0,0.0,0.0,1.22741,0.0,0.0,0.0
2025-02-27 05:00:00,1.28186,0.0,1.28186,0.0,0.0,0.0,1.28186,0.0,0.0,0.0
2025-02-27 06:00:00,1.83043,0.0,1.83043,0.0,0.0,0.0,1.83043,0.0,0.0,0.0
2025-02-27 07:00:00,1.72895,0.8296399999999999,0.89931,0.0,0.0,0.0,0.89931,0.0,0.0,0.0
2025-02-27 08:00:00,1.65886,1.1790399999999999,0.47982000000000014,0.0,0.0,0.0,0.47982,0.0,0.0,0.0
2025-02-27 09:00:00,1.34954,2.05062,0.0,0.0,0.7010799999999999,0.0,0.0,0.0,0.70108,0.0
2025-02-27 10:00:00,1.67228,2.16195,0.0,0.0,0.48967000000000005,0.0,0.0,0.0,0.48967,0.0
2025-02-27 11:00:00,1.09155,1.9553800000000001,0.0,0.0,0.8638300000000001,0.0,0.0,0.0,0.86383,0.0
2025-02-27 12:00:00,1.0237,1.5708499999999999,0.0,0.0,0.5471499999999998,0.0,0.0,0.0,0.54715,0.0
2025-02-27 13:00:00,1.08026,1.90291,0.0,0.0,0.8226500000000001,0.0,0.0,0.0,0.82265,0.0
2025-02-27 14:00:00,1.0323699999999998,1.92705,0.0,0.0,0.8946800000000001,0.0,0.0,0.0,0.89468,0.0
2025-02-27 15:00:00,1.06581,1.67457,0.0,0.0,0.60876,0.0,0.12021324,0.0,0.72897324,0.0
2025-02-27 16:00:00,1.30969,1.36944,0.0,0.0,0.05974999999999997,0.0,3.44025,0.0,3.5,0.0
2025-02-27 17:00:00,1.82537,0.9080900000000001,0.0,0.0,0.0,0.9172799999999999,0.0,0.0,0.0,0.91728
2025-02-27 18:00:00,1.92353,0.0,0.0,0.0,0.0,1.92353,0.0,0.0,0.0,1.92353
2025-02-27 19:00:00,1.81769,0.0,0.1572180750000005,0.0,0.0,1.6604719249999995,0.0,0.0,0.0,1.81769
2025-02-27 20:00:00,1.9949000000000001,0.0,1.9949000000000001,0.0,0.0,0.0,0.0,0.0,0.0,1.9949
2025-02-27 21:00:00,1.0612000000000001,0.0,1.0612000000000001,0.0,0.0,0.0,0.0,0.0,0.0,1.0612
2025-02-27 22:00:00,1.18692,0.0,1.18692,0.0,0.0,0.0,1.18692,0.0,0.0,0.0
2025-02-27 23:00:00,1.1260299999999999,0.0,1.1260299999999999,0.0,0.0,0.0,1.12603,0.0,0.0,0.0
2025-02-28 00:00:00,1.1151900000000001,0.0,1.1151900000000001,0.0,0.0,0.0,1.11519,0.0,0.0,0.0
2025-02-28 01:00:00,1.27937,0.0,1.27937,0.0,0.0,0.0,1.27937,0.0,0.0,0.0
2025-02-28 02:00:00,1.04477,0.0,1.04477,0.0,0.0,0.0,1.04477,0.0,0.0,0.0
2025-02-28 03:00:00,1.2991199999999998,0.0,1.2991199999999998,0.0,0.0,0.0,1.29912,0.0,0.0,0.0
2025-02-28 04:00:00,1.11374,0.0,1.11374,0.0,0.0,0.0,1.11374,0.0,0.0,0.0
2025-02-28 05:00:00,1.19463,0.0,1.19463,0.0,0.0,0.0,1.19463,0.0,0.0,0.0
2025-02-28 06:00:00,1.98395,0.0,1.98395,0.0,0.0,0.0,1.98395,0.0,0.0,0.0
2025-02-28 07:00:00,1.78391,0.7606900000000001,1.02322,0.0,0.0,0.0,1.02322,0.0,0.0,0.0
2025-02-28 08:00:00,1.76669,1.4854100000000001,0.28128,0.0,0.0,0.0,0.28128,0.0,0.0,0.0
2025-02-28 09:00:00,1.36199,2.1844699999999997,0.0,0.0,0.8224799999999997,0.0,0.0,0.0,0.82248,0.0
2025-02-28 10:00:00,1.31379,2.66634,0.0,0.0,1.35255,0.0,0.0,0.0,1.35255,0.0
2025-02-28 11:00:00,1.0015,2.0865500000000003,0.0,0.0,1.0850500000000003,0.0,0.0,0.0,1.08505,0.0
2025-02-28 12:00:00,1.012,1.55481,0.0,0.0,0.54281,0.0,0.0,0.0,0.54281,0.0
2025-02-28 13:00:00,1.1176300000000001,2.39999,0.0,0.0,1.2823599999999997,0.0,0.0,0.0,1.28236,0.0
2025-02-28 14:00:00,1.11886,1.7559200000000001,0.0,0.0,0.6370600000000002,0.0,0.0,0.0,0.63706,0.0
2025-02-28 15:00:00,1.1763800000000002,2.45923,0.0,0.0,1.2828499999999996,0.0,0.0,0.0,1.28285,0.0
2025-02-28 16:00:00,1.42863,1.03719,0.39144,0.0,0.0,0.0,2.2274434,0.0,1.8360034,0.0
2025-02-28 17:00:00,1.80224,0.77412,0.0,0.0,0.0,1.02812,0.0,0.0,0.0,1.02812
2025-02-28 18:00:00,1.96298,0.0,0.0,0.0,0.0,1.96298,0.0,0.0,0.0,1.96298
2025-02-28 19:00:00,1.8836600000000001,0.0,0.0,0.0,0.0,1.8836600000000001,0.0,0.0,0.0,1.88366
2025-02-28 20:00:00,1.86488,0.0,0.41748310000000166,0.0,0.0,1.4473968999999984,0.0,0.0,0.0,1.86488
2025-02-28 21:00:00,1.23951,0.0,1.23951,0.0,0.0,0.0,0.0,0.0,0.0,1.23951
2025-02-28 22:00:00,1.28731,0.0,1.28731,0.0,0.0,0.0,1.28731,0.0,0.0,0.0
2025-02-28 23:00:00,1.2625899999999999,0.0,1.2625899999999999,0.0,0.0,0.0,1.26259,0.0,0.0,0.0
2025-03-01 00:00:00,0.94147,0.0,0.94147,0.0,0.0,0.0,0.94147,0.0,0.0,0.0
2025-03-01 01:00:00,1.10971,0.0,1.10971,0.0,0.0,0.0,1.10971,0.0,0.0,0.0
2025-03-01 02:00:00,0.9399500000000001,0.0,0.9399500000000001,0.0,0.0,0.0,0.93995,0.0,0.0,0.0
2025-03-01 03:00:00,1.14661,0.0,1.14661,0.0,0.0,0.0,1.14661,0.0,0.0,0.0
2025-03-01 04:00:00,1.03983,0.0,1.03983,0.0,0.0,0.0,1.03983,0.0,0.0,0.0
2025-03-01 05:00:00,0.99082,0.0,0.99082,0.0,0.0,0.0,0.99082,0.0,0.0,0.0
2025-03-01 06:00:00,1.42066,0.0,1.42066,0.0,0.0,0.0,1.42066,0.0,0.0,0.0
2025-03-01 07:00:00,1.76131,0.91112,0.8501899999999999,0.0,0.0,0.0,0.85019,0.0,0.0,0.0
2025-03-01 08:00:00,1.39534,1.41905,0.0,0.0,0.023709999999999898,0.0,0.0,0.0,0.02371,0.0
2025-03-01 09:00:00,1.3654600000000001,1.92756,0.0,0.0,0.5620999999999998,0.0,0.0,0.0,0.5621,0.0
2025-03-01 10:00:00,1.37658,1.95885,0.0,0.0,0.5822700000000001,0.0,0.0,0.0,0.58227,0.0
2025-03-01 11:00:00,1.01715,2.1684200000000002,0.0,0.0,1.1512700000000002,0.0,0.0,0.0,1.15127,0.0
2025-03-01 12:00:00,0.99103,2.16609,0.0,0.0,1.1750600000000002,0.0,0.0,0.0,1.17506,0.0
2025-03-01 13:00:00,1.0278,2.1187300000000002,0.0,0.0,1.0909300000000002,0.0,0.0,0.0,1.09093,0.0
2025-03-01 14:00:00,1.01045,2.0670100000000002,0.0,0.0,1.0565600000000002,0.0,0.0,0.0,1.05656,0.0
2025-03-01 15:00:00,1.00913,1.96754,0.0,0.0,0.95841,0.0,0.0,0.0,0.95841,0.0
2025-03-01 16:00:00,1.1918499999999999,1.38678,0.0,0.0,0.19493000000000005,0.0,0.87383479,0.0,1.0687648,0.0
2025-03-01 17:00:00,1.7298699999999998,0.88401,0.0,0.0,0.0,0.8458599999999998,0.0,0.0,0.0,0.84586
2025-03-01 18:00:00,1.67572,0.0,0.0,0.0,0.0,1.67572,0.0,0.0,0.0,1.67572
2025-03-01 19:00:00,1.70512,0.0,0.0,0.0,0.0,1.70512,0.0,0.0,0.0,1.70512
2025-03-01 20:00:00,1.7379200000000001,0.0,0.0,0.0,0.0,1.7379200000000001,0.0,0.0,0.0,1.73792
2025-03-01 21:00:00,0.95672,0.0,0.7886359000000002,0.0,0.0,0.16808409999999982,0.0,0.0,0.0,0.95672
2025-03-01 22:00:00,1.1644,0.0,1.1644,0.0,0.0,0.0,1.1644,0.0,0.0,0.0
2025-03-01 23:00:00,0.92648,0.0,0.92648,0.0,0.0,0.0,0.92648,0.0,0.0,0.0
