Timestamp,Demand,TCL_Load,PriceResp_Load,Wind_Gen,Solar_Gen,Conv_Gen,Storage_SOC,Action_Dispatch,Action_TCL,Action_PriceResp,Reward,Grid_Buy_Price,Grid_Sell_Price
2025-01-01 00:00:00,306.95316732425573,50.92863693,24.62277168,90.35799291,0.0,210.4802025,0.526244712,210.4802025,45.94043682,16.91208061,-74.42681499,6.5,3.0
2025-01-01 00:15:00,319.09514331016777,55.12655994,21.48703838,68.55695678,0.0,234.2055785,0.518234271,234.2055785,47.33775025,11.77075912,-79.59257118,6.5,3.0
2025-01-01 00:30:00,300.9272946906352,47.52841063,17.51749118,90.46540114,0.0,200.9773794,0.508051501,200.9773794,42.21582521,13.0190824,-69.54544154,6.5,3.0
2025-01-01 00:45:00,305.21439467494133,59.92004738,25.67562801,99.16750689,0.0,200.6471406,0.509334663,200.6471406,57.67963384,13.57654341,-71.68852609,6.5,3.0
2025-01-01 01:00:00,289.09632060692564,58.51014475,18.16429718,85.20142888,0.0,209.4365112,0.506897323,209.4365112,55.40025982,15.04608289,-74.73398336,6.5,3.0
2025-01-01 01:15:00,296.3513573208656,54.63399663,25.65798196,86.28631942,0.0,207.1011887,0.510943184,207.1011887,53.01994954,25.22390934,-77.45755073,6.5,3.0
2025-01-01 01:30:00,279.4906229367974,53.67870118,23.25706126,89.121679,0.0,212.2192782,0.518755436,212.2192782,46.03203773,21.09486152,-76.58612514,6.5,3.0
2025-01-01 01:45:00,266.7216991354114,54.49067721,28.53122688,82.57500477,0.0,209.8439155,0.513936305,209.8439155,52.56395238,24.90207792,-78.51402118,6.5,3.0
2025-01-01 02:00:00,318.95821910248446,53.08434756,18.88175837,82.4501293,0.0,207.1009347,0.496176523,207.1009347,50.43247839,11.66499409,-71.91342265,6.5,3.0
2025-01-01 02:15:00,316.0707879649986,49.1143452,19.0533061,82.38322715,0.0,224.0168349,0.501223403,224.0168349,46.98581501,11.51960544,-76.65689158,6.5,3.0
2025-01-01 02:30:00,323.5384216800406,56.43189499,17.6196688,94.81463687,0.0,209.7766254,0.494929156,209.7766254,54.97952369,16.85198995,-74.90112466,6.5,3.0
2025-01-01 02:45:00,299.0125712524764,52.2060527,28.5465871,74.10970784,0.0,226.768608,0.497814835,226.768608,46.50304924,20.60530672,-80.80781074,6.5,3.0
2025-01-01 03:00:00,299.6305252983198,56.56454224,16.24596281,86.11950996,0.0,206.6428294,0.500359601,206.6428294,50.1906257,15.91049264,-73.0804864,6.5,3.0
2025-01-01 03:15:00,302.65692642621315,60.00883887,16.98093357,73.39317183,0.0,238.1494773,0.474937071,238.1494773,49.84671667,12.0522538,-81.40626146,6.5,3.0
2025-01-01 03:30:00,300.77266753416234,50.1711939,25.20338285,81.92068954,0.0,222.8019891,0.470110645,222.8019891,40.81310916,16.04654152,-77.85141758,6.5,3.0
2025-01-01 03:45:00,306.14988074130474,46.61427011,23.20049595,77.17132074,0.0,229.1050575,0.468639279,229.1050575,38.51983592,11.99429096,-77.05362017,6.5,3.0
2025-01-01 04:00:00,267.4965994511249,59.39829706,15.44024138,86.06750734,0.0,208.5095297,0.462345338,208.5095297,50.678477,8.031098509,-70.72336282,6.5,3.0
2025-01-01 04:15:00,265.0174379030668,56.18605724,29.81946363,76.51013976,0.0,232.2864036,0.475628674,232.2864036,54.9591841,24.47211451,-85.57648737,6.5,3.0
2025-01-01 04:30:00,255.56143137557012,54.99718276,26.86067945,78.28404516,0.0,217.2381377,0.463189243,217.2381377,52.96921477,16.88842319,-76.96018892,6.5,3.0
2025-01-01 04:45:00,240.17453127023816,46.89601961,27.07113904,75.27710482,0.0,219.6551771,0.456249549,219.6551771,37.77426143,24.11996028,-78.60344624,6.5,3.0
2025-01-01 05:00:00,327.04260940392163,48.23952619,27.64735601,81.56913422,0.0,211.707186,0.448147486,211.707186,40.30849268,20.30126864,-75.80100267,6.5,3.0
2025-01-01 05:15:00,314.45277952356275,55.71554827,16.04709376,89.55161591,0.0,203.8962774,0.437877012,203.8962774,55.6470068,10.06995022,-70.75793355,6.5,3.0
2025-01-01 05:30:00,322.93112759122573,46.71791355,16.75043122,82.53009875,0.0,226.1504968,0.434873969,226.1504968,38.04280283,11.00513311,-76.41957515,6.5,3.0
2025-01-01 05:45:00,328.26348348129,50.08645181,29.93577723,75.57865628,0.0,227.97434,0.423527597,227.97434,43.65321398,17.10319813,-79.95784176,6.5,3.0
2025-01-01 06:00:00,466.0834061203866,47.78595957,19.11305672,75.98436535,0.0,234.7425015,0.412831119,234.7425015,47.11525303,13.61661649,-81.12039979,6.5,3.0
2025-01-01 06:15:00,450.52605817006145,54.98354268,19.5309242,73.92475937,0.0,220.2389492,0.411029944,220.2389492,46.62989636,10.6314036,-75.37282314,6.5,3.0
2025-01-01 06:30:00,485.1951896925053,46.7893954,22.00857844,93.62779891,0.0,207.5235815,0.428069159,207.5235815,38.86163011,18.09442543,-73.62155486,6.5,3.0
2025-01-01 06:45:00,478.76534601704657,60.58121618,28.7502028,76.01435029,0.0,241.2304788,0.443270761,241.2304788,55.45890616,28.45894377,-89.76963842,6.5,3.0
2025-01-01 07:00:00,448.44195295838813,46.1913744,21.49705506,92.2293981,236.36493485529184,212.9418827,0.453803619,212.9418827,41.03226044,15.06952279,-74.13362566,6.5,3.0
2025-01-01 07:15:00,447.94842629064885,57.01208099,28.21716353,86.94891932,228.62618418918737,219.3745247,0.455523283,219.3745247,52.90645007,21.91935317,-79.66934517,6.5,3.0
2025-01-01 07:30:00,429.13718750327723,56.38591761,30.23111756,102.4816649,232.1469376572694,192.7543834,0.438659155,192.7543834,53.47894936,27.08405395,-74.15319254,6.5,3.0
2025-01-01 07:45:00,399.66243324768584,51.35617059,16.07056048,77.65523593,206.1019432982514,230.4794829,0.440786224,230.4794829,50.97083023,11.59800308,-78.71606686,6.5,3.0
2025-01-01 08:00:00,454.1722094774952,59.75221462,27.66562623,85.67925443,368.15808383669696,223.2474434,0.443330979,223.2474434,52.93090587,20.67935302,-81.1236158,6.5,3.0
2025-01-01 08:15:00,433.3158293571514,55.58829869,18.26525493,82.62739065,372.24662971276894,224.9734623,0.458042306,224.9734623,49.79791511,13.07327073,-77.97047244,6.5,3.0
2025-01-01 08:30:00,437.69874280824087,47.21788154,22.59884198,97.63306511,370.68283214482125,207.8148798,0.453757924,207.8148798,44.56533685,13.46286102,-72.39116062,6.5,3.0
2025-01-01 08:45:00,496.7432183571125,57.05377543,26.31780989,86.40301435,370.0524543057129,213.9811752,0.448850981,213.9811752,54.82281246,20.65998986,-78.46200125,6.5,3.0
2025-01-01 09:00:00,333.3016399019935,60.64867589,18.43570417,85.64902793,471.12875250033096,212.5635826,0.439260202,212.5635826,53.61585232,11.07801559,-73.69760075,6.5,3.0
2025-01-01 09:15:00,345.356366368713,49.03717302,23.07457416,70.59943246,463.2220048761788,228.5719688,0.434736982,228.5719688,44.5987402,12.56572045,-78.31426518,6.5,3.0
2025-01-01 09:30:00,357.26588004178814,52.06161387,17.19541433,59.68729761,460.56305361556446,248.1986762,0.438586941,248.1986762,52.01359684,12.00988701,-84.80017414,6.5,3.0
2025-01-01 09:45:00,354.9761136875054,58.74011638,28.17488968,87.06431616,433.7961890079257,215.4978288,0.455032947,215.4978288,55.37116795,18.51589076,-77.78274752,6.5,3.0
2025-01-01 10:00:00,391.89636437346803,54.70622687,26.34759867,80.03035449,632.871476750043,226.1882262,0.447263289,226.1882262,53.02747533,26.29026337,-83.32305457,6.5,3.0
2025-01-01 10:15:00,391.67459432335977,52.95751266,18.08252339,95.16735796,624.0880071500654,208.5682027,0.430202247,208.5682027,46.58776466,16.8857928,-74.21290706,6.5,3.0
2025-01-01 10:30:00,402.12874039110886,50.0260458,26.33707494,83.95767006,639.7152566428435,209.1133908,0.440391873,209.1133908,46.52697661,24.68672608,-77.45401296,6.5,3.0
2025-01-01 10:45:00,445.3503009120634,55.99208993,21.31622206,74.2055413,640.9752594570482,233.1021044,0.40983193,233.1021044,54.82062029,14.10962875,-80.87834653,6.5,3.0
2025-01-01 11:00:00,263.13809025895273,51.63476808,16.06113197,83.15737407,525.723308516331,230.4209282,0.406296823,230.4209282,46.60708633,9.393319185,-77.56705253,6.5,3.0
2025-01-01 11:15:00,279.6020064739168,57.238065,26.54942287,88.92129604,557.4418871700684,218.5636989,0.405159547,218.5636989,46.63894238,18.24452996,-77.51120061,6.5,3.0
2025-01-01 11:30:00,277.05567407256416,51.88196079,20.94097968,81.76498573,538.2565102722097,222.1237135,0.392667109,222.1237135,45.71924634,11.98249356,-76.31449024,6.5,3.0
2025-01-01 11:45:00,251.1142291945664,49.19823129,24.42391699,76.01671963,565.1282940413912,230.5588209,0.389945045,230.5588209,46.30269833,14.38332731,-79.90454496,6.5,3.0
2025-01-01 12:00:00,300.9339857029041,51.08790334,17.31427218,100.54693,526.7372610983989,201.6348917,0.399934897,201.6348917,46.10971723,8.789978835,-68.62938313,6.5,3.0
2025-01-01 12:15:00,279.47064584584615,56.52447166,17.14824312,76.79786687,542.4996526783066,224.6862512,0.386043098,224.6862512,53.99884274,16.02133543,-79.26648152,6.5,3.0
2025-01-01 12:30:00,287.0913858303486,53.85963365,25.70501345,75.07279893,504.72165115634795,234.97525,0.394140361,234.97525,48.34905429,23.25894493,-84.48211297,6.5,3.0
2025-01-01 12:45:00,288.18398262090113,56.36172097,27.91529898,95.81024504,514.6014350669466,218.7295658,0.396016656,218.7295658,46.07335945,17.10890834,-77.50612049,6.5,3.0
2025-01-01 13:00:00,264.49908502703084,48.90530306,25.15286453,85.70413241,542.1413217197473,209.6855116,0.400864977,209.6855116,41.79978598,16.20185466,-73.93866062,6.5,3.0
2025-01-01 13:15:00,249.48431396746847,52.07043451,30.1667898,76.58832371,531.1357033247454,234.9292694,0.387704581,234.9292694,44.95086103,17.99262559,-82.77322901,6.5,3.0
2025-01-01 13:30:00,256.2704579747383,57.11342627,19.91989823,85.83706791,538.5706036688846,216.8971285,0.391014221,216.8971285,52.83468917,14.82100366,-77.50949137,6.5,3.0
2025-01-01 13:45:00,238.50614303076236,54.88406686,27.26105555,84.42203543,507.5723712866227,206.0987906,0.383505341,206.0987906,48.89690042,17.91373155,-73.59893294,6.5,3.0
2025-01-01 14:00:00,294.9618126585967,57.87784025,30.87654432,94.29007732,565.7281975955289,211.3869314,0.376003901,211.3869314,54.86919828,24.39249496,-78.20152927,6.5,3.0
2025-01-01 14:15:00,283.33102523318007,59.25585195,18.23691155,93.73005691,593.4497457370469,203.65181,0.368239239,203.65181,49.8932761,17.00371122,-73.18509335,6.5,3.0
2025-01-01 14:30:00,280.82281559557424,55.58821483,23.05280278,92.6804114,595.4935593453354,211.7202616,0.354608259,211.7202616,50.03059143,19.73859721,-76.70459705,6.5,3.0
2025-01-01 14:45:00,289.83434651264906,60.40867841,20.50182483,83.36702232,529.6184973220888,210.6837411,0.350491059,210.6837411,53.45871118,15.91017031,-74.67096876,6.5,3.0
2025-01-01 15:00:00,271.7559897017289,51.56337158,23.47605648,85.70578486,420.3663068017864,224.295202,0.357865827,224.295202,48.51923028,16.45823994,-78.56393624,6.5,3.0
2025-01-01 15:15:00,261.6363730296009,58.22181213,29.6881412,94.16306176,414.2261473451865,218.4579152,0.35571267,218.4579152,48.3321991,16.65759317,-77.36013488,6.5,3.0
2025-01-01 15:30:00,257.3816122642042,53.76658048,17.2517535,77.41708108,402.7538672911294,238.5871854,0.35259504,238.5871854,47.61864756,11.4908099,-81.01624668,6.5,3.0
2025-01-01 15:45:00,283.3160250044659,56.88215386,30.36368902,87.23609381,444.59367856189783,213.0260142,0.364607343,213.0260142,46.7006435,20.42997364,-76.67177647,6.5,3.0
2025-01-01 16:00:00,345.19820062328756,48.37613387,26.4238518,74.48811496,362.6671841765486,229.4667316,0.373560445,229.4667316,38.75838197,13.79335037,-78.22898967,6.5,3.0
2025-01-01 16:15:00,338.52643570196216,55.96687539,23.47646925,85.03362975,362.6552566000373,208.9155582,0.385841402,208.9155582,47.23520229,22.86032788,-76.91152874,6.5,3.0
2025-01-01 16:30:00,331.3410014703777,60.9085845,16.71521914,118.6505492,339.2509202172988,182.9428593,0.371902705,182.9428593,50.10940584,13.92353412,-65.58240026,6.5,3.0
2025-01-01 16:45:00,336.90436220437255,57.87801302,24.65364495,101.0938061,344.40663900611526,205.0048743,0.363563647,205.0048743,57.15803776,14.54173966,-73.21333872,6.5,3.0
2025-01-01 17:00:00,474.83445730836894,49.17952207,30.44432896,91.61972221,212.14580852722963,214.1578483,0.370522679,214.1578483,39.8927766,20.10660884,-76.36388994,9.0,3.0
2025-01-01 17:15:00,487.6418501060387,51.60519615,28.86600666,81.534602,212.72586044609173,224.946255,0.368605486,224.946255,49.63380583,20.00190056,-80.96884918,9.0,3.0
2025-01-01 17:30:00,465.0697737819,50.41747166,30.27939173,62.33047599,214.57584666351224,234.2184768,0.36225674,234.2184768,45.18826152,23.38624421,-84.64233156,9.0,3.0
2025-01-01 17:45:00,506.41391880369247,58.87078326,26.09976353,100.3846558,246.5424843631664,197.048481,0.361238489,197.048481,56.46311588,22.73147533,-74.70900993,9.0,3.0
2025-01-01 18:00:00,471.2160797601614,53.10067775,24.72399314,82.07230967,0.0,234.5901908,0.360616587,234.5901908,43.71774866,24.36974916,-85.47239251,9.0,3.0
2025-01-01 18:15:00,500.98504942905106,60.664561,24.49377944,90.60742784,0.0,212.3112281,0.345861846,212.3112281,54.4171156,15.68470082,-75.92891646,9.0,3.0
2025-01-01 18:30:00,505.68745453543056,57.58384918,19.46811558,81.65279288,0.0,231.5275245,0.331357372,231.5275245,50.45890884,17.55563964,-81.76358249,9.0,3.0
2025-01-01 18:45:00,462.16141627535694,48.88844074,17.33441628,90.87903235,0.0,206.806628,0.331019551,206.806628,39.24462278,12.10032173,-70.87301178,9.0,3.0
2025-01-01 19:00:00,501.4840151056868,49.37571904,16.39078561,77.0067476,0.0,212.7755191,0.333057469,212.7755191,48.18439074,8.548572535,-72.22912391,9.0,3.0
2025-01-01 19:15:00,488.8462354819368,57.41513158,23.06278912,89.79096096,0.0,225.4897519,0.343218407,225.4897519,46.23278005,12.87074724,-77.76162312,9.0,3.0
2025-01-01 19:30:00,471.76855169031165,56.65184119,18.82271214,74.05582811,0.0,226.5592245,0.319882265,226.5592245,52.46102393,18.01602238,-81.36178508,9.0,3.0
2025-01-01 19:45:00,498.85119772206485,61.9090453,23.07628808,99.0756887,0.0,210.1764841,0.318257494,210.1764841,59.96837029,18.09007823,-76.80601078,9.0,3.0
2025-01-01 20:00:00,449.4314035663369,54.49381103,27.40281971,65.08122118,0.0,236.4958392,0.329110305,236.4958392,45.1278669,16.0496047,-82.43749652,9.0,3.0
2025-01-01 20:15:00,488.8107896737345,49.38251456,31.04706191,75.07231044,0.0,230.277495,0.321913881,230.277495,46.81734438,25.42242926,-84.67205633,9.0,3.0
2025-01-01 20:30:00,457.0506149348874,50.87576204,27.4200278,80.16498937,0.0,225.591546,0.319627683,225.591546,45.91758665,23.66309236,-81.878412,9.0,3.0
2025-01-01 20:45:00,482.20719182504126,52.31589223,29.88184217,89.83216174,0.0,209.3690915,0.312337074,209.3690915,51.38294391,25.04122067,-78.74745686,9.0,3.0
2025-01-01 21:00:00,277.74555807506607,55.66335244,16.53302805,95.84611701,0.0,211.4565713,0.313728614,211.4565713,46.93094136,10.8934277,-73.10720575,9.0,3.0
2025-01-01 21:15:00,282.4984189657291,60.07771201,26.16516726,67.921779,0.0,239.0750889,0.308101446,239.0750889,54.17167599,23.92924271,-87.35432983,9.0,3.0
2025-01-01 21:30:00,265.02969368078044,60.63735088,29.42098325,72.17389359,0.0,232.4413873,0.297065814,232.4413873,58.21284088,16.56600202,-81.77219525,9.0,3.0
2025-01-01 21:45:00,261.2263292784244,60.9992007,20.13665257,87.99421597,0.0,223.2158706,0.287433736,223.2158706,52.55252621,19.35650838,-80.25657321,9.0,3.0
2025-01-01 22:00:00,292.8931953797921,53.00393894,24.87407203,86.18982445,0.0,214.5665869,0.297014553,214.5665869,43.04409138,24.85907162,-79.88278941,6.5,3.0
2025-01-01 22:15:00,306.8332471163114,47.87647863,17.10727239,87.27620505,0.0,216.3209857,0.318449309,216.3209857,41.82244968,13.96027407,-74.71875609,6.5,3.0
2025-01-01 22:30:00,298.48473401861776,59.87959062,17.50649231,102.0023691,0.0,190.6730547,0.32828201,190.6730547,53.24158788,16.96236388,-69.49818584,6.5,3.0
2025-01-01 22:45:00,306.5388234852787,52.74416614,27.3401864,101.0426572,0.0,197.1959718,0.327253015,197.1959718,47.17327925,26.97993872,-75.20312637,6.5,3.0
2025-01-01 23:00:00,261.8545185191724,52.36597261,27.40873113,84.06155122,0.0,213.5150056,0.335774653,213.5150056,48.88385296,24.60475783,-79.56504953,6.5,3.0
2025-01-01 23:15:00,262.54573999397394,55.73475657,17.00898234,105.9922654,0.0,197.1128859,0.328862987,197.1128859,52.03466466,9.518034142,-68.46700224,6.5,3.0
2025-01-01 23:30:00,263.14984057874045,47.45518109,21.31013101,94.34008162,0.0,210.4184403,0.324876713,210.4184403,40.30442876,19.40634912,-75.11974585,6.5,3.0
2025-01-01 23:45:00,254.3799009081133,49.13893485,22.59026565,95.71789942,0.0,208.518938,0.346525159,208.518938,46.04481468,16.26912929,-73.85876249,6.5,3.0
2025-01-02 00:00:00,261.8921721632389,52.77954671,16.50615845,81.20682658,0.0,215.5564992,0.349049164,215.5564992,51.32939615,12.80133608,-75.15299917,6.5,3.0
2025-01-02 00:15:00,269.1755394688265,54.38305619,19.22088142,69.55231132,0.0,241.1340071,0.338183879,241.1340071,44.21094098,16.02491994,-83.40817348,6.5,3.0
2025-01-02 00:30:00,260.85857662010994,46.9443256,19.3580449,83.93332511,0.0,221.9615289,0.341717023,221.9615289,43.8144179,11.87789108,-75.65819515,6.5,3.0
2025-01-02 00:45:00,268.04371174782466,59.26544252,15.28040391,117.021968,0.0,174.3386878,0.343569316,174.3386878,57.19853252,12.79809211,-63.20235706,6.5,3.0
2025-01-02 01:00:00,242.1526705963118,55.59701758,21.86790021,73.22349847,0.0,238.5236375,0.358594665,238.5236375,50.56429597,20.05349059,-85.11867722,6.5,3.0
2025-01-02 01:15:00,246.37196536519284,54.93531181,28.53321362,86.34590415,0.0,215.2228763,0.351575377,215.2228763,50.31101822,22.15819808,-79.21506455,6.5,3.0
2025-01-02 01:30:00,253.9629335216872,50.23413706,21.63188242,88.67004236,0.0,222.5493987,0.364577064,222.5493987,41.11987797,12.75786194,-76.31558949,6.5,3.0
2025-01-02 01:45:00,259.72243051680823,59.6662003,20.83384983,72.46024523,0.0,232.9622128,0.370576102,232.9622128,58.37964012,17.81676631,-83.5416467,6.5,3.0
2025-01-02 02:00:00,321.9822006519345,59.82586621,27.99380258,102.5533477,0.0,201.1617311,0.344638283,201.1617311,49.7804564,20.46666253,-73.68189643,6.5,3.0
2025-01-02 02:15:00,308.8353891397248,50.86168828,17.92228052,107.6015987,0.0,208.6987956,0.333360684,208.6987956,49.90174463,16.62165475,-74.91293383,6.5,3.0
2025-01-02 02:30:00,297.23589400745584,58.35294561,20.70670225,73.75825869,0.0,239.1009419,0.316803369,239.1009419,51.82513508,20.03440776,-85.14570017,6.5,3.0
2025-01-02 02:45:00,308.0265162008849,58.00590213,17.17326587,93.68415784,0.0,217.6873249,0.308485789,217.6873249,53.43650183,15.13959228,-77.30402393,6.5,3.0
2025-01-02 03:00:00,285.3853853464263,48.79496946,17.40646914,94.73362571,0.0,194.6366354,0.2875839,194.6366354,47.724295,10.36169197,-67.79170258,6.5,3.0
2025-01-02 03:15:00,314.7626460293678,50.3809692,16.64945472,79.37796738,0.0,231.0745457,0.286256786,231.0745457,42.13534182,14.72299248,-79.78926858,6.5,3.0
2025-01-02 03:30:00,308.5697311409494,52.99383456,22.647771,96.64335644,0.0,209.7164782,0.293423159,209.7164782,47.9163849,13.31445952,-73.28706815,6.5,3.0
2025-01-02 03:45:00,290.74223748325653,58.04422476,21.57326998,80.48926432,0.0,222.7047765,0.293342906,222.7047765,56.52798913,18.04619837,-80.15871662,6.5,3.0
2025-01-02 04:00:00,290.38937379110246,51.63472357,30.42142192,83.51117083,0.0,223.1158792,0.273869779,223.1158792,48.03718477,27.21796498,-83.45062501,6.5,3.0
2025-01-02 04:15:00,314.71445355042226,51.16697079,27.68894561,92.6399915,0.0,212.8355698,0.2691254,212.8355698,49.86275218,23.49269345,-79.20234273,6.5,3.0
2025-01-02 04:30:00,307.70661994506537,55.36039504,24.83851639,96.46460911,0.0,210.8751729,0.259253432,210.8751729,52.50592585,13.46481348,-74.30837015,6.5,3.0
2025-01-02 04:45:00,298.7395527134099,59.59341892,18.7611118,102.0506129,0.0,202.3470678,0.259133426,202.3470678,53.41663654,10.17498416,-70.68650964,6.5,3.0
2025-01-02 05:00:00,309.3686167442514,47.35732826,25.10224683,88.5404499,0.0,219.3685647,0.263674031,219.3685647,42.32219093,20.63350549,-79.30264615,6.5,3.0
2025-01-02 05:15:00,313.4963949224304,56.01783226,16.67228775,81.28312581,0.0,223.2897049,0.250944107,223.2897049,48.03561924,12.57923719,-76.91607922,6.5,3.0
2025-01-02 05:30:00,298.6731766320487,51.59302293,30.44754637,92.27975343,0.0,220.6328016,0.253238736,220.6328016,47.3289827,22.539334,-80.58136554,6.5,3.0
2025-01-02 05:45:00,312.68181170126957,48.80713992,24.22449645,86.63304871,0.0,227.544237,0.254807001,227.544237,42.2693604,13.66941344,-78.60017442,6.5,3.0
2025-01-02 06:00:00,415.96392658298976,60.28947155,24.80735621,88.92663886,0.0,226.681825,0.257019613,226.681825,51.81623313,22.84697492,-83.02649207,6.5,3.0
2025-01-02 06:15:00,412.3904841238306,58.53856015,21.44936665,106.6294404,0.0,188.7902957,0.251863565,188.7902957,57.90833454,10.78933795,-67.10777908,6.5,3.0
2025-01-02 06:30:00,449.74881148427363,59.7782715,19.61323034,105.7302862,0.0,206.1936484,0.251061106,206.1936484,56.9696745,16.4967283,-75.37031373,6.5,3.0
2025-01-02 06:45:00,451.35677780890614,55.99077221,32.44103781,85.94562599,0.0,235.1434592,0.264278409,235.1434592,48.68165134,28.00830678,-86.30204683,6.5,3.0
2025-01-02 07:00:00,392.13815488961114,49.82915459,21.54123822,97.93064022,200.84227546421744,209.3193297,0.265132505,209.3193297,48.05922814,10.8220093,-72.3116017,6.5,3.0
2025-01-02 07:15:00,399.33565732623975,50.1407817,21.83835497,116.4248595,208.01195447322732,189.6627993,0.268238844,189.6627993,47.34349594,14.15706995,-68.13209581,6.5,3.0
2025-01-02 07:30:00,373.16964445279956,49.45891051,17.91568502,98.28255387,194.82865242463163,214.858529,0.264120181,214.858529,41.87167533,15.20160597,-75.39193846,6.5,3.0
2025-01-02 07:45:00,392.62654333134947,54.0498741,21.58432637,96.60142222,216.01711763792366,206.3254049,0.272436272,206.3254049,49.35769304,16.96787761,-74.04934289,6.5,3.0
2025-01-02 08:00:00,459.49843603995157,53.76170256,21.34681784,105.4012025,378.40287577802934,210.5368175,0.27857962,210.5368175,48.92713107,16.21456801,-75.01586129,6.5,3.0
2025-01-02 08:15:00,428.30406887700815,58.54625427,26.41940523,79.97661798,388.2864164468142,217.4947365,0.295003532,217.4947365,56.11326822,23.170949,-81.65442545,6.5,3.0
2025-01-02 08:30:00,425.6920392557311,52.9362746,28.20208984,85.53275551,382.13990122235595,212.8285966,0.288183465,212.8285966,50.57811928,21.34006254,-78.34565592,6.5,3.0
2025-01-02 08:45:00,469.125455827309,52.52907807,26.97427094,86.03952238,396.0708065528006,218.2272359,0.280005214,218.2272359,45.60203553,22.54065002,-79.4857206,6.5,3.0
2025-01-02 09:00:00,396.934706348488,61.72965933,20.00701366,107.129424,475.0687406368285,205.6073945,0.277396966,205.6073945,56.46794126,17.95207057,-75.21019844,6.5,3.0
2025-01-02 09:15:00,376.0740857591257,53.13984499,21.99733749,89.9494252,465.5892573218061,210.6130477,0.284686811,210.6130477,45.07470463,17.22736586,-74.90152859,6.5,3.0
2025-01-02 09:30:00,373.77767643570957,54.17195923,17.45573792,111.7050394,507.15506051591666,200.1105196,0.3020637,200.1105196,43.67076243,13.45579315,-70.47649249,6.5,3.0
2025-01-02 09:45:00,374.6435314566768,57.90174454,28.78247165,95.27915708,488.96694152544865,218.5644653,0.310032305,218.5644653,55.93191079,17.85841165,-78.43343846,6.5,3.0
2025-01-02 10:00:00,334.60379465355936,60.29953701,29.861755,84.71817613,541.5069849568233,214.3542451,0.311464539,214.3542451,56.62818786,24.78435839,-80.41768444,6.5,3.0
2025-01-02 10:15:00,333.95964430074184,62.66539137,19.45823232,87.19854055,576.3145882098028,222.8868963,0.326927744,222.8868963,56.8209256,13.50426502,-78.00056875,6.5,3.0
2025-01-02 10:30:00,312.59706991397076,61.02154313,19.39380916,103.4654506,567.5036672469654,196.671906,0.324353171,196.671906,60.98829887,13.55169372,-70.67809802,6.5,3.0
2025-01-02 10:45:00,331.1694911317279,51.61444404,18.06971776,92.76557831,562.4547595864087,217.7833797,0.321959007,217.7833797,46.46181246,12.07916693,-75.50847717,6.5,3.0
2025-01-02 11:00:00,263.2408082842247,55.48228463,24.66016167,76.95350911,570.1446748957359,233.80107,0.326026054,233.80107,54.29798354,18.91858122,-83.7636833,6.5,3.0
2025-01-02 11:15:00,261.6124394997372,57.86037289,27.2677051,77.34746365,589.6629467244302,242.7431783,0.307741793,242.7431783,46.91734374,26.2144017,-89.13465733,6.5,3.0
2025-01-02 11:30:00,265.01656147426803,48.55990329,21.14167995,86.94028796,610.7425385389759,227.699476,0.307649001,227.699476,42.00541543,11.2771908,-77.28868663,6.5,3.0
2025-01-02 11:45:00,291.84019074177013,46.96493717,18.56153412,83.23000582,590.7498398408582,216.2963344,0.299461838,216.2963344,39.85442874,15.78959069,-75.72022965,6.5,3.0
2025-01-02 12:00:00,248.9213524851089,55.24481363,26.49886338,73.24263866,526.7012777396535,236.105193,0.291239283,236.105193,52.9859633,14.98652334,-82.60665977,6.5,3.0
2025-01-02 12:15:00,253.090467393616,54.83241468,21.06680901,88.42498687,489.1999402946755,216.5589084,0.279198411,216.5589084,50.42897611,16.63074216,-77.16809101,6.5,3.0
2025-01-02 12:30:00,260.9886690808197,60.65086067,27.06465321,96.3366,503.8623824685567,196.6343428,0.283292043,196.6343428,56.77189198,23.1245145,-74.1447236,6.5,3.0
2025-01-02 12:45:00,248.6595110404554,51.45435546,19.9296111,96.39281922,536.7363994971142,202.4373876,0.289636175,202.4373876,41.87171531,14.13341807,-71.00280223,6.5,3.0
2025-01-02 13:00:00,280.7728549527383,61.54172897,22.0832951,82.1789632,600.6253593332917,218.2986238,0.299448792,218.2986238,50.66656518,17.83800384,-78.96645594,6.5,3.0
2025-01-02 13:15:00,291.8326132282471,58.61209591,26.31318442,98.85488127,578.3250889916675,218.0373307,0.302066845,218.0373307,51.6270512,19.0680509,-78.49485586,6.5,3.0
2025-01-02 13:30:00,269.6499820992806,51.02375998,18.39289973,96.9712799,598.1967971450164,212.3717343,0.297824914,212.3717343,47.35934685,10.37520577,-73.17729714,6.5,3.0
2025-01-02 13:45:00,290.1245497197341,54.23698577,16.87871035,106.0083493,544.5127545300243,193.2580347,0.311914298,193.2580347,43.40556537,16.69463482,-69.7213753,6.5,3.0
2025-01-02 14:00:00,294.4933843305121,56.76955714,27.51406611,114.1798935,455.2234441957406,212.5249775,0.311802985,212.5249775,51.2723597,22.95583505,-79.07834026,6.5,3.0
2025-01-02 14:15:00,283.67812191477424,52.23267856,30.21818114,112.5846549,462.3686562972507,198.7050688,0.303809572,198.7050688,49.86784572,19.697037,-73.20830128,6.5,3.0
2025-01-02 14:30:00,288.7206882975331,57.25677955,24.1108444,99.14635548,440.74146712840786,211.3446062,0.312055862,211.3446062,53.32740073,12.38432505,-74.30746146,6.5,3.0
2025-01-02 14:45:00,265.9678054571805,62.09496183,17.61842972,84.31938845,442.5464323786009,232.2976773,0.319795634,232.2976773,58.67181916,10.49545041,-79.83752003,6.5,3.0
2025-01-02 15:00:00,252.0648804047648,57.81627855,23.20242534,90.46318134,468.33024351056696,207.7470479,0.306577358,207.7470479,52.30462817,17.43626449,-74.99447687,6.5,3.0
2025-01-02 15:15:00,268.79452108710046,62.05406769,31.13135531,101.4155531,451.0327386888819,204.2940851,0.315434877,204.2940851,49.92434219,20.21453469,-75.47041605,6.5,3.0
2025-01-02 15:30:00,260.19393503724183,47.49581604,23.65362936,89.29339898,478.5772640863141,213.8159712,0.331506654,213.8159712,45.56902501,17.22086402,-75.93576484,6.5,3.0
2025-01-02 15:45:00,252.33666347089297,49.99330387,18.38077877,89.9310504,477.9397537142372,213.9058155,0.336344991,213.9058155,43.22099306,16.38283576,-75.76636999,6.5,3.0
2025-01-02 16:00:00,391.5414753905925,58.50627102,31.22624665,87.09507985,361.3808169425827,227.4210739,0.335568198,227.4210739,58.4124741,17.6690995,-81.90529961,6.5,3.0
2025-01-02 16:15:00,394.80792111579746,53.2052204,21.45974606,92.24292817,329.6269248072589,223.7646196,0.326342214,223.7646196,43.04793642,16.08621586,-78.44458998,6.5,3.0
2025-01-02 16:30:00,410.6069017457939,54.17128534,29.88361089,88.40966042,336.17941429623505,220.0373798,0.331044073,220.0373798,44.59331752,27.15728881,-81.71261885,6.5,3.0
2025-01-02 16:45:00,391.9837017478162,58.6899605,19.38030244,116.4013794,359.90284395392314,190.3622224,0.299989023,190.3622224,57.75190733,13.09005759,-68.76951819,6.5,3.0
2025-01-02 17:00:00,482.883055745835,59.028847,26.40444953,118.2706971,193.12492377439364,191.9299544,0.291584269,191.9299544,52.52678688,21.4046917,-71.55059686,9.0,3.0
2025-01-02 17:15:00,494.30801861491386,57.46315939,22.69944177,107.0281017,190.2373043944649,210.8244778,0.297776587,210.8244778,57.23670033,13.23212266,-74.49301617,9.0,3.0
2025-01-02 17:30:00,478.8348188026366,50.2803359,31.70448465,96.08193929,191.4154535774088,212.7379352,0.276989035,212.7379352,46.87990826,29.84041742,-81.92794714,9.0,3.0
2025-01-02 17:45:00,444.18410683661455,61.36000482,26.21203361,76.21687942,202.70231825373264,221.1897547,0.27262554,221.1897547,61.2042462,24.11226875,-83.35470356,9.0,3.0
2025-01-02 18:00:00,459.058507758335,48.07781596,23.91781303,74.37042538,0.0,234.1551891,0.28579729,234.1551891,44.80690412,13.41829626,-80.63781254,9.0,3.0
2025-01-02 18:15:00,490.8166066250697,56.07708908,24.46682126,69.89678889,0.0,234.6395027,0.278609305,234.6395027,55.60370967,24.08172746,-87.02428688,9.0,3.0
2025-01-02 18:30:00,450.68091636477686,55.68913909,27.3913128,91.68398793,0.0,220.2236609,0.283458012,220.2236609,49.90099302,18.47181744,-79.6187487,9.0,3.0
2025-01-02 18:45:00,488.67396925181856,54.23914481,21.51370652,72.44999433,0.0,235.5092298,0.270071307,235.5092298,46.15943379,20.39230294,-84.12549902,9.0,3.0
2025-01-02 19:00:00,497.86118711918874,57.55641991,28.00970227,93.54939226,0.0,207.4670528,0.268504351,207.4670528,54.32803563,26.99441524,-79.90493162,9.0,3.0
2025-01-02 19:15:00,467.9665461202326,49.18227358,25.07247817,88.15255326,0.0,221.8015863,0.286166431,221.8015863,47.89466525,15.24223973,-78.42630764,9.0,3.0
2025-01-02 19:30:00,480.7265290240727,56.41194984,16.93889733,99.6554613,0.0,193.1272012,0.28847023,193.1272012,47.21074833,14.8176008,-69.52854543,9.0,3.0
2025-01-02 19:45:00,479.5057377365058,63.78203373,31.29224626,88.86398387,0.0,226.357248,0.292858785,226.357248,60.76491689,18.0007016,-82.14647602,9.0,3.0
2025-01-02 20:00:00,475.3578129243935,62.49595877,28.68452188,108.5234354,0.0,206.5491723,0.299878528,206.5491723,52.63454574,16.55127599,-74.86301884,9.0,3.0
2025-01-02 20:15:00,478.6334505339508,53.41671673,25.04876659,95.01844113,0.0,204.7899256,0.299568709,204.7899256,47.75216804,21.45230998,-75.43171238,9.0,3.0
2025-01-02 20:30:00,465.3985388912807,54.50779803,22.19572435,97.74172007,0.0,222.6611866,0.295925605,222.6611866,44.4939293,20.4751518,-80.9769288,9.0,3.0
2025-01-02 20:45:00,452.970197650375,58.96139409,27.50523987,93.4519356,0.0,219.6126917,0.285396789,219.6126917,49.13153429,24.05671601,-81.97092735,9.0,3.0
2025-01-02 21:00:00,266.2470559017968,51.71114075,18.90000069,92.62064798,0.0,218.8081282,0.292293856,218.8081282,45.76655964,11.38670794,-75.49566302,9.0,3.0
2025-01-02 21:15:00,260.1037412100968,60.18331521,29.961958,91.69518931,0.0,207.9044931,0.279585256,207.9044931,55.49148875,22.2859147,-78.62986176,9.0,3.0
2025-01-02 21:30:00,261.01728323330946,50.97347195,29.34278019,108.6300122,0.0,198.5222307,0.279787581,198.5222307,44.66210358,23.90623261,-75.13110392,9.0,3.0
2025-01-02 21:45:00,238.92191965479697,52.85340319,27.49866704,98.38973996,0.0,221.3649841,0.278796107,221.3649841,50.32338506,23.68273376,-82.52517083,9.0,3.0
2025-01-02 22:00:00,258.73515253620445,54.89293389,26.70626825,88.04055422,0.0,214.3243087,0.279256674,214.3243087,47.34712015,19.96741218,-78.05613652,6.5,3.0
2025-01-02 22:15:00,260.4862991705916,56.17964648,25.03845754,93.96285801,0.0,220.6472901,0.270621411,220.6472901,46.90661998,22.90332047,-81.84879943,6.5,3.0
2025-01-02 22:30:00,255.3446560462054,60.42412569,22.4682118,98.77391081,0.0,208.7691896,0.290570034,208.7691896,59.61037095,11.52754935,-73.82368632,6.5,3.0
2025-01-02 22:45:00,260.83389224699863,63.33066255,18.52263412,110.5926501,0.0,198.5126557,0.287646787,198.5126557,57.23056837,10.97004827,-70.51138363,6.5,3.0
2025-01-02 23:00:00,322.7615360151698,50.34292567,21.10067238,103.2219034,0.0,202.6089901,0.284733105,202.6089901,48.81012503,12.68767346,-71.30648946,6.5,3.0
2025-01-02 23:15:00,324.5118397270474,51.53481621,31.0280789,102.6151754,0.0,219.0447774,0.292083739,219.0447774,42.07512261,19.0345262,-78.33015869,6.5,3.0
2025-01-02 23:30:00,327.0714576076117,53.82676332,27.31148469,105.0404015,0.0,200.0405572,0.295744428,200.0405572,52.02203646,16.75914759,-72.9031775,6.5,3.0
2025-01-02 23:45:00,314.225166650171,61.03710762,17.19541929,78.03725237,0.0,223.2548337,0.301201417,223.2548337,52.48034397,13.37749124,-78.45594967,6.5,3.0
2025-01-03 00:00:00,316.3851237371833,64.10303027,21.53286099,83.17599086,0.0,230.6384683,0.300540423,230.6384683,62.96930357,21.49085733,-85.14532148,6.5,3.0
2025-01-03 00:15:00,330.80624588133355,52.81697406,32.02456317,90.03136011,0.0,220.0600476,0.288452717,220.0600476,50.86463846,20.71619223,-80.68171193,6.5,3.0
2025-01-03 00:30:00,317.3602783378329,61.72233503,20.96681031,85.65347202,0.0,217.4865101,0.295601632,217.4865101,60.26343863,10.91863431,-76.40302015,6.5,3.0
2025-01-03 00:45:00,308.01835204365034,52.29374303,18.01488324,82.14364725,0.0,229.9879345,0.309225756,229.9879345,47.41619812,15.93056199,-81.34915987,6.5,3.0
2025-01-03 01:00:00,291.07072619014235,50.43699496,22.65117746,102.5072085,0.0,201.8335175,0.313766039,201.8335175,46.00341105,12.95389354,-71.40121489,6.5,3.0
2025-01-03 01:15:00,303.3503444399014,49.49776825,19.71551664,98.80461255,0.0,211.6445224,0.311300019,211.6445224,42.07888749,9.97471372,-72.15442338,6.5,3.0
2025-01-03 01:30:00,291.6900342924043,50.54438216,32.82229581,99.28331868,0.0,221.4379491,0.333750538,221.4379491,42.30691164,29.76156148,-83.34170067,6.5,3.0
2025-01-03 01:45:00,323.79889507755206,54.02909492,18.66423075,97.07834886,0.0,213.3706876,0.332023188,213.3706876,46.35605276,18.54968877,-76.94094124,6.5,3.0
2025-01-03 02:00:00,280.29636659329987,65.01291822,21.64204572,94.78350656,0.0,220.1981991,0.349398122,220.1981991,56.57240331,19.1010823,-79.91608163,6.5,3.0
2025-01-03 02:15:00,276.96676507491367,64.83539004,24.67556023,112.5066851,0.0,200.9953391,0.34796009,200.9953391,62.39028479,24.46417052,-77.67830028,6.5,3.0
2025-01-03 02:30:00,279.3938403019545,63.03722337,31.9664244,114.1789583,0.0,192.0887905,0.335537355,192.0887905,60.05060063,16.08117586,-70.60789834,6.5,3.0
2025-01-03 02:45:00,243.10302802983188,52.18665573,17.24672117,77.86253323,0.0,233.0947792,0.322110791,233.0947792,48.11499427,9.488540249,-78.90712446,6.5,3.0
2025-01-03 03:00:00,310.61819358083056,49.17713443,19.78665473,102.1015138,0.0,209.2211385,0.320901792,209.2211385,46.03708692,10.60131753,-72.20358662,6.5,3.0
2025-01-03 03:15:00,321.84423957359877,61.59673359,30.8196437,105.4308594,0.0,196.3697682,0.320677067,196.3697682,49.68017672,25.11293315,-76.29492206,6.5,3.0
2025-01-03 03:30:00,310.2770865776939,51.41315917,29.28681505,100.0545532,0.0,206.6045051,0.333430569,206.6045051,45.09100488,27.38918082,-79.55645719,6.5,3.0
2025-01-03 03:45:00,348.0104802678767,64.6572236,22.08532576,106.9930696,0.0,204.8968519,0.339267554,204.8968519,63.05050804,12.07126713,-73.09537103,6.5,3.0
2025-01-03 04:00:00,301.51658594107374,54.47639324,26.69205393,116.8373218,0.0,190.7254194,0.336725252,190.7254194,53.10482815,14.14372964,-68.90185288,6.5,3.0
2025-01-03 04:15:00,303.2100186029885,61.19271366,25.5599246,101.7713253,0.0,217.3012702,0.334712122,217.3012702,52.49300448,17.74055007,-78.04135044,6.5,3.0
2025-01-03 04:30:00,295.0717668252667,50.60295751,22.41628744,122.233123,0.0,180.8485861,0.337486162,180.8485861,46.54121548,18.92304826,-67.79871689,6.5,3.0
2025-01-03 04:45:00,333.8316286306713,55.35457804,17.51709631,93.41654799,0.0,216.7318978,0.331575097,216.7318978,52.53126946,11.99089628,-75.64925439,6.5,3.0
2025-01-03 05:00:00,289.3995945527812,57.68256119,29.37040382,113.7943955,0.0,200.2487877,0.335004972,200.2487877,51.81098691,18.91118452,-73.16524658,6.5,3.0
2025-01-03 05:15:00,310.49023637668705,52.73868149,28.86764786,99.59311905,0.0,219.2303259,0.338051448,219.2303259,42.37981563,21.10709003,-80.08715899,6.5,3.0
2025-01-03 05:30:00,294.9529988224743,53.85656429,31.9137104,99.26366245,0.0,204.6103085,0.327983236,204.6103085,53.19841786,29.61464633,-80.62426382,6.5,3.0
2025-01-03 05:45:00,320.2271702480575,62.76465446,23.15262411,117.0418914,0.0,196.5092986,0.330274885,196.5092986,53.98644071,14.9609167,-70.6644112,6.5,3.0
2025-01-03 06:00:00,416.26078115998354,63.83697235,28.80719355,97.6036018,0.0,216.5900802,0.336322053,216.5900802,54.3327753,16.82963535,-77.77350253,6.5,3.0
2025-01-03 06:15:00,428.82656317082314,49.16135555,21.16127492,83.96225261,0.0,222.5038217,0.340654976,222.5038217,44.55037871,11.79697768,-76.73177299,6.5,3.0
2025-01-03 06:30:00,449.36828855488574,64.11930789,25.00588015,96.35610431,0.0,212.4609567,0.35479393,212.4609567,52.03124355,12.7843388,-74.3203449,6.5,3.0
2025-01-03 06:45:00,430.2243671143076,64.35979584,32.93857901,99.4926044,0.0,218.7359973,0.358738618,218.7359973,59.45696598,26.49551266,-83.58829214,6.5,3.0
2025-01-03 07:00:00,466.17629762978174,51.94610664,28.99937778,99.59989177,195.72974185961678,205.9731197,0.356189137,205.9731197,41.84158769,18.94722292,-74.58708111,6.5,3.0
2025-01-03 07:15:00,471.1326049946373,64.01977561,33.1016031,106.0710787,195.36127681647537,214.069188,0.359153494,214.069188,62.52030101,26.83872965,-81.78339722,6.5,3.0
2025-01-03 07:30:00,474.28384947297894,60.91498098,28.87338888,94.6585326,200.6152728927998,217.196229,0.372822639,217.196229,59.34506435,15.61743565,-77.79453428,6.5,3.0
2025-01-03 07:45:00,539.7072479026019,53.54642867,18.37945332,91.63435427,178.73370843110808,203.0755775,0.361805544,203.0755775,43.95698041,15.32996977,-72.34338636,6.5,3.0
2025-01-03 08:00:00,410.7850172804858,58.7159423,29.27771636,100.0343145,332.40086772402185,218.3375523,0.364156383,218.3375523,50.41579849,14.68160998,-77.29906144,6.5,3.0
2025-01-03 08:15:00,414.99359942918176,59.64302871,30.20893533,101.7865681,356.51011975983215,207.6016757,0.38219271,207.6016757,55.6917003,27.93569556,-80.96005672,6.5,3.0
2025-01-03 08:30:00,396.19652511034644,52.80789143,18.60739212,100.4624378,355.0998278719276,217.970785,0.379594548,217.970785,48.79965341,10.69898673,-75.15593778,6.5,3.0
2025-01-03 08:45:00,431.00485817998606,56.90931953,25.38786203,114.2139979,348.2491846442183,202.6238543,0.375881836,202.6238543,45.82772545,13.78585426,-71.76068148,6.5,3.0
2025-01-03 09:00:00,408.3045687527617,58.80749548,28.63847149,99.51476495,516.4894086480928,214.101939,0.351119627,214.101939,47.80333439,18.18825924,-77.61858076,6.5,3.0
2025-01-03 09:15:00,425.1204500004006,54.48109265,29.6955972,113.7476643,528.2388452147502,197.7882951,0.344268496,197.7882951,50.3948339,26.93501747,-77.38662274,6.5,3.0
2025-01-03 09:30:00,397.85082356111474,49.93697708,27.89462207,106.0924534,538.7081068444517,211.8666111,0.345680342,211.8666111,49.89907811,26.3407784,-79.76343576,6.5,3.0
2025-01-03 09:45:00,411.37415768572305,62.42730993,21.16324206,99.75971667,540.3236392927056,217.7299859,0.343815786,217.7299859,52.55542241,20.8980609,-79.47166861,6.5,3.0
2025-01-03 10:00:00,360.01416580842607,49.66281559,23.32958959,114.2170741,595.6736312435305,199.7404262,0.3563142,199.7404262,44.92495215,17.36990906,-72.34823843,6.5,3.0
2025-01-03 10:15:00,385.2467728691474,51.2716642,26.45748338,103.9596985,604.1682057301778,199.7805697,0.359739641,199.7805697,45.62161347,21.96596489,-74.14736746,6.5,3.0
2025-01-03 10:30:00,365.9335109455267,65.73874979,21.28572089,102.6171084,619.6570149836564,203.6460202,0.361961018,203.6460202,58.00654507,14.98785382,-73.09367375,6.5,3.0
2025-01-03 10:45:00,361.6455503768998,60.96991383,26.88023046,79.89395612,625.3511480426353,238.3494759,0.367706201,238.3494759,60.70870025,16.93202906,-85.38000902,6.5,3.0
2025-01-03 11:00:00,288.62652013914385,60.17453045,30.56906515,100.145885,516.5147963189194,217.3087434,0.350101633,217.3087434,54.6934781,15.58032152,-77.99965603,6.5,3.0
2025-01-03 11:15:00,289.7116310125718,49.43204219,19.76934944,100.4469608,492.57644625974274,202.985928,0.34162031,202.985928,40.45244821,17.18978798,-73.51639635,6.5,3.0
2025-01-03 11:30:00,292.0155584872719,55.39989504,24.50310223,114.0219124,519.6356629618541,195.1829625,0.325264293,195.1829625,48.24339651,13.27536951,-69.62244071,6.5,3.0
2025-01-03 11:45:00,259.6162903610125,49.61664162,27.2512346,118.5713029,459.5230944594837,194.3198367,0.309813259,194.3198367,40.88884563,19.55315823,-70.67016018,6.5,3.0
2025-01-03 12:00:00,244.9021543751683,62.78255498,28.06213932,99.10790559,567.3079679451046,206.5067516,0.306567147,206.5067516,53.20100697,21.61594268,-77.50124738,6.5,3.0
2025-01-03 12:15:00,256.46150337915674,59.97296185,30.39073366,88.27529881,517.1601341369479,226.6654731,0.306285479,226.6654731,59.19507638,29.5970351,-88.13175495,6.5,3.0
2025-01-03 12:30:00,257.570334263497,56.82429708,26.7720983,82.58902787,539.1570798026684,233.9063621,0.305085811,233.9063621,54.47122328,21.27373593,-85.21099803,6.5,3.0
2025-01-03 12:45:00,249.38600798217806,56.71453236,19.28833558,84.96215802,542.9848181152793,221.2354193,0.320241516,221.2354193,54.59353975,10.04248211,-76.57576029,6.5,3.0
2025-01-03 13:00:00,244.6163377189313,57.92888844,27.21824568,104.9261718,501.6381405384875,202.9692703,0.322166581,202.9692703,54.60970883,17.66204974,-74.22599159,6.5,3.0
2025-01-03 13:15:00,256.6723740282354,62.18503011,26.62717219,92.01803059,522.3856299545143,226.3776665,0.33955865,226.3776665,55.87928802,21.33145743,-83.00018554,6.5,3.0
2025-01-03 13:30:00,267.4836903308733,60.8478289,29.6673578,121.3592649,502.11586932764624,186.2983284,0.348208138,186.2983284,50.68725899,26.65919656,-72.76501968,6.5,3.0
2025-01-03 13:45:00,260.12759792196005,52.25110399,26.26535409,107.6846214,480.94036017935196,205.196176,0.359339612,205.196176,45.26058235,13.63307697,-72.28494723,6.5,3.0
2025-01-03 14:00:00,253.73835258541402,61.46853224,22.40153229,78.59535704,516.3191731637138,236.7378326,0.362206324,236.7378326,57.12685369,20.31801358,-85.48824077,6.5,3.0
2025-01-03 14:15:00,259.3122519256814,62.05752281,25.18616166,93.03775339,539.9130530972452,223.4382745,0.362781632,223.4382745,57.90971518,12.99882728,-79.02686822,6.5,3.0
2025-01-03 14:30:00,270.24672823211813,64.08535192,31.78290708,91.71405321,525.0358602806141,221.281763,0.360107985,221.281763,54.8024299,18.03733191,-79.72354759,6.5,3.0
2025-01-03 14:45:00,250.82266725678642,66.07958518,23.78723583,82.36299215,565.491913458427,234.8508076,0.36500161,234.8508076,65.97713446,18.92135753,-85.65687142,6.5,3.0
2025-01-03 15:00:00,272.79064824429247,53.59825575,28.75591939,85.19717549,460.34785640995597,228.8008589,0.349679798,228.8008589,43.59092569,19.11091798,-81.77737226,6.5,3.0
2025-01-03 15:15:00,266.05301827834126,64.355332,20.29802629,99.16001799,473.64044680328044,215.2462474,0.367308329,215.2462474,57.19968519,17.78168643,-78.36183562,6.5,3.0
2025-01-03 15:30:00,263.24936193734766,60.13057636,21.77228461,100.4523987,496.08018327097346,216.5234399,0.368793229,216.5234399,49.88347379,12.90243257,-75.66991351,6.5,3.0
2025-01-03 15:45:00,267.2769715400185,63.76466795,27.38224196,108.7996881,505.91151351579015,199.6588232,0.35895879,199.6588232,60.33955112,14.87153227,-72.66947624,6.5,3.0
2025-01-03 16:00:00,424.8726707454454,55.95383314,17.68390287,108.60899,379.6795356439901,200.4285058,0.375615955,200.4285058,49.18691761,9.712470051,-69.70082763,6.5,3.0
2025-01-03 16:15:00,410.4612360721466,61.56935084,32.28950557,92.19436733,408.48065973498194,216.0919077,0.359845967,216.0919077,60.57012275,23.62392602,-81.28332079,6.5,3.0
2025-01-03 16:30:00,430.1805784781778,49.71140493,29.04351859,92.08091165,384.6750180986474,223.356309,0.360177662,223.356309,41.75184949,28.82713056,-84.36218656,6.5,3.0
2025-01-03 16:45:00,417.9055147042302,55.98522533,30.24869495,106.3833819,421.4147865223806,216.8045264,0.37924793,216.8045264,48.27857449,23.40542812,-80.42224339,6.5,3.0
2025-01-03 17:00:00,456.02408633545093,64.21452982,20.82321524,95.55120532,197.30277733993768,218.6967888,0.370322692,218.6967888,63.16583117,14.7942653,-78.86309945,9.0,3.0
2025-01-03 17:15:00,452.26868296072115,57.32391558,21.90982365,98.89171399,197.46195574803806,216.5482258,0.371965492,216.5482258,45.88069985,21.25433524,-79.40564313,9.0,3.0
2025-01-03 17:30:00,469.26026102985736,61.82668932,21.86711518,103.3247992,213.58569151642303,198.9978722,0.379901969,198.9978722,58.90000259,17.93850195,-73.7024142,9.0,3.0
2025-01-03 17:45:00,438.9969696739706,60.3175252,20.05774073,91.5659863,214.9495753956012,227.8479889,0.380998318,227.8479889,51.95199403,19.9733151,-82.95144715,9.0,3.0
2025-01-03 18:00:00,505.09602423269155,65.90888701,18.73367145,108.5946337,0.0,216.566189,0.365248538,216.566189,58.6885407,10.01635039,-75.57210344,9.0,3.0
2025-01-03 18:15:00,499.456438740363,59.84002906,23.56172759,96.2449688,0.0,218.8879986,0.354660324,218.8879986,52.03644077,14.1296179,-77.02808842,9.0,3.0
2025-01-03 18:30:00,504.63977963387845,55.72303192,31.79213809,102.6812899,0.0,202.5003659,0.363406655,202.5003659,44.83219394,24.67418782,-76.08808492,9.0,3.0
2025-01-03 18:45:00,478.37775739306676,56.62535202,26.36612795,102.7906634,0.0,204.8386718,0.364925109,204.8386718,55.87696246,19.84009303,-75.50016795,9.0,3.0
2025-01-03 19:00:00,478.57842188311747,52.74275567,25.7033636,99.67645147,0.0,209.5400962,0.355647498,209.5400962,48.54422869,22.27562556,-77.97561884,9.0,3.0
2025-01-03 19:15:00,452.3083705143109,51.35003912,31.12589641,92.04160543,0.0,216.2917638,0.342400726,216.2917638,47.50588971,21.08862932,-79.38581319,9.0,3.0
2025-01-03 19:30:00,479.78304255124175,62.06589949,16.60750574,94.60130605,0.0,207.6586303,0.347177561,207.6586303,59.44710772,10.82474376,-73.27646259,9.0,3.0
2025-01-03 19:45:00,442.73016505133,61.53868782,28.48435276,88.85333534,0.0,221.3914866,0.341847375,221.3914866,61.04482947,26.04537441,-84.21457964,9.0,3.0
2025-01-03 20:00:00,450.32084172297635,57.46316167,18.27838144,93.30014162,0.0,218.7756427,0.33610096,218.7756427,51.48722739,10.66555663,-75.30247551,9.0,3.0
2025-01-03 20:15:00,452.0371558597798,57.40515277,32.24575057,98.86736902,0.0,198.0959504,0.325177511,198.0959504,52.97292987,19.8711414,-73.5840681,9.0,3.0
2025-01-03 20:30:00,479.00963044525906,55.9280591,23.9159743,99.7646498,0.0,212.5398532,0.334180599,212.5398532,52.84525774,19.27195722,-77.45917021,9.0,3.0
2025-01-03 20:45:00,484.9423719719848,51.06440638,33.77183996,88.37560471,0.0,223.0431931,0.336925798,223.0431931,50.88642527,21.52456239,-82.0788144,9.0,3.0
2025-01-03 21:00:00,288.94809980579737,67.93839928,23.74350621,110.6124168,0.0,207.924669,0.329346164,207.924669,60.50687942,19.59474961,-76.75419565,9.0,3.0
2025-01-03 21:15:00,296.05610815019725,67.00325133,25.22426009,87.5521983,0.0,231.1020176,0.325141576,231.1020176,64.25093616,12.65622733,-81.87077085,9.0,3.0
2025-01-03 21:30:00,295.9709537170553,61.51958787,17.35028543,93.47256816,0.0,220.2789678,0.318635637,220.2789678,50.90662322,9.423381921,-75.74570814,9.0,3.0
2025-01-03 21:45:00,275.22483832695013,63.56988816,31.38955873,79.8780208,0.0,234.329714,0.318777589,234.329714,53.96083146,22.83512371,-86.87724095,9.0,3.0
2025-01-03 22:00:00,286.2411742218724,65.28189659,22.97578326,100.7191273,0.0,203.682378,0.31463137,203.682378,62.54566138,18.01927902,-75.67634665,6.5,3.0
2025-01-03 22:15:00,276.0727740306597,53.95439344,22.40517832,104.1366608,0.0,193.509986,0.310636785,193.509986,44.25728884,16.98143955,-71.1706912,6.5,3.0
2025-01-03 22:30:00,282.929074380694,61.94204171,27.27655848,96.84683462,0.0,224.8808141,0.328126937,224.8808141,61.65937011,21.90328897,-84.27799439,6.5,3.0
2025-01-03 22:45:00,286.42697736677405,56.20656467,26.00581243,102.5667165,0.0,218.0792474,0.336695532,218.0792474,55.83064812,25.30880506,-82.33834072,6.5,3.0
2025-01-03 23:00:00,253.82597012844016,51.37457265,26.97704331,95.12874853,0.0,228.4405441,0.325948543,228.4405441,48.61392816,22.20700759,-83.84456139,6.5,3.0
2025-01-03 23:15:00,261.86997813615847,53.20984912,17.33875073,79.3164886,0.0,230.618677,0.337572674,230.618677,49.10155524,9.468692298,-78.33011353,6.5,3.0
2025-01-03 23:30:00,253.9099786681466,52.32903041,26.73943102,106.0877393,0.0,208.0988206,0.337200998,208.0988206,47.35745489,14.06507291,-73.30064223,6.5,3.0
2025-01-03 23:45:00,236.8740730672548,51.46704993,16.46949445,117.2993172,0.0,184.390773,0.339186121,184.390773,46.39794846,8.53920709,-63.8360957,6.5,3.0
2025-01-04 00:00:00,271.18686152565976,61.95224312,19.74736582,95.21669212,0.0,216.5827027,0.345222198,216.5827027,56.00274739,18.81819415,-80.09514857,6.5,3.0
2025-01-04 00:15:00,290.83306578601565,49.28853689,25.87277551,112.4246298,0.0,193.197935,0.338099813,193.197935,47.59736752,16.82170767,-70.56148523,6.5,3.0
2025-01-04 00:30:00,290.4176590512649,55.65340381,31.30170157,86.29545672,0.0,231.6392046,0.364809388,231.6392046,51.79763653,17.53603544,-83.26732929,6.5,3.0
2025-01-04 00:45:00,270.66241363705956,66.28043318,24.11712853,100.3702825,0.0,227.5224911,0.380068719,227.5224911,58.62328396,13.46229621,-80.12322408,6.5,3.0
2025-01-04 01:00:00,297.71771078410336,53.37941451,22.93083344,112.9094583,0.0,194.1890705,0.381609764,194.1890705,50.04197637,22.09144429,-73.60125181,6.5,3.0
2025-01-04 01:15:00,294.6800225471016,65.24799821,26.1966681,98.41653176,0.0,205.7743539,0.378059062,205.7743539,58.02678976,24.9290952,-79.03712736,6.5,3.0
2025-01-04 01:30:00,272.87336949840915,61.97309714,18.78240554,96.88011484,0.0,200.6733854,0.38509027,200.6733854,52.21177735,11.25469105,-70.8924863,6.5,3.0
2025-01-04 01:45:00,276.68889717038587,51.39713142,18.94608534,110.7459417,0.0,200.8975345,0.383197148,200.8975345,49.01437928,17.3411433,-73.12992823,6.5,3.0
2025-01-04 02:00:00,226.94250371785577,59.29107894,25.69452978,98.23201375,0.0,212.1755121,0.389998632,212.1755121,57.69512344,15.47987771,-77.08037928,6.5,3.0
2025-01-04 02:15:00,239.57872978261196,66.07311485,19.98561307,109.2035266,0.0,212.3054812,0.3903377,212.3054812,63.39805724,15.66063698,-77.307884,6.5,3.0
2025-01-04 02:30:00,226.76032594702102,64.63210526,26.78684344,83.68525704,0.0,239.0682466,0.398762106,239.0682466,58.71463162,21.7349302,-88.20303457,6.5,3.0
2025-01-04 02:45:00,244.58844055251132,60.4563591,19.60862886,102.5577298,0.0,204.759564,0.394081363,204.759564,60.02588823,13.95435618,-74.25253182,6.5,3.0
2025-01-04 03:00:00,270.9675088456909,58.12877413,30.94648629,94.97032424,0.0,214.8402669,0.407043078,214.8402669,49.4059687,27.24913709,-81.9433559,6.5,3.0
2025-01-04 03:15:00,271.96454239309725,64.73435079,25.54443219,115.5531686,0.0,186.6335354,0.412935974,186.6335354,59.66249903,19.42487033,-71.13338325,6.5,3.0
2025-01-04 03:30:00,253.3262272565615,53.90085184,22.01305505,110.3816026,0.0,207.7766492,0.393038068,207.7766492,51.7791834,12.4758088,-72.96326058,6.5,3.0
2025-01-04 03:45:00,253.33172150465032,51.29659331,32.53297542,92.07212761,0.0,218.1990184,0.409111898,218.1990184,42.96080132,22.20036929,-80.56318977,6.5,3.0
2025-01-04 04:00:00,235.62568658094534,60.21602529,20.2553514,122.8340678,0.0,199.4397166,0.408890263,199.4397166,56.37821323,10.78701086,-70.54876935,6.5,3.0
2025-01-04 04:15:00,232.71440297976753,58.25839044,24.32625072,75.14233534,0.0,251.2571166,0.402201329,251.2571166,49.10766733,22.96671385,-91.91729888,6.5,3.0
2025-01-04 04:30:00,221.0202274453797,51.98962407,25.12620773,115.1181163,0.0,201.7167746,0.401141228,201.7167746,43.81496553,17.34650269,-72.99482206,6.5,3.0
2025-01-04 04:45:00,239.95968299390745,59.87245883,25.24703449,92.02663861,0.0,216.4561295,0.399527922,216.4561295,53.84825672,22.06985016,-81.23937439,6.5,3.0
2025-01-04 05:00:00,272.49789897901036,56.35031109,18.07482414,102.6093224,0.0,212.7896983,0.393627367,212.7896983,56.04475094,11.95724371,-74.73113029,6.5,3.0
2025-01-04 05:15:00,277.86068277020433,56.89159027,31.11062972,96.10822966,0.0,220.1756678,0.392127022,220.1756678,54.69300333,24.15289906,-83.2229137,6.5,3.0
2025-01-04 05:30:00,260.2368435733085,58.30945613,32.38111531,114.8639819,0.0,197.4713692,0.406961378,197.4713692,53.97416793,20.49834962,-74.06177898,6.5,3.0
2025-01-04 05:45:00,270.90457467747683,58.42928156,17.62227105,91.64570623,0.0,224.1088342,0.419828822,224.1088342,56.24300611,16.81056952,-80.72153807,6.5,3.0
2025-01-04 06:00:00,366.75155234332294,55.10364556,24.81507754,98.94797698,0.0,221.5421036,0.439100842,221.5421036,53.74835331,24.43531707,-83.39024177,6.5,3.0
2025-01-04 06:15:00,363.46200160400247,57.47546191,17.15897031,97.99854965,0.0,213.5177714,0.44374868,213.5177714,57.11284296,11.29229875,-75.38086421,6.5,3.0
2025-01-04 06:30:00,354.5325777231085,55.33774821,28.60553899,108.2250223,0.0,198.1605137,0.428550357,198.1605137,46.13387541,26.20061514,-76.29466761,6.5,3.0
2025-01-04 06:45:00,391.81386832956605,55.49322128,20.5450252,83.65216687,0.0,225.4084885,0.418350555,225.4084885,54.5446569,14.83392893,-80.39579449,6.5,3.0
2025-01-04 07:00:00,429.21617563251624,57.7743304,28.6158178,103.2388346,224.50541049225865,216.9148831,0.423933103,216.9148831,55.95979586,26.68601693,-83.75900108,6.5,3.0
2025-01-04 07:15:00,434.7250063710063,55.4491425,29.37887124,98.26886469,214.24398445401917,212.7072048,0.427920504,212.7072048,48.36347664,18.58152555,-76.83657662,6.5,3.0
2025-01-04 07:30:00,433.06615548887925,53.75085266,32.16693467,105.1711789,224.16680761546468,206.3728519,0.424350909,206.3728519,50.0821635,29.21336611,-80.7215936,6.5,3.0
2025-01-04 07:45:00,398.8826625075983,62.38375978,18.52463521,102.6082848,215.2537974382575,217.4057524,0.417317693,217.4057524,52.8190389,17.5745559,-78.63995001,6.5,3.0
2025-01-04 08:00:00,375.53144490028325,60.72752952,20.62305915,95.82297766,320.23281401306116,236.3942518,0.399593199,236.3942518,52.38131345,16.37935339,-84.1940558,6.5,3.0
2025-01-04 08:15:00,365.5563764507764,61.43686415,30.11764063,97.43827236,337.82317091816753,221.4405062,0.399742664,221.4405062,53.92528406,18.98182063,-80.88767107,6.5,3.0
2025-01-04 08:30:00,361.69513621580325,61.57283192,30.30584587,112.9943033,323.1824032767169,208.5545158,0.398926361,208.5545158,60.05720628,18.09950075,-77.19683412,6.5,3.0
2025-01-04 08:45:00,350.817042433137,56.93935254,29.26129978,100.3375089,314.4716117920543,207.7298893,0.393031302,207.7298893,47.95687948,27.2298469,-80.65651734,6.5,3.0
2025-01-04 09:00:00,324.2448423571189,51.24277708,30.03034981,108.3266106,530.4628416953567,193.7156016,0.395941079,193.7156016,48.27924936,23.16292408,-73.68990915,6.5,3.0
2025-01-04 09:15:00,316.2326450089008,56.10743772,29.87999461,87.73284536,553.8167397077405,228.4915281,0.40031538,228.4915281,45.73503111,16.22171176,-80.73903507,6.5,3.0
2025-01-04 09:30:00,337.89991595353575,65.82861663,18.23458764,92.08647369,515.1062913250302,216.0462118,0.387761728,216.0462118,57.9164164,11.43682936,-76.12570958,6.5,3.0
2025-01-04 09:45:00,325.1525966804445,57.87617356,17.8234861,114.6183015,564.3241272718728,205.6746268,0.383010172,205.6746268,56.94348407,11.73452566,-73.19207254,6.5,3.0
2025-01-04 10:00:00,314.05762438715095,57.59590168,26.69755897,103.4037588,564.5289286809086,210.7576615,0.375274023,210.7576615,56.93800333,23.20750348,-80.20415109,6.5,3.0
2025-01-04 10:15:00,323.2536814260029,61.67424807,17.54377025,92.75052968,545.5040079354854,215.4996537,0.384405697,215.4996537,49.78631422,9.883510016,-74.0930281,6.5,3.0
2025-01-04 10:30:00,334.6726286358472,56.01944919,33.31909827,92.97122009,590.8891659856699,220.8508624,0.389150785,220.8508624,53.90213552,32.89456465,-88.13844923,6.5,3.0
2025-01-04 10:45:00,312.18606555099893,67.45610052,30.69637665,97.38032477,587.5678973979357,215.8315302,0.385845744,215.8315302,65.06557817,21.27086644,-81.88205847,6.5,3.0
2025-01-04 11:00:00,258.35126100026787,56.36397295,28.24013766,96.28494347,418.43713590721256,228.4208255,0.376094457,228.4208255,50.17181125,20.52018539,-83.81744017,6.5,3.0
2025-01-04 11:15:00,254.94232080657264,52.89732216,21.82801577,97.66002866,395.3128194655606,215.0739087,0.356202834,215.0739087,42.89132669,17.67557921,-76.6717181,6.5,3.0
2025-01-04 11:30:00,256.0217999389728,55.34596591,23.86614558,116.5705181,391.4481757572972,209.3023973,0.35587671,209.3023973,49.69888031,23.53234345,-78.87667617,6.5,3.0
2025-01-04 11:45:00,223.39461825418675,63.90979099,26.82258614,98.19369255,441.7718688699297,210.2658294,0.3378478,210.2658294,60.26252986,20.80592998,-79.06174198,6.5,3.0
2025-01-04 12:00:00,230.50021769712262,65.68237542,18.24652576,87.2936805,426.541104066952,229.2535422,0.32069207,229.2535422,61.14657106,10.81690127,-80.26262013,6.5,3.0
2025-01-04 12:15:00,224.0940547807772,56.94953086,16.66125765,88.43700146,427.61077545458977,207.2062026,0.325798826,207.2062026,51.06193999,9.166999289,-71.75343956,6.5,3.0
2025-01-04 12:30:00,225.11792937210075,59.12187714,23.53231282,85.94742471,441.65451385687686,236.524687,0.350558143,236.524687,58.01590245,20.11238949,-86.52107212,6.5,3.0
2025-01-04 12:45:00,249.91779814999938,58.98316603,26.41783338,103.3089636,459.53360662158116,205.7148191,0.328562673,205.7148191,58.35246028,19.27198123,-77.6343754,6.5,3.0
2025-01-04 13:00:00,267.9239044933688,51.90508023,22.1782681,100.2711365,417.8264205250618,212.2960139,0.313673778,212.2960139,46.17575818,18.70389115,-77.19240189,6.5,3.0
2025-01-04 13:15:00,267.93756697801075,53.63210291,16.63171256,98.27141078,411.26009608393656,202.8731918,0.311388947,202.8731918,48.5631383,15.97708419,-73.28383553,6.5,3.0
2025-01-04 13:30:00,279.2210824912101,65.284783,17.03579059,108.391281,436.573956458395,204.5223373,0.307687177,204.5223373,62.52147263,15.28491885,-75.21638487,6.5,3.0
2025-01-04 13:45:00,263.5474460374105,63.26057371,17.09163297,99.989452,400.46952693260664,201.3722387,0.303405066,201.3722387,55.74162583,13.13304207,-72.56442396,6.5,3.0
2025-01-04 14:00:00,277.0500265306742,61.92653704,23.09839572,119.3723334,547.2445680864179,196.8887981,0.297032922,196.8887981,59.16968443,16.93372865,-72.78366573,6.5,3.0
2025-01-04 14:15:00,278.0172515427406,52.43356991,27.90054647,97.68414532,563.6405530823231,220.6759324,0.290063363,220.6759324,50.72128677,26.80512577,-84.15009194,6.5,3.0
2025-01-04 14:30:00,264.50791406547216,63.87625058,24.38573469,94.60758697,543.8215634808181,224.0348986,0.280188072,224.0348986,56.03515268,21.01301528,-82.80791416,6.5,3.0
2025-01-04 14:45:00,240.7648078611129,53.30976104,24.12214793,109.9125424,550.1033153504409,201.9135505,0.277385328,201.9135505,50.97269706,22.25530004,-76.34279458,6.5,3.0
2025-01-04 15:00:00,234.34227123022484,61.71113643,26.75864877,88.29940872,475.35042921838664,234.9473124,0.274381381,234.9473124,54.696944,26.16254905,-88.94067638,6.5,3.0
2025-01-04 15:15:00,244.42331850058164,60.34416129,31.97878293,105.2197846,466.1799174282515,220.3049764,0.280261622,220.3049764,55.43943197,26.93320836,-84.25214891,6.5,3.0
2025-01-04 15:30:00,246.56995675142167,58.32170793,17.61143498,106.531617,462.4765581894134,210.5423749,0.281564955,210.5423749,49.25404378,12.86261107,-74.47031427,6.5,3.0
2025-01-04 15:45:00,231.5344535177718,65.57818373,22.93987327,94.11895789,454.3930951639486,232.299279,0.290299438,232.299279,55.76188362,21.7036336,-84.61986469,6.5,3.0
2025-01-04 16:00:00,311.1704437141361,62.57786136,25.05198377,104.8257161,360.20861514129206,207.4669896,0.284094023,207.4669896,62.4958247,16.36680112,-76.39400529,6.5,3.0
2025-01-04 16:15:00,318.21804287977943,57.40213911,26.58262579,101.9162242,364.6000320583855,216.4320211,0.281086956,216.4320211,51.81949246,18.18246341,-78.90330832,6.5,3.0
2025-01-04 16:30:00,330.84680996552834,56.36173282,22.66471329,102.0137494,376.4622372239951,218.7861898,0.276564089,218.7861898,54.44112402,12.0916047,-77.01778984,6.5,3.0
2025-01-04 16:45:00,344.2847034405561,59.04515268,26.27622955,102.5586823,354.3891155763274,196.7550141,0.253288363,196.7550141,51.86081105,19.62525855,-73.30904568,6.5,3.0
2025-01-04 17:00:00,422.5331010580206,50.39027616,30.67142838,97.99472734,196.35029174598247,210.3269908,0.263681502,210.3269908,49.15925879,30.65507628,-82.71154537,9.0,3.0
2025-01-04 17:15:00,399.005830863624,60.47076138,20.73440152,87.16021515,186.35774760667593,221.0925859,0.279553043,221.0925859,50.89350615,11.09298484,-76.96392932,9.0,3.0
2025-01-04 17:30:00,409.1030072568003,67.03619124,21.21408589,92.91645314,186.6961827562907,234.5919696,0.262820209,234.5919696,56.46572595,16.90348337,-84.35981899,9.0,3.0
2025-01-04 17:45:00,436.59806082155524,64.47057995,23.9556935,101.0283164,208.10577789105093,211.2953104,0.243704657,211.2953104,56.78402909,21.71018062,-79.42291423,9.0,3.0
2025-01-04 18:00:00,420.12738482485145,58.68935424,34.04171079,107.4801957,0.0,206.3365618,0.237370535,206.3365618,56.36920493,18.90114142,-76.50869698,9.0,3.0
2025-01-04 18:15:00,418.06787470123845,66.086349,21.06666571,111.9412866,0.0,205.1508052,0.240183999,205.1508052,55.9815103,15.36496438,-74.38117445,9.0,3.0
2025-01-04 18:30:00,412.989231780615,67.01654799,20.28809511,101.3975953,0.0,203.9493034,0.255002369,203.9493034,58.6602191,12.72577106,-72.89654703,9.0,3.0
2025-01-04 18:45:00,390.9155086932951,68.44512532,27.99070242,92.65032513,0.0,221.7339797,0.252590911,221.7339797,64.27603082,14.38558495,-79.78271949,9.0,3.0
2025-01-04 19:00:00,409.95960340846887,55.79540987,19.83577855,90.61588686,0.0,209.6551516,0.263805424,209.6551516,49.54213944,13.94466259,-74.36487403,9.0,3.0
2025-01-04 19:15:00,409.35479889141345,61.78824135,28.61082513,95.37152945,0.0,215.127533,0.259611363,215.127533,49.75738624,18.03696948,-77.80389928,9.0,3.0
2025-01-04 19:30:00,401.52592739441127,51.6817765,27.70074689,107.0509492,0.0,198.931033,0.258915901,198.931033,42.73088856,22.01609326,-74.80517322,9.0,3.0
2025-01-04 19:45:00,431.4296703057064,58.53468943,17.64459141,94.26410681,0.0,216.55881,0.2496163,216.55881,58.12314284,12.13306734,-76.30285656,9.0,3.0
2025-01-04 20:00:00,434.3235240570869,56.81878995,33.6095064,93.99063884,0.0,225.060145,0.247174146,225.060145,51.86691721,21.76504611,-83.4922795,9.0,3.0
2025-01-04 20:15:00,435.36324790872777,54.80014481,24.05327473,102.0774241,0.0,210.7381537,0.248935274,210.7381537,53.82071861,23.72948554,-80.70263545,9.0,3.0
2025-01-04 20:30:00,417.1704831807399,53.30441663,27.67659945,97.71995381,0.0,210.4550516,0.241198571,210.4550516,45.77954293,21.7008247,-77.82749788,9.0,3.0
2025-01-04 20:45:00,441.0327448534456,60.4163285,32.88784593,94.83299069,0.0,215.6171994,0.247678146,215.6171994,53.35341171,19.39709416,-78.73565169,9.0,3.0
2025-01-04 21:00:00,278.46889685188677,62.19200069,21.39645823,90.59469699,0.0,220.2693443,0.248534208,220.2693443,61.84723469,11.6701056,-77.7960305,9.0,3.0
2025-01-04 21:15:00,293.34100870214405,52.15569155,18.00710419,97.27056938,0.0,211.9692869,0.251897858,211.9692869,47.72669465,14.57619769,-75.34252421,9.0,3.0
2025-01-04 21:30:00,279.20426262731405,56.91674216,19.17502297,94.21837568,0.0,212.8822992,0.274492837,212.8822992,52.50115124,13.898126,-75.31878111,9.0,3.0
2025-01-04 21:45:00,285.11583181865524,62.46164484,22.02515402,92.53676687,0.0,225.1993876,0.270165237,225.1993876,61.85994271,15.34781055,-81.87591581,9.0,3.0
2025-01-04 22:00:00,237.32113710306808,55.65397156,32.17730441,93.23956119,0.0,242.2372484,0.266799341,242.2372484,51.92551437,29.86586365,-92.46224867,6.5,3.0
2025-01-04 22:15:00,240.02727117895014,66.86677328,33.49718615,94.94256079,0.0,222.3009657,0.272646502,222.3009657,61.5765534,30.78317728,-87.47638802,6.5,3.0
2025-01-04 22:30:00,241.7913534526171,66.70205164,32.80446698,99.57447194,0.0,201.5114491,0.282848639,201.5114491,55.19569593,31.47596595,-80.73941551,6.5,3.0
2025-01-04 22:45:00,233.90023826536458,57.12224981,27.79682325,95.11897026,0.0,207.3286002,0.283175191,207.3286002,48.75625008,18.86477872,-76.46731883,6.5,3.0
2025-01-04 23:00:00,243.40401410796017,57.25079557,25.1378678,90.50096228,0.0,219.1966883,0.293063555,219.1966883,46.39568568,23.07814326,-81.51731781,6.5,3.0
2025-01-04 23:15:00,255.3685017134378,57.58732402,27.53332229,93.32609873,0.0,216.1883717,0.318035596,216.1883717,51.71680313,24.06191159,-80.87148814,6.5,3.0
2025-01-04 23:30:00,257.7861642313333,59.44756225,21.14547463,95.48845922,0.0,218.7759361,0.326755998,218.7759361,55.71930398,14.67853134,-78.94721759,6.5,3.0
2025-01-04 23:45:00,227.23131994726873,60.50452581,33.78993664,89.06170981,0.0,233.3296615,0.340424734,233.3296615,52.92641885,25.96565546,-88.38852385,6.5,3.0
2025-01-05 00:00:00,264.85814341955637,66.06572802,19.85375092,90.39136592,0.0,222.053258,0.336085433,222.053258,59.26834426,14.16257489,-78.69612676,6.5,3.0
2025-01-05 00:15:00,284.48168860184734,56.47549457,16.87495202,102.6977054,0.0,197.1868403,0.341057259,197.1868403,55.37546704,14.93958244,-72.09582271,6.5,3.0
2025-01-05 00:30:00,281.2403170957281,57.44494929,20.57926346,108.0522052,0.0,205.4123276,0.330014575,205.4123276,57.42604245,12.540043,-73.33819731,6.5,3.0
2025-01-05 00:45:00,279.3198508828683,51.92446686,25.28918855,87.49166847,0.0,223.7249874,0.342638219,223.7249874,45.93168489,13.38790233,-78.05096885,6.5,3.0
2025-01-05 01:00:00,293.56566617502546,54.80861036,25.14096368,99.30312003,0.0,234.2674078,0.343132247,234.2674078,46.52771456,22.85100587,-85.89311788,6.5,3.0
2025-01-05 01:15:00,293.02466051312115,54.27327315,17.63957642,114.8092969,0.0,197.0304173,0.347769454,197.0304173,43.892517,12.66407467,-69.55236076,6.5,3.0
2025-01-05 01:30:00,301.30250078105115,58.66387869,25.76187708,100.3647813,0.0,204.2091354,0.33378136,204.2091354,57.72483888,18.14663256,-75.46363633,6.5,3.0
2025-01-05 01:45:00,274.49717253080235,56.33844534,27.40493975,89.78950304,0.0,228.8304996,0.338116172,228.8304996,53.42576731,19.91019306,-82.69873616,6.5,3.0
2025-01-05 02:00:00,261.229767327323,62.47149831,17.32230865,83.75074923,0.0,224.9143708,0.337045697,224.9143708,52.92747861,17.13778762,-81.18017001,6.5,3.0
2025-01-05 02:15:00,260.39532548527495,60.78340643,29.52628861,96.31047183,0.0,215.8110607,0.339494736,215.8110607,57.07935087,18.14470723,-78.8645133,6.5,3.0
2025-01-05 02:30:00,265.81757029683837,58.20553336,23.8023609,95.56653669,0.0,209.5171045,0.329960411,209.5171045,53.55613229,14.32480924,-75.41225557,6.5,3.0
2025-01-05 02:45:00,247.7573368905637,53.16819538,28.38143616,85.11996336,0.0,217.8371767,0.323128424,217.8371767,48.99420387,22.68313141,-81.05412927,6.5,3.0
2025-01-05 03:00:00,245.73572591079719,59.17600803,30.17239373,93.08235794,0.0,214.3799441,0.319138797,214.3799441,50.20527498,19.2210556,-79.09366222,6.5,3.0
2025-01-05 03:15:00,226.67770096658788,60.46788795,34.15663987,97.5148938,0.0,222.0883118,0.298372394,222.0883118,59.43354504,27.51481053,-85.26841103,6.5,3.0
2025-01-05 03:30:00,240.05539282845146,68.91236668,33.72878706,76.52737902,0.0,245.2477115,0.319021112,245.2477115,60.79208356,29.41120204,-93.78389409,6.5,3.0
2025-01-05 03:45:00,226.38118029416353,63.32021242,24.6719954,95.15796722,0.0,217.4734756,0.334367492,217.4734756,53.88101983,20.74639618,-81.12184408,6.5,3.0
2025-01-05 04:00:00,229.88637230741332,53.66037987,22.97800275,84.44588553,0.0,236.0315703,0.327370621,236.0315703,52.22256474,20.91849423,-86.31527945,6.5,3.0
2025-01-05 04:15:00,220.35557955744304,63.09532965,18.73315058,89.35954378,0.0,233.1173277,0.324949957,233.1173277,59.0020997,11.80371434,-81.64114946,6.5,3.0
2025-01-05 04:30:00,223.96464226219857,62.54895743,31.32842947,107.9093469,0.0,212.0831557,0.314214128,212.0831557,52.67895577,22.06740082,-79.66578083,6.5,3.0
2025-01-05 04:45:00,229.55340587294506,54.91314451,21.5125011,93.51814301,0.0,206.3103106,0.308749219,206.3103106,51.26767534,11.57397277,-72.51315744,6.5,3.0
2025-01-05 05:00:00,229.61413324283023,66.23011304,30.21817247,94.6763667,0.0,232.1012953,0.312337941,232.1012953,53.02014216,16.25020723,-82.4198933,6.5,3.0
2025-01-05 05:15:00,240.33185153365451,54.48639765,17.11241662,86.70118909,0.0,232.2177826,0.292248214,232.2177826,43.79889246,11.20133638,-79.45711127,6.5,3.0
2025-01-05 05:30:00,238.88383282218845,62.55006152,22.0550809,102.1386452,0.0,218.9940684,0.302471801,218.9940684,61.22302779,17.52386714,-80.68016333,6.5,3.0
2025-01-05 05:45:00,253.18018240132676,66.39099516,18.82351385,100.2333982,0.0,216.728131,0.297213104,216.728131,55.41220463,14.6137125,-77.78462236,6.5,3.0
2025-01-05 06:00:00,349.2055584462691,55.81074648,25.09767737,86.01724045,0.0,215.0577408,0.301565183,215.0577408,55.80486625,17.13074568,-78.45154775,6.5,3.0
2025-01-05 06:15:00,341.92581067525816,63.09066563,20.10698536,83.49835578,0.0,236.2563374,0.305716371,236.2563374,60.86281821,18.92908547,-85.85572531,6.5,3.0
2025-01-05 06:30:00,359.14692009352166,67.76432723,31.61984693,86.85512696,0.0,236.5284821,0.292162365,236.5284821,61.95697996,21.82614154,-88.33515958,6.5,3.0
2025-01-05 06:45:00,359.04171078495096,60.6533081,34.28804413,88.24011021,0.0,237.0748021,0.298402987,237.0748021,48.62020045,21.38366164,-86.75572609,6.5,3.0
2025-01-05 07:00:00,406.72634363920196,51.98790224,21.05496563,97.9797343,208.34667723928501,211.5619224,0.305665859,211.5619224,50.65532181,11.87910673,-74.40560203,6.5,3.0
2025-01-05 07:15:00,404.7160508025762,57.82566389,27.06620429,93.9964279,211.48759972099276,208.5752271,0.293940149,208.5752271,53.64842,16.74486233,-76.20150246,6.5,3.0
2025-01-05 07:30:00,410.23417004195016,53.47231793,25.70880499,88.17020393,208.77465727275123,217.4511827,0.313313028,217.4511827,50.69175526,20.28014306,-80.12692624,6.5,3.0
2025-01-05 07:45:00,356.17343551627164,65.35297928,31.8618606,85.48710431,211.271065766971,225.6468333,0.300049593,225.6468333,52.31384064,29.92323479,-87.58326891,6.5,3.0
2025-01-05 08:00:00,359.4604582659971,65.95796234,32.96085878,114.1089184,403.09417255246353,192.0135872,0.308502952,192.0135872,60.91618785,21.06447331,-73.62281835,6.5,3.0
2025-01-05 08:15:00,344.13307093669744,64.4990879,17.19642302,94.52097773,392.01471673499157,215.5028634,0.299636239,215.5028634,60.18072593,16.116848,-77.96427475,6.5,3.0
2025-01-05 08:30:00,353.76649986066553,55.50683345,23.03465261,105.8391123,377.02735334509504,201.9649553,0.311485503,201.9649553,44.86999286,16.52471647,-73.3046685,6.5,3.0
2025-01-05 08:45:00,382.53997093664,52.98682678,27.89544175,97.76281816,399.66375736744976,205.8709249,0.319793257,205.8709249,47.55760785,22.89989932,-77.283626,6.5,3.0
2025-01-05 09:00:00,342.4698699015745,54.68405386,26.93431266,82.11819624,308.68467470879943,237.6120097,0.321515576,237.6120097,49.44697569,14.76485498,-83.76403495,6.5,3.0
2025-01-05 09:15:00,368.3572050816506,67.50138692,24.87604536,89.89207307,308.64801135689237,214.2832455,0.335596099,214.2832455,55.10728306,21.78575137,-80.81509917,6.5,3.0
2025-01-05 09:30:00,344.5948009413562,54.20855254,21.28796892,102.3782035,321.2429751660904,196.1175319,0.328959822,196.1175319,49.05147952,11.00139878,-69.13499441,6.5,3.0
2025-01-05 09:45:00,380.6081240754186,65.05255119,32.50155361,107.5550546,325.6443387682177,203.4434404,0.338032188,203.4434404,54.61901302,19.11304526,-75.394119,6.5,3.0
2025-01-05 10:00:00,381.2603924186656,63.78293406,22.03622681,83.1719336,549.2431301832275,222.4086451,0.335808686,222.4086451,61.11976739,18.43688422,-82.1480595,6.5,3.0
2025-01-05 10:15:00,392.66344817924994,53.17605292,18.81438211,84.70963534,586.1748099986766,225.2212404,0.320264721,225.2212404,46.13499676,16.66051478,-80.07979532,6.5,3.0
2025-01-05 10:30:00,379.46500830281144,54.45771803,23.60668481,103.7670699,589.1563844849487,205.7788397,0.337636816,205.7788397,46.52385398,12.33629848,-72.46900322,6.5,3.0
2025-01-05 10:45:00,350.5311510992731,57.39476577,29.79243516,68.45200439,569.2656753331471,238.5714212,0.326608917,238.5714212,50.13577565,19.33550593,-86.33180737,6.5,3.0
2025-01-05 11:00:00,239.40951051201463,59.02991278,25.18452189,53.94494127,507.52333867719346,248.6459533,0.312851664,248.6459533,56.82007692,23.18035331,-91.43719808,6.5,3.0
2025-01-05 11:15:00,254.7020066672039,67.00483415,32.52609063,93.29200617,519.5230812419824,210.0697575,0.294843607,210.0697575,62.06551908,25.95758658,-81.70847587,6.5,3.0
2025-01-05 11:30:00,248.12120968057727,59.40262726,27.37427373,112.0000085,510.00228425950866,201.0595256,0.293233558,201.0595256,52.06562067,26.84204642,-78.96006163,6.5,3.0
2025-01-05 11:45:00,245.71727314020427,63.10775631,21.14045684,98.39801971,469.14129582131545,214.9987781,0.280597571,214.9987781,56.95075978,18.61232548,-78.78566865,6.5,3.0
2025-01-05 12:00:00,244.8060071794098,57.71355372,31.24435097,94.85656813,427.7204125366509,219.4032146,0.290936175,219.4032146,48.84387043,25.09408362,-82.98367787,6.5,3.0
2025-01-05 12:15:00,232.49156226606308,60.79766056,21.42197703,88.73627652,418.756323187686,222.8536417,0.274685904,222.8536417,54.45273197,12.02772457,-78.2133118,6.5,3.0
2025-01-05 12:30:00,241.6760666388055,63.8133257,21.99188462,99.5082769,435.34120198095223,216.2976866,0.268650952,216.2976866,60.72009232,18.56430485,-80.83503066,6.5,3.0
2025-01-05 12:45:00,232.58636391572156,67.48139592,17.55407262,85.97652926,381.67206229471094,217.8913798,0.261651886,217.8913798,55.33673892,10.1696244,-76.09188052,6.5,3.0
2025-01-05 13:00:00,242.5809274471376,54.65820984,27.55781266,89.84950178,539.2870836776048,223.6283718,0.278643589,223.6283718,45.50567541,22.78085146,-83.59280181,6.5,3.0
2025-01-05 13:15:00,258.9363326955597,52.08845879,22.0218187,93.89963233,531.4580044603672,210.5128431,0.283496026,210.5128431,50.25670775,18.88877038,-77.40139642,6.5,3.0
2025-01-05 13:30:00,255.7635949387422,65.29837558,28.9948295,116.4297314,560.1670585576067,192.6972209,0.292757975,192.6972209,60.53613096,14.66770553,-71.04739918,6.5,3.0
2025-01-05 13:45:00,242.65914491856051,54.98941815,25.07881261,91.93097025,548.4478533044216,212.0720932,0.283323341,212.0720932,49.8422448,21.31415628,-79.77090915,6.5,3.0
2025-01-05 14:00:00,234.6410891910425,56.48093818,19.24474105,103.231871,507.67869193948854,209.1212201,0.282930339,209.1212201,50.55415776,16.52750713,-76.32459605,6.5,3.0
2025-01-05 14:15:00,232.04779506710148,66.07374709,19.23307737,86.02147386,513.9966312518654,217.6311411,0.274554919,217.6311411,52.90362429,12.18915153,-77.03035314,6.5,3.0
2025-01-05 14:30:00,242.5238822396206,65.90551148,28.81953044,117.8417147,496.36278599524616,188.064097,0.274174908,188.064097,62.89364443,27.91759409,-75.90571125,6.5,3.0
2025-01-05 14:45:00,216.04723350223549,59.13869237,30.3099683,99.82914187,448.3118908133997,219.1460866,0.271876234,219.1460866,53.20130772,27.05179508,-84.41548375,6.5,3.0
2025-01-05 15:00:00,263.5395891759103,57.1312647,20.83442889,100.1514689,526.0497725005057,221.9361838,0.278722381,221.9361838,55.30985223,16.77358292,-80.67652414,6.5,3.0
2025-01-05 15:15:00,259.1069567371622,57.52291917,29.22972188,109.4378083,539.2625742833683,197.5014286,0.265858224,197.5014286,49.99977818,16.89557593,-72.40382029,6.5,3.0
2025-01-05 15:30:00,262.13850503568995,66.62581995,29.67231181,107.385603,518.6839597178164,198.3452928,0.280869292,198.3452928,59.49904524,17.06476538,-73.85498704,6.5,3.0
2025-01-05 15:45:00,222.50494905123753,65.75441228,18.17928,102.8296818,475.78369349830973,220.3508189,0.278543044,220.3508189,60.93503108,13.56993137,-78.91892992,6.5,3.0
2025-01-05 16:00:00,342.4364561497358,53.29611224,19.41791754,91.22640103,323.532012729895,231.5175918,0.278003854,231.5175918,53.02183072,16.34895771,-82.54410522,6.5,3.0
2025-01-05 16:15:00,336.3108422569941,57.69193495,26.06775151,92.99238229,346.4161745524716,221.0503695,0.277327571,221.0503695,54.75496877,25.42813056,-85.70644355,6.5,3.0
2025-01-05 16:30:00,328.78223725787774,69.61034319,33.97007038,83.23520188,335.6511463918531,235.5516324,0.276983683,235.5516324,62.7881898,25.65649295,-89.14686618,6.5,3.0
2025-01-05 16:45:00,330.7304643353923,58.15117011,27.44926996,94.9487069,333.6806663257803,229.8682556,0.277228035,229.8682556,51.38696497,26.96170763,-86.91529429,6.5,3.0
2025-01-05 17:00:00,411.642629027749,62.42675807,17.94412055,100.2254366,229.41626415026715,205.9643183,0.287905192,205.9643183,57.70539793,13.83125406,-74.21799122,9.0,3.0
2025-01-05 17:15:00,398.25708533284666,52.24606407,17.79130255,108.3758912,214.983076694796,190.0979324,0.274700748,190.0979324,44.50769496,17.75752423,-70.44951072,9.0,3.0
2025-01-05 17:30:00,417.35335376840726,57.92330571,20.60778711,106.026481,228.1996054138665,206.6636922,0.282002149,206.6636922,46.6458442,11.60420503,-72.1974381,9.0,3.0
2025-01-05 17:45:00,412.39693187099715,60.89270668,29.58476681,87.35892101,206.81105374107028,215.1332605,0.286313458,215.1332605,59.34686353,20.20547333,-79.7595847,9.0,3.0
2025-01-05 18:00:00,415.56272115550854,55.21579225,29.65984109,81.29973146,0.0,232.5408827,0.28200175,232.5408827,48.16561666,27.29909148,-87.42665444,9.0,3.0
2025-01-05 18:15:00,411.179165173094,57.24113184,33.12482906,81.44678351,0.0,220.949566,0.273254313,220.949566,50.70416761,20.73199881,-81.03140207,9.0,3.0
2025-01-05 18:30:00,419.2351124005342,64.2079175,19.49569463,94.46658956,0.0,221.5743596,0.246620034,221.5743596,64.0055289,12.01942349,-79.04589928,9.0,3.0
2025-01-05 18:45:00,415.90300127086334,62.36896962,27.03166879,95.97564777,0.0,220.9174898,0.243344436,220.9174898,54.71813879,23.77102167,-83.42771387,9.0,3.0
2025-01-05 19:00:00,451.21219555932646,54.24292025,18.29412897,99.83961562,0.0,202.5669449,0.241333182,202.5669449,44.65347879,14.25665088,-72.29149879,9.0,3.0
2025-01-05 19:15:00,443.30030528620034,64.64964226,19.4869598,74.97404785,0.0,229.2768788,0.244996594,229.2768788,54.48954626,18.33700678,-83.06303985,9.0,3.0
2025-01-05 19:30:00,450.93109686376056,63.35409902,22.49930365,101.7328653,0.0,210.1254844,0.245268843,210.1254844,58.86321703,15.22853133,-76.14546354,9.0,3.0
2025-01-05 19:45:00,430.7464022907127,68.42344111,24.21024634,100.1066933,0.0,221.727494,0.245019724,221.727494,66.33447757,18.14866334,-83.17670024,9.0,3.0
2025-01-05 20:00:00,438.9855754005017,61.34289965,19.52327923,95.08435621,0.0,224.0688347,0.233430131,224.0688347,53.43604128,15.65663843,-79.79718007,9.0,3.0
2025-01-05 20:15:00,418.62236331805286,56.82978823,25.5040415,102.6863325,0.0,225.1626659,0.241402521,225.1626659,56.05540763,19.00618836,-82.11989172,9.0,3.0
2025-01-05 20:30:00,418.56245325399186,53.61405884,22.3953319,93.35375322,0.0,211.0089501,0.239133881,211.0089501,45.83857618,15.48655554,-75.42779091,9.0,3.0
2025-01-05 20:45:00,452.3896080274535,61.88994996,31.65451213,98.60597366,0.0,224.1819224,0.227838577,224.1819224,59.42757815,20.06250237,-83.53928345,9.0,3.0
2025-01-05 21:00:00,243.94004136013166,57.68303604,30.19567641,89.37567186,0.0,227.7862072,0.223062156,227.7862072,48.27520924,22.81730597,-84.37483808,9.0,3.0
2025-01-05 21:15:00,241.67618793055013,58.82221102,19.96303804,105.4244446,0.0,212.9340974,0.205715029,212.9340974,56.47948495,12.20860845,-75.67917136,9.0,3.0
2025-01-05 21:30:00,242.46167623389266,67.32403771,30.11066245,92.76068928,0.0,205.8625661,0.210430777,205.8625661,57.56022288,19.19872625,-77.25388575,9.0,3.0
2025-01-05 21:45:00,283.3120944754256,64.58733508,25.08775919,105.9186296,0.0,210.2112712,0.215270197,210.2112712,54.13954752,15.70824587,-76.41659114,9.0,3.0
2025-01-05 22:00:00,251.12462808285954,57.22965624,33.33689596,77.42502515,0.0,237.4902453,0.217192537,237.4902453,47.47555978,20.64941075,-85.54982128,6.5,3.0
2025-01-05 22:15:00,250.46067489777755,63.45237186,27.15290371,107.435015,0.0,215.7549612,0.203888248,215.7549612,56.19345705,20.2904975,-80.18140317,6.5,3.0
2025-01-05 22:30:00,261.13517402577696,64.15912376,26.2096086,100.9556079,0.0,205.8754389,0.18437339,205.8754389,54.01172199,23.89110737,-79.31269625,6.5,3.0
2025-01-05 22:45:00,238.30952299358592,63.69383168,27.01901515,98.24735101,0.0,215.9034895,0.1681228,215.9034895,51.75966053,17.86238766,-79.26840877,6.5,3.0
2025-01-05 23:00:00,263.4384394375452,59.66941747,19.47277909,80.41715743,0.0,230.5429032,0.153223928,230.5429032,51.51113813,14.66258413,-82.0960571,6.5,3.0
2025-01-05 23:15:00,249.32256717984225,65.58521608,22.65380142,88.68338281,0.0,219.5243387,0.160365384,219.5243387,57.11708116,11.9560149,-77.32422732,6.5,3.0
2025-01-05 23:30:00,254.41480128603158,61.05930956,23.91647282,86.23058741,0.0,226.3223105,0.164837796,226.3223105,55.39817209,21.80767064,-84.41178137,6.5,3.0
2025-01-05 23:45:00,247.814192096581,63.22258944,26.83150216,103.9551126,0.0,208.8171132,0.161540153,208.8171132,60.96456861,22.26390116,-79.91989736,6.5,3.0
2025-01-06 00:00:00,313.3225662091708,52.82414134,22.61582196,97.19062136,0.0,214.1594597,0.169722193,214.1594597,49.11473006,14.47031679,-75.8647107,6.5,3.0
2025-01-06 00:15:00,307.352467290913,58.33215684,19.5307053,81.31379616,0.0,232.5322363,0.162094877,232.5322363,49.47752114,13.55264211,-81.70845947,6.5,3.0
2025-01-06 00:30:00,297.9575701194891,59.63144218,31.0686004,99.57427318,0.0,214.067216,0.179493674,214.067216,51.4947504,20.8265662,-79.85743357,6.5,3.0
2025-01-06 00:45:00,276.947396380427,57.51109234,26.49737431,103.8301399,0.0,214.5569672,0.182069841,214.5569672,46.35710426,20.86354387,-79.15005304,6.5,3.0
2025-01-06 01:00:00,319.7411082671738,54.72825569,28.04706218,93.04512597,0.0,228.1270048,0.180532021,228.1270048,47.36930833,21.48500663,-83.21686522,6.5,3.0
2025-01-06 01:15:00,320.9369443156162,57.82818404,28.58886137,86.63615229,0.0,218.6581792,0.182772789,218.6581792,54.90214179,20.97616016,-81.64329527,6.5,3.0
2025-01-06 01:30:00,322.922848731317,69.36709245,28.83084277,89.82622635,0.0,225.8182479,0.178344922,225.8182479,60.92231825,22.84219246,-84.45999477,6.5,3.0
2025-01-06 01:45:00,296.649098685893,68.84546109,26.69685069,74.76092856,0.0,229.053445,0.171157844,229.053445,56.64184397,20.48432704,-85.13247569,6.5,3.0
2025-01-06 02:00:00,281.6666010516447,56.96036274,19.83461724,92.43317147,0.0,223.8016238,0.170548985,223.8016238,50.15439594,17.09576172,-80.53726391,6.5,3.0
2025-01-06 02:15:00,285.1116009299857,55.3775441,19.41909334,103.9866231,0.0,215.0334822,0.163237564,215.0334822,53.2614982,18.5117633,-79.62183071,6.5,3.0
2025-01-06 02:30:00,296.50414338292927,64.92340933,29.96522782,79.72342544,0.0,239.9444341,0.163754954,239.9444341,64.40816451,18.50315354,-87.61280008,6.5,3.0
2025-01-06 02:45:00,272.8876546354404,67.17312361,26.6336081,87.62975828,0.0,218.246741,0.158979127,218.246741,66.17629974,25.01082775,-83.81093836,6.5,3.0
2025-01-06 03:00:00,263.0786010292126,53.99298433,26.26269123,86.7247423,0.0,231.7740422,0.158388199,231.7740422,47.30382131,26.1838495,-87.1538881,6.5,3.0
2025-01-06 03:15:00,264.1013393588027,61.75827628,32.160514,74.58633304,0.0,247.8707736,0.162232237,247.8707736,53.93404057,20.34535834,-89.38930794,6.5,3.0
2025-01-06 03:30:00,276.4379343922401,62.39957797,27.05102668,90.86255445,0.0,224.8105335,0.169781911,224.8105335,59.20607037,17.81587787,-82.48642408,6.5,3.0
2025-01-06 03:45:00,270.7321252197445,56.50959164,19.89705345,85.46789195,0.0,231.8073682,0.170262711,231.8073682,51.44048313,19.52106986,-84.71009491,6.5,3.0
2025-01-06 04:00:00,277.3689627913709,64.01520483,29.50519537,93.00117567,0.0,210.8058378,0.170004855,210.8058378,55.61551852,15.7505439,-76.74297047,6.5,3.0
2025-01-06 04:15:00,275.1412479513638,65.5573503,31.19094584,93.31276999,0.0,213.4978171,0.163248516,213.4978171,63.66864779,24.5849592,-82.29150732,6.5,3.0
2025-01-06 04:30:00,254.91069542564526,60.55379989,18.4005861,111.899544,0.0,197.0819905,0.165864781,197.0819905,58.4355218,15.45903094,-72.77962161,6.5,3.0
2025-01-06 04:45:00,263.57909383162007,60.89620136,22.21077063,100.8664861,0.0,216.2525374,0.166513888,216.2525374,56.88021327,19.73834114,-80.43799292,6.5,3.0
2025-01-06 05:00:00,296.05971314472123,52.94507283,19.14117079,81.87244761,0.0,237.8554069,0.171225105,237.8554069,50.46705944,13.73999973,-82.66609497,6.5,3.0
2025-01-06 05:15:00,300.583507917312,66.13312222,32.8821074,74.93051272,0.0,233.9115722,0.182249601,233.9115722,56.46129982,29.44611891,-89.62301702,6.5,3.0
2025-01-06 05:30:00,300.9304539677721,61.9037373,33.31445025,86.22951784,0.0,210.3179214,0.190610911,210.3179214,59.37206985,28.8749351,-82.87919288,6.5,3.0
2025-01-06 05:45:00,326.2263249701946,67.67941673,21.43045224,84.03772354,0.0,231.3320137,0.199639967,231.3320137,59.96427396,11.68306425,-81.30874307,6.5,3.0
2025-01-06 06:00:00,457.76478720003655,63.22384712,26.23401396,95.43018077,0.0,223.0305431,0.191119065,223.0305431,51.20529215,25.67192486,-85.58498109,6.5,3.0
2025-01-06 06:15:00,466.06402537250136,58.96351504,17.49924122,73.24604957,0.0,227.2392811,0.18265817,227.2392811,57.64346043,14.14387789,-81.1256434,6.5,3.0
2025-01-06 06:30:00,484.3271062873079,63.26904412,30.14842864,92.10903464,0.0,235.5620518,0.183116059,235.5620518,55.57172237,15.74881244,-84.10351328,6.5,3.0
2025-01-06 06:45:00,500.1240811401542,56.51595942,21.60382248,101.9533781,0.0,213.3583858,0.191395504,213.3583858,46.75828217,14.0664564,-75.49198154,6.5,3.0
2025-01-06 07:00:00,451.84507803132016,60.00028158,20.79749556,88.54503279,206.84766674965624,216.9586738,0.192858394,216.9586738,48.98806801,18.61043335,-80.0949462,6.5,3.0
2025-01-06 07:15:00,470.7727553016484,66.33072412,32.90961161,101.295115,206.0437048359405,201.126256,0.190910223,201.126256,55.28743472,26.33013416,-79.52284447,6.5,3.0
2025-01-06 07:30:00,469.66711402860466,63.26565074,25.72901923,82.27426683,214.75596667186068,218.0055878,0.194782615,218.0055878,62.44419817,13.56561797,-77.89402574,6.5,3.0
2025-01-06 07:45:00,404.9350526384269,52.5581672,32.24856975,83.25881021,208.65266174254248,219.4080066,0.176773938,219.4080066,42.82143704,21.64182684,-81.18929475,6.5,3.0
2025-01-06 08:00:00,406.8260114389353,54.56193126,27.23150917,81.27290633,401.87418869367843,220.8454348,0.184568474,220.8454348,51.29269121,15.27692838,-78.57181703,6.5,3.0
2025-01-06 08:15:00,415.9335525173728,67.95358449,23.35366963,93.78272566,412.83646119235596,234.4245614,0.183540077,234.4245614,67.57932963,17.90249939,-85.31926523,6.5,3.0
2025-01-06 08:30:00,398.04124445676933,56.90796108,30.6869431,82.93786959,395.89395883956604,219.3941516,0.185970997,219.3941516,55.25498974,22.653983,-82.70927045,6.5,3.0
2025-01-06 08:45:00,434.3691915869226,65.17670274,32.30798613,72.55004095,390.2053912743995,237.8974367,0.184463147,237.8974367,56.51535046,18.34243364,-86.4842204,6.5,3.0
2025-01-06 09:00:00,326.8676883920902,54.9959676,34.18633517,87.59724083,485.48305606868536,225.1593363,0.172918256,225.1593363,54.38567943,24.22373748,-85.13929157,6.5,3.0
2025-01-06 09:15:00,343.32307460351547,62.68357798,23.27216963,85.06240786,461.4026880503275,225.0097398,0.177603904,225.0097398,58.35549317,14.56266789,-80.450823,6.5,3.0
2025-01-06 09:30:00,354.4037630253114,58.00817752,30.71095143,101.2126609,482.91382908820634,216.5471582,0.174408469,216.5471582,52.73123049,21.3823854,-80.55165059,6.5,3.0
2025-01-06 09:45:00,341.61547397908316,63.43313866,28.82141519,87.71430429,439.3204267927806,225.9712097,0.19027566,225.9712097,53.85526781,26.06330525,-85.55470462,6.5,3.0
2025-01-06 10:00:00,349.8781032181432,61.16753554,34.22280886,98.05426478,361.0472496809748,220.2588031,0.185723805,220.2588031,59.64707872,20.17931473,-82.93699946,6.5,3.0
2025-01-06 10:15:00,325.9864425019654,66.52148868,33.48050894,94.8965366,357.2238614354186,210.8893509,0.198557572,210.8893509,66.30711212,30.13173109,-84.28536939,6.5,3.0
2025-01-06 10:30:00,342.284464168525,57.12632247,33.52529344,106.6680174,336.9790727026475,201.7514197,0.198192981,201.7514197,53.50621689,23.69957274,-78.0465425,6.5,3.0
2025-01-06 10:45:00,328.05099011136633,64.59621192,29.25714104,87.746625,351.94981618095903,226.1381695,0.203970083,226.1381695,59.4221864,15.44625857,-82.03942473,6.5,3.0
2025-01-06 11:00:00,247.27991760186654,55.99866075,34.69765128,76.2577549,406.72314462285425,227.5591899,0.199403609,227.5591899,50.41460993,22.07329717,-84.53321598,6.5,3.0
2025-01-06 11:15:00,258.2150689502641,58.04751165,19.71114265,107.7536959,405.68829462036126,215.9326255,0.19443005,215.9326255,53.81873338,10.55381404,-75.35730998,6.5,3.0
2025-01-06 11:30:00,249.80365433857366,55.9364757,26.89665923,80.06761404,403.4495216498605,241.0367444,0.200833011,241.0367444,54.81862205,23.19452201,-90.25038264,6.5,3.0
2025-01-06 11:45:00,279.6313591092958,68.13452194,26.04048204,98.74866605,477.53903910692406,209.0466489,0.212250093,209.0466489,59.18816309,13.91392057,-75.34968273,6.5,3.0
2025-01-06 12:00:00,291.20881858282485,66.58375333,33.93121898,84.72676689,528.6190418089493,234.7835897,0.222637469,234.7835897,64.85560224,19.51455791,-86.61797605,6.5,3.0
2025-01-06 12:15:00,285.1697635899104,63.14465835,27.81722746,89.41817864,521.5222196370758,228.5133595,0.232903137,228.5133595,57.63614521,16.11741835,-82.18215925,6.5,3.0
2025-01-06 12:30:00,290.84559280340045,69.77361247,31.06648755,95.69903761,510.7791293270138,225.3541813,0.243213072,225.3541813,64.83658138,19.3099263,-84.21707027,6.5,3.0
2025-01-06 12:45:00,268.9158250238644,61.13193089,32.08485946,80.23126252,514.469609226961,241.0543333,0.247435386,241.0543333,54.71960111,18.26313398,-87.09864078,6.5,3.0
2025-01-06 13:00:00,275.9746158288059,62.09290356,21.08524831,86.08813464,425.4876856959105,229.5373297,0.25717659,229.5373297,60.54905096,10.61884498,-79.97712041,6.5,3.0
2025-01-06 13:15:00,286.18914305291395,67.86930312,31.55884854,97.2462732,439.1196344229478,210.3741728,0.251352946,210.3741728,56.95830861,25.17492404,-81.44438848,6.5,3.0
2025-01-06 13:30:00,287.08300254002256,55.85029425,24.15420015,88.96451573,404.6965742629098,223.2883153,0.254508386,223.2883153,54.32426315,20.65819897,-82.83557257,6.5,3.0
2025-01-06 13:45:00,251.66323857825773,57.97463463,19.50947132,71.31806344,415.81610561823186,251.3754534,0.244378152,251.3754534,53.29581263,15.54307626,-88.83901783,6.5,3.0
2025-01-06 14:00:00,239.99940858074024,65.85530492,30.88265676,88.67739095,407.809871829138,209.8303549,0.237588022,209.8303549,63.09691172,29.06230315,-83.89134849,6.5,3.0
2025-01-06 14:15:00,264.3525340332296,63.12570683,19.61521619,84.53388616,411.2032879582711,237.4337455,0.236234003,237.4337455,53.80570591,10.89217247,-82.17926752,6.5,3.0
2025-01-06 14:30:00,262.99107139079496,61.79221956,31.61994058,77.03858176,423.201679300695,229.5530047,0.234156615,229.5530047,54.15171343,20.4214214,-83.96854049,6.5,3.0
2025-01-06 14:45:00,241.35698599523528,56.44365158,19.6621259,86.51213089,379.7751609118959,207.1121197,0.219062982,207.1121197,49.49649718,16.93263747,-76.41591774,6.5,3.0
2025-01-06 15:00:00,269.4067534674,61.36672868,27.43093987,81.18333007,497.658648150378,215.8830971,0.218308299,215.8830971,50.61373149,17.6492592,-78.80275679,6.5,3.0
2025-01-06 15:15:00,265.9662898937241,62.4963577,22.12124585,79.50075049,540.1218892005,241.6240952,0.220647025,241.6240952,50.34902073,20.14498447,-87.30214904,6.5,3.0
2025-01-06 15:30:00,265.2322403940587,58.7566328,34.2532914,85.26475796,538.0907545098581,218.9951947,0.227462553,218.9951947,58.66013025,24.06168565,-84.0911082,6.5,3.0
2025-01-06 15:45:00,249.27471624481745,58.3851765,32.53249527,90.19269075,500.928708139264,219.5854524,0.219103591,219.5854524,52.6612518,18.07630378,-79.47655536,6.5,3.0
2025-01-06 16:00:00,330.79201654842893,68.93912878,18.63745541,80.45656307,377.6559142958924,235.8811506,0.217790751,235.8811506,61.53815833,16.47063791,-85.23663862,6.5,3.0
2025-01-06 16:15:00,314.2742407636701,64.22497481,29.43755989,87.95141129,375.7583876426301,230.9967372,0.217802092,230.9967372,60.28486336,23.20615986,-87.39812714,6.5,3.0
2025-01-06 16:30:00,331.604578690828,58.96632906,24.33299621,76.75178967,376.92793308033873,237.881426,0.233940134,237.881426,52.03575772,20.93048612,-87.07551828,6.5,3.0
2025-01-06 16:45:00,343.02916399707306,55.71256343,27.48398483,81.6168142,377.5677649811389,225.9642905,0.222469081,225.9642905,48.34928232,25.93013794,-85.16580394,6.5,3.0
2025-01-06 17:00:00,457.58213591514897,58.94728908,24.18062161,84.49307942,181.73401196816445,220.2342836,0.228872085,220.2342836,52.9540366,16.4002992,-79.00432088,9.0,3.0
2025-01-06 17:15:00,476.1698638177701,67.56217881,25.57792574,86.55805165,188.81258984205041,216.3348307,0.222233539,216.3348307,62.12844639,22.33180801,-82.36294866,9.0,3.0
2025-01-06 17:30:00,450.7648298786903,60.35915763,24.85090088,75.13095101,193.270926816455,242.127979,0.225398446,242.127979,48.37944789,15.88512229,-85.21328673,9.0,3.0
2025-01-06 17:45:00,435.8131703883905,57.88396345,34.86541568,90.78006361,179.04247137333016,222.8744651,0.207358041,222.8744651,54.41309345,19.75717913,-81.72940111,9.0,3.0
2025-01-06 18:00:00,499.0938510728318,56.99505388,18.4756381,88.72008906,0.0,226.3371377,0.205373835,226.3371377,50.89624951,14.09966403,-79.65293431,9.0,3.0
2025-01-06 18:15:00,494.812726549329,51.79039943,25.13405778,92.74914126,0.0,206.5619364,0.212342413,206.5619364,49.2280689,22.83205217,-78.22245346,9.0,3.0
2025-01-06 18:30:00,485.16874674669316,52.74201897,25.92252514,89.04039926,0.0,214.5179301,0.215752254,214.5179301,44.98570549,25.23737502,-81.25657428,9.0,3.0
2025-01-06 18:45:00,505.89467563114613,58.09696185,31.76114144,75.92173325,0.0,245.554428,0.218382861,245.554428,48.65466639,27.596461,-92.34892175,9.0,3.0
2025-01-06 19:00:00,513.8071395522227,55.83340618,29.83010824,79.86464552,0.0,238.7505043,0.214111048,238.7505043,53.16461152,16.17452332,-85.07969819,9.0,3.0
2025-01-06 19:15:00,483.374591437532,54.56171483,20.32539965,85.9335588,0.0,228.9825424,0.217608617,228.9825424,53.69979239,16.64365327,-82.20934561,9.0,3.0
2025-01-06 19:30:00,483.61343492721534,58.6529546,26.16634273,90.77834712,0.0,220.1735869,0.213608324,220.1735869,56.06542225,16.31523625,-80.28912477,9.0,3.0
2025-01-06 19:45:00,499.7348340830299,64.8461701,33.76606721,111.1466969,0.0,200.2254055,0.20538392,200.2254055,61.82153935,20.30259913,-76.42401903,9.0,3.0
2025-01-06 20:00:00,497.0044051482637,53.36645218,33.12934627,75.35423003,0.0,235.6077132,0.20893049,235.6077132,47.16628405,24.3254292,-88.71012334,9.0,3.0
2025-01-06 20:15:00,497.78015345430526,68.04424581,23.72221282,92.61768304,0.0,209.8097273,0.214171785,209.8097273,59.58906642,16.00652678,-76.73424592,9.0,3.0
2025-01-06 20:30:00,511.4861571593799,66.85232942,20.21522153,70.23157159,0.0,250.4005726,0.218590262,250.4005726,53.89649965,18.47635684,-90.5954739,9.0,3.0
2025-01-06 20:45:00,489.63928423805123,53.06204893,26.85670258,98.33739284,0.0,210.1302413,0.214649555,210.1302413,52.82864835,22.57183255,-79.46165889,9.0,3.0
2025-01-06 21:00:00,311.7054733576741,66.80067917,33.33305684,83.2271427,0.0,229.1031562,0.218655484,229.1031562,55.47613292,27.96496017,-87.07230869,9.0,3.0
2025-01-06 21:15:00,319.39745420653765,65.86213938,34.84778575,86.60277704,0.0,228.0402001,0.225323872,228.0402001,52.74790442,20.49993444,-83.84385192,9.0,3.0
2025-01-06 21:30:00,312.9693513921035,70.68159554,30.74309389,72.81285915,0.0,236.5567906,0.225908017,236.5567906,59.15492288,21.22267736,-88.0042334,9.0,3.0
2025-01-06 21:45:00,296.53772104368466,65.17518686,32.17592757,103.988009,0.0,198.6998663,0.236171727,198.6998663,63.37998534,24.82031157,-78.53532545,9.0,3.0
2025-01-06 22:00:00,318.05099295015094,55.02876019,23.88913701,71.05809052,0.0,255.9677472,0.249132242,255.9677472,46.27592032,19.49844098,-90.90961059,6.5,3.0
2025-01-06 22:15:00,323.0963949154358,55.07046354,26.67857327,91.61803964,0.0,217.487475,0.233675351,217.487475,50.47568157,15.92428559,-77.94578841,6.5,3.0
2025-01-06 22:30:00,308.90734547662254,56.18637638,30.01146249,93.10805687,0.0,211.6869247,0.210043409,211.6869247,46.84672408,29.66638274,-83.84689287,6.5,3.0
2025-01-06 22:45:00,283.78526665779054,56.4640003,20.87366991,85.41267984,0.0,230.5132508,0.219674418,230.5132508,55.74990059,14.95737197,-82.60830271,6.5,3.0
2025-01-06 23:00:00,284.91104926912624,59.73234491,19.84933912,72.06327243,0.0,230.7366702,0.236554672,230.7366702,59.1621517,15.24195706,-82.47769255,6.5,3.0
2025-01-06 23:15:00,297.1079398565724,53.20800106,21.59353148,75.03445684,0.0,237.193865,0.233113128,237.193865,50.06952119,18.09745883,-84.75481669,6.5,3.0
2025-01-06 23:30:00,311.47446399405356,69.96467111,33.84477084,99.04975008,0.0,208.1414338,0.222343747,208.1414338,68.14503756,28.9197467,-83.82096014,6.5,3.0
2025-01-06 23:45:00,299.2465468802477,64.83558459,26.2945874,62.45043655,0.0,242.4557589,0.223208538,242.4557589,55.17171031,25.02113509,-90.92031982,6.5,3.0
2025-01-07 00:00:00,312.53882027039873,63.34551803,18.71322547,71.92688594,0.0,223.45907,0.227323857,223.45907,53.79223431,15.28101061,-80.05773915,6.5,3.0
2025-01-07 00:15:00,322.0499511704918,68.36945958,19.30775141,80.16003302,0.0,216.5210299,0.227104115,216.5210299,60.89916006,11.02193624,-76.71591411,6.5,3.0
2025-01-07 00:30:00,309.1023214272563,61.91538363,17.284154,66.76932176,0.0,243.3080591,0.221257512,243.3080591,54.13059031,14.14606701,-85.24233637,6.5,3.0
2025-01-07 00:45:00,290.0089071318532,61.37275332,27.52621563,78.50269569,0.0,232.5894578,0.230052078,232.5894578,56.81244586,25.78721552,-88.72240133,6.5,3.0
2025-01-07 01:00:00,252.9587217171974,61.8438597,33.78917106,81.24889799,0.0,227.8939759,0.227003019,227.8939759,55.13967183,23.11898518,-85.20652903,6.5,3.0
2025-01-07 01:15:00,255.69487796165143,68.06497698,35.15949903,79.29288304,0.0,228.5789447,0.220254721,228.5789447,62.27440323,26.60368135,-88.07439801,6.5,3.0
2025-01-07 01:30:00,266.259864266848,65.820024,18.74177305,95.04468854,0.0,223.861753,0.215610342,223.861753,53.29598951,11.99347128,-78.06985896,6.5,3.0
2025-01-07 01:45:00,265.4565360543031,59.6397479,19.96403915,102.8163806,0.0,195.078171,0.224833809,195.078171,55.25163056,12.94993302,-70.71138398,6.5,3.0
2025-01-07 02:00:00,287.4783551165783,68.02251327,34.167994,72.77444334,0.0,242.95348,0.24443646,242.95348,56.29784441,18.24051702,-88.11078254,6.5,3.0
2025-01-07 02:15:00,282.7197074475521,53.70900072,21.14345864,68.70256842,0.0,248.7178018,0.235593841,248.7178018,47.97394637,12.70424394,-85.75194564,6.5,3.0
2025-01-07 02:30:00,276.94154095874904,57.24332551,34.04255996,81.25961717,0.0,227.7239466,0.240477156,227.7239466,56.69990206,20.8376499,-84.76680351,6.5,3.0
2025-01-07 02:45:00,313.68039647712044,54.56873943,28.50336879,90.26984304,0.0,218.5469342,0.253171922,218.5469342,51.46243221,16.36951995,-78.96682799,6.5,3.0
2025-01-07 03:00:00,297.88366981085545,58.78313483,21.73194437,82.98872135,0.0,236.3139514,0.241591831,236.3139514,54.73894572,15.6913146,-84.18744979,6.5,3.0
2025-01-07 03:15:00,298.2638120566653,67.96434719,23.16024704,92.24692978,0.0,212.1758104,0.230730515,212.1758104,62.53403741,15.20757033,-77.36759456,6.5,3.0
2025-01-07 03:30:00,279.4455824722448,62.72190667,19.50496536,78.66970415,0.0,218.9228364,0.23416997,218.9228364,60.70718131,12.41541257,-78.23937617,6.5,3.0
2025-01-07 03:45:00,278.67693566023445,61.91560917,30.27288947,67.78724393,0.0,234.6984769,0.24246309,234.6984769,54.66022385,19.93231275,-85.84752329,6.5,3.0
2025-01-07 04:00:00,301.12784134114605,64.12797366,28.40581156,83.79641614,0.0,229.7225612,0.244447087,229.7225612,63.54289891,26.39453173,-88.05221415,6.5,3.0
2025-01-07 04:15:00,311.20850159242286,66.37680174,25.57401684,68.6966979,0.0,243.9113853,0.246948487,243.9113853,64.97035846,19.21025355,-89.14073042,6.5,3.0
2025-01-07 04:30:00,324.914698609367,61.8044843,28.58979557,82.90658647,0.0,218.4448024,0.246519159,218.4448024,58.32081107,25.15041871,-84.44259534,6.5,3.0
2025-01-07 04:45:00,320.0189584570642,68.99553021,27.48437994,89.74475876,0.0,224.8563136,0.250496239,224.8563136,58.01045916,18.21617316,-81.68640313,6.5,3.0
2025-01-07 05:00:00,285.14320682225406,56.06549142,18.51100466,80.86024424,0.0,229.4042795,0.235614949,229.4042795,55.16864203,11.77756037,-80.59086514,6.5,3.0
2025-01-07 05:15:00,283.6910919817771,70.03099901,23.80607306,92.85681879,0.0,211.8086503,0.219978885,211.8086503,57.49833708,13.96904616,-76.58713293,6.5,3.0
2025-01-07 05:30:00,291.2055448051272,55.57358916,32.23055,82.32233485,0.0,229.5030329,0.217234283,229.5030329,52.97872959,25.0006856,-87.188703,6.5,3.0
2025-01-07 05:45:00,278.8001563908415,68.35727936,27.31861809,72.87321495,0.0,239.870781,0.198212066,239.870781,64.72277198,20.57230876,-89.41651353,6.5,3.0
2025-01-07 06:00:00,423.4898736543262,67.69384594,19.02536312,73.138875,0.0,226.7043197,0.2017143,226.7043197,56.39783982,11.90878519,-79.76141819,6.5,3.0
2025-01-07 06:15:00,410.620585642555,68.81175004,25.67471257,60.94175128,0.0,234.9604424,0.211482521,234.9604424,66.72370033,24.85826679,-89.66789595,6.5,3.0
2025-01-07 06:30:00,437.2508150804908,55.62736781,28.61144967,103.0392861,0.0,203.5630147,0.203596446,203.5630147,45.57710501,16.32349105,-73.60954312,6.5,3.0
2025-01-07 06:45:00,421.178725622628,53.55529702,18.02209072,83.85013971,0.0,224.7345588,0.19280399,224.7345588,45.01200141,15.96653897,-80.19692145,6.5,3.0
2025-01-07 07:00:00,408.7041730995433,65.61928776,21.04568781,66.2932621,202.27135441827036,244.9476429,0.195225829,244.9476429,64.24675938,11.78493232,-85.72533082,6.5,3.0
2025-01-07 07:15:00,397.3438413837817,53.64459935,26.27594602,86.10253019,193.41333257978567,215.9634195,0.191055999,215.9634195,47.33805945,24.47998651,-81.57338297,6.5,3.0
2025-01-07 07:30:00,389.47354711954637,57.0630552,23.95107273,67.65206197,210.31990494644464,236.2387619,0.177669696,236.2387619,46.85498249,14.33051723,-82.82053147,6.5,3.0
2025-01-07 07:45:00,374.3584383971288,58.42446688,19.57549882,89.52039361,203.7554080554994,216.76959,0.166798489,216.76959,50.45483097,13.67867664,-76.99277464,6.5,3.0
2025-01-07 08:00:00,392.61924272489154,62.9723965,19.56951472,69.19372838,366.9270003245704,243.2583484,0.172656346,243.2583484,53.5372929,17.36696087,-86.20587674,6.5,3.0
2025-01-07 08:15:00,395.7552283925013,56.72092991,21.62599913,61.07866022,376.23453083375944,242.0288894,0.185109917,242.0288894,45.70845947,12.05319352,-82.95042924,6.5,3.0
2025-01-07 08:30:00,391.9095764376949,68.35713052,21.32092764,91.7072469,381.1567378424099,210.894595,0.188361757,210.894595,60.22248654,14.99275215,-77.10651213,6.5,3.0
2025-01-07 08:45:00,435.99595244491206,54.4639609,21.03874651,77.62826275,331.1417309992603,228.6684303,0.170747851,228.6684303,46.78296772,18.29047576,-82.24946491,6.5,3.0
2025-01-07 09:00:00,351.5719393976336,69.4087024,19.09142528,70.51456907,518.3160867624533,247.9335666,0.1774102,247.9335666,58.63937651,10.6849483,-85.63033627,6.5,3.0
2025-01-07 09:15:00,361.59990623143455,54.49709452,18.59097593,68.05043919,532.0513965327001,239.34175,0.189116993,239.34175,53.87507794,9.947863494,-82.2393831,6.5,3.0
2025-01-07 09:30:00,362.2653885992405,64.2297859,32.70846888,83.86678339,518.065712194621,226.5192342,0.187211559,226.5192342,60.98614704,23.6037462,-86.67175427,6.5,3.0
2025-01-07 09:45:00,355.5627657716914,65.12114666,34.03446585,92.61475995,540.1568045102258,218.6007934,0.18208883,218.6007934,53.36777677,30.91391017,-85.62633391,6.5,3.0
2025-01-07 10:00:00,361.81506234592666,59.50874524,30.77850255,86.41490834,653.9858027443322,217.0567586,0.165671026,217.0567586,50.8780471,15.61792053,-78.33978926,6.5,3.0
2025-01-07 10:15:00,370.1624437941159,63.7667518,30.72280169,71.19026207,636.8049042193791,237.1719687,0.160149071,237.1719687,54.09811821,23.25704601,-88.26072476,6.5,3.0
2025-01-07 10:30:00,360.67402267807955,70.52887457,33.7285604,67.55758218,646.0664536132973,247.9348325,0.174131818,247.9348325,70.08831059,16.93311155,-89.5497962,6.5,3.0
2025-01-07 10:45:00,326.0984711818778,62.59369882,19.23587154,88.14387961,685.1928394229917,207.553463,0.167947634,207.553463,61.1901298,16.24713601,-76.74879512,6.5,3.0
2025-01-07 11:00:00,285.57468627526964,57.38950421,22.67121755,80.05090213,550.5203099264227,216.5494814,0.17688956,216.5494814,53.83701354,12.10080485,-76.3465786,6.5,3.0
2025-01-07 11:15:00,261.3333784955406,65.92575355,19.17452778,82.90788637,569.1098901041066,218.5927412,0.184305423,218.5927412,56.3914389,10.95229879,-76.58463303,6.5,3.0
2025-01-07 11:30:00,276.2467083461017,61.77277003,24.86420467,77.80969549,539.0608790930447,226.2518489,0.185250063,226.2518489,55.74281799,20.7617018,-83.2387065,6.5,3.0
2025-01-07 11:45:00,273.0252268830882,67.19683982,18.95396209,82.43503663,557.0589208764259,228.1320373,0.188773403,228.1320373,54.9590523,16.82200391,-82.08088055,6.5,3.0
2025-01-07 12:00:00,306.4126231265817,55.0146143,30.19381698,78.09066443,646.9619701206825,237.5093947,0.168555039,237.5093947,54.96530923,24.74251686,-88.91726387,6.5,3.0
2025-01-07 12:15:00,295.42620442188706,59.33155414,18.62491076,95.74217281,663.8216288217454,200.7079075,0.155565785,200.7079075,54.94095193,12.49389197,-71.95462398,6.5,3.0
2025-01-07 12:30:00,285.84369313518096,60.48015086,29.98983332,88.61411948,655.2037305928587,205.2737969,0.140420006,205.2737969,48.58225418,21.32089836,-77.11833052,6.5,3.0
2025-01-07 12:45:00,282.0274793163503,60.4444783,30.46753835,78.97211157,580.7726704647134,225.8319848,0.152545895,225.8319848,50.38699211,17.21287199,-81.6208041,6.5,3.0
2025-01-07 13:00:00,276.56552617859893,59.20997824,31.47955027,80.08291432,468.50149901262694,213.9833775,0.143514269,213.9833775,51.63992288,27.15208325,-83.28823658,6.5,3.0
2025-01-07 13:15:00,263.03585700373515,62.90766958,18.89432758,72.31558988,459.83906086175335,225.2069902,0.144391892,225.2069902,54.65575414,16.83446576,-81.42898491,6.5,3.0
2025-01-07 13:30:00,272.0407226433693,57.18355958,26.25746315,68.03659545,461.73829536027677,247.3334325,0.141975526,247.3334325,50.00888712,15.01614711,-86.9891762,6.5,3.0
2025-01-07 13:45:00,294.89789417429665,64.93391766,29.29791471,64.48113643,522.1111447653429,228.163766,0.140987663,228.163766,53.4399992,25.59092195,-85.458419,6.5,3.0
2025-01-07 14:00:00,280.83050605014427,62.12805861,30.65454252,79.16108095,510.30384853556063,223.3286643,0.137838986,223.3286643,59.18638275,23.77558725,-84.92731436,6.5,3.0
2025-01-07 14:15:00,300.2267657620056,67.07477531,20.46308983,76.7876128,523.1636561133901,226.6972022,0.130395573,226.6972022,58.95583026,11.18555636,-79.80150301,6.5,3.0
2025-01-07 14:30:00,293.62544486665684,60.31626592,20.40837316,93.44917973,507.003410106346,218.380585,0.115392999,218.380585,49.40773044,10.66418238,-76.10354457,6.5,3.0
2025-01-07 14:45:00,272.2972833211934,54.11459503,18.72996201,74.76268141,477.4390852447034,236.7092802,0.120997348,236.7092802,46.60764197,12.58287025,-81.84951196,6.5,3.0
2025-01-07 15:00:00,283.9570106621034,67.50798314,21.52634211,79.79874394,529.8756703246888,228.5931338,0.129634772,228.5931338,57.42685026,12.76115029,-81.05894118,6.5,3.0
2025-01-07 15:15:00,290.2528844919209,65.7090974,28.61164718,91.47248082,543.2527239594252,212.6626896,0.118166727,212.6626896,53.32416501,26.35710932,-82.06744816,6.5,3.0
2025-01-07 15:30:00,284.13366231986856,62.44038466,31.37810357,69.71207698,511.1258474479665,234.8253018,0.124700259,234.8253018,51.02951568,19.17755736,-85.47548181,6.5,3.0
2025-01-07 15:45:00,313.7964425261073,67.65510413,23.15168506,63.80496725,559.2257582679194,237.5422896,0.130210939,237.5422896,58.12737276,16.12875941,-85.10028492,6.5,3.0
2025-01-07 16:00:00,340.0317333085342,66.69424414,18.51763593,70.95597407,351.5858421951452,235.9295782,0.135429633,235.9295782,54.70600067,16.1074861,-84.58055208,6.5,3.0
2025-01-07 16:15:00,342.1279319296117,58.03768253,28.45916122,85.64695721,351.77168546024393,230.5730658,0.134617259,230.5730658,57.4435377,20.39900609,-85.48684941,6.5,3.0
2025-01-07 16:30:00,324.0284924794342,64.44749457,19.22871167,60.90898721,340.3143157761703,226.0709446,0.116566465,226.0709446,63.11081191,17.04491785,-82.69111306,6.5,3.0
2025-01-07 16:45:00,331.85184228241997,53.66987835,19.39231523,68.66231153,317.8281565684406,229.3234521,0.123936308,229.3234521,43.94561837,14.04348841,-80.48593591,6.5,3.0
2025-01-07 17:00:00,489.4785351602,61.48501982,31.3012842,80.98639397,225.7188187650801,210.632743,0.117748204,210.632743,61.23619433,30.13184586,-83.84415198,9.0,3.0
2025-01-07 17:15:00,506.37389788721975,66.39955399,26.07993193,81.61101875,235.49904433642615,217.1522844,0.131063715,217.1522844,66.30706511,17.35419171,-80.62567479,9.0,3.0
2025-01-07 17:30:00,494.69552537109877,59.0478782,23.36160413,96.43330465,214.52605117214253,213.4786523,0.110379147,213.4786523,51.84218882,17.23649579,-77.93832523,9.0,3.0
2025-01-07 17:45:00,496.64204158148164,58.46484247,28.15370841,66.51148223,222.08608572635126,250.1105253,0.105159999,250.1105253,54.42589627,20.55901076,-90.51570785,9.0,3.0
2025-01-07 18:00:00,500.42134445641915,55.88151414,24.67965992,77.47906529,0.0,223.2784616,0.117706337,223.2784616,50.59351744,17.27613301,-80.85132856,9.0,3.0
2025-01-07 18:15:00,473.74239000100044,59.03229127,26.28190132,68.3772986,0.0,236.6496974,0.117685414,236.6496974,55.66096311,22.71034072,-88.15581628,9.0,3.0
2025-01-07 18:30:00,486.7543782068911,61.41511369,20.38044586,75.0847146,0.0,236.1982653,0.126102891,236.1982653,55.6317329,15.64461032,-84.41337214,9.0,3.0
2025-01-07 18:45:00,499.2618873356894,53.62039186,26.06912365,87.79557344,0.0,212.9933722,0.121681955,212.9933722,52.49677091,24.55824709,-82.59055393,9.0,3.0
2025-01-07 19:00:00,508.0071547856816,65.58168288,32.71870267,72.92824099,0.0,229.8832461,0.12427029,229.8832461,65.42292799,20.03978928,-85.81283241,9.0,3.0
2025-01-07 19:15:00,482.2526771490087,60.52863116,26.24266854,62.22544274,0.0,236.2274008,0.137962895,236.2274008,48.89867706,23.80025155,-87.70411976,9.0,3.0
2025-01-07 19:30:00,483.7566869788758,55.54759489,28.87379634,76.94017509,0.0,221.8191739,0.137531354,221.8191739,54.58280333,19.204301,-81.57952555,9.0,3.0
2025-01-07 19:45:00,485.003481086434,70.42548025,20.85311891,87.72617495,0.0,221.2200134,0.125939529,221.2200134,57.3112876,11.02457512,-78.28135773,9.0,3.0
2025-01-07 20:00:00,516.950987882352,66.88178017,25.37903426,69.85463702,0.0,230.3465846,0.137725439,230.3465846,63.84176543,18.42481812,-84.06711728,9.0,3.0
2025-01-07 20:15:00,506.18645032907637,61.42914332,21.0062005,77.81778875,0.0,232.944814,0.137290514,232.944814,55.0846941,13.75042405,-82.27380649,9.0,3.0
2025-01-07 20:30:00,494.4577269467246,68.92470473,25.51832688,67.64584392,0.0,232.96703,0.139184651,232.96703,65.30533205,12.9610119,-82.66122565,9.0,3.0
2025-01-07 20:45:00,471.6148348418469,62.54809884,28.36519334,73.02047366,0.0,240.538512,0.150331694,240.538512,57.68965283,18.99359588,-87.59211968,9.0,3.0
2025-01-07 21:00:00,275.2855012946774,64.40122614,31.34514535,65.02192019,0.0,245.1982393,0.146509349,245.1982393,54.72910626,16.42873297,-86.62003385,9.0,3.0
2025-01-07 21:15:00,259.3097880332049,54.57844222,31.98776815,68.38272722,0.0,229.6591885,0.171495905,229.6591885,43.68982377,31.4940052,-89.35241941,9.0,3.0
2025-01-07 21:30:00,281.0251134542241,63.17945844,26.96219266,62.46774506,0.0,235.0823772,0.157100842,235.0823772,57.15776178,25.46431384,-88.9687695,9.0,3.0
2025-01-07 21:45:00,260.39959721789364,59.96776217,24.09514664,60.94946283,0.0,241.5904244,0.164379535,241.5904244,54.33713016,18.60441352,-87.38938709,9.0,3.0
2025-01-07 22:00:00,293.00981184042524,66.76693701,26.42515418,78.45563241,0.0,223.0856848,0.169602163,223.0856848,59.07874956,15.21326598,-80.35206636,6.5,3.0
2025-01-07 22:15:00,290.6398998409671,56.26234093,24.10382892,79.87038212,0.0,215.7113053,0.165107563,215.7113053,47.95283768,18.46448631,-78.63777621,6.5,3.0
2025-01-07 22:30:00,298.9956972956267,63.21824663,19.56089878,51.89123068,0.0,232.2168496,0.156011791,232.2168496,62.6354415,17.74202145,-83.89737284,6.5,3.0
2025-01-07 22:45:00,294.3745910229809,55.3275194,18.98344795,75.17679636,0.0,223.7999562,0.151853433,223.7999562,50.03573296,18.46609133,-81.42614056,6.5,3.0
2025-01-07 23:00:00,254.8249528633095,62.48151133,24.52836737,68.72323895,0.0,238.9064952,0.155739718,238.9064952,54.33802795,14.85691813,-84.482726,6.5,3.0
2025-01-07 23:15:00,265.3504107767269,56.19428591,20.2798243,74.81012733,0.0,222.8331318,0.17020441,222.8331318,46.610741,17.44029206,-80.34636882,6.5,3.0
2025-01-07 23:30:00,265.6982239636089,69.7452287,19.19145138,74.67357653,0.0,240.7725731,0.168976798,240.7725731,64.38741843,17.28196628,-87.45795829,6.5,3.0
2025-01-07 23:45:00,242.63641239635467,63.71772095,34.72442314,77.81332442,0.0,226.2120108,0.181940315,226.2120108,56.72851234,32.34851078,-90.89579094,6.5,3.0
2025-01-08 00:00:00,298.14717020381244,52.70818429,33.72990943,75.44246358,0.0,224.4130359,0.165084566,224.4130359,45.98012017,31.39389924,-87.92881546,6.5,3.0
2025-01-08 00:15:00,290.6829986638377,66.61874659,28.39142759,75.84880921,0.0,232.4403363,0.144276055,232.4403363,58.09597119,16.82387084,-84.29874928,6.5,3.0
2025-01-08 00:30:00,297.6552527767367,53.04008204,32.98941207,95.10104759,0.0,209.8513113,0.147305499,209.8513113,47.19915773,32.69700962,-84.54812317,6.5,3.0
2025-01-08 00:45:00,298.36457835561305,55.49151754,26.72871062,66.76916004,0.0,219.2370101,0.142367636,219.2370101,46.35191141,16.1068664,-78.31740672,6.5,3.0
2025-01-08 01:00:00,275.7667441105076,66.05813254,20.21849012,63.15436578,0.0,245.1340952,0.139280677,245.1340952,55.21340502,14.98262798,-86.82592416,6.5,3.0
2025-01-08 01:15:00,252.9645606730936,66.61240166,32.60757849,87.05136631,0.0,223.7386933,0.130236089,223.7386933,54.19868261,22.97494245,-83.8415576,6.5,3.0
2025-01-08 01:30:00,250.6267750800289,66.57168101,19.64843845,71.96752423,0.0,228.1261062,0.113420722,228.1261062,63.66116384,13.10640754,-81.35531638,6.5,3.0
2025-01-08 01:45:00,272.03192013637,65.31307515,21.84054163,86.7478865,0.0,223.4082898,0.111841852,223.4082898,57.43356954,12.04261091,-78.50652866,6.5,3.0
2025-01-08 02:00:00,303.8122481291563,57.2028409,34.15722776,73.40100903,0.0,223.5602807,0.102506731,223.5602807,49.95423495,33.98503739,-88.677782,6.5,3.0
2025-01-08 02:15:00,289.4220817664124,63.30208828,35.32503759,61.69822593,0.0,257.1880183,0.113073954,257.1880183,60.18696081,21.03040363,-93.53171944,6.5,3.0
2025-01-08 02:30:00,294.97322035250323,58.4819334,28.2894586,73.37234559,0.0,238.4485817,0.119372973,238.4485817,51.97837742,27.76122293,-90.33466542,6.5,3.0
2025-01-08 02:45:00,281.2824497519282,56.45213287,27.97642419,60.37907516,0.0,252.0601789,0.113901946,252.0601789,52.06019327,19.23467413,-90.19441027,6.5,3.0
2025-01-08 03:00:00,299.0043973257596,65.37221009,33.24365822,73.13087693,0.0,226.2264588,0.101827864,226.2264588,63.93398039,22.50741804,-85.44645061,6.5,3.0
2025-01-08 03:15:00,286.81314834113164,61.90982001,26.27902228,54.94021435,0.0,261.3209658,0.104857978,261.3209658,54.83179889,19.80306879,-93.70639462,6.5,3.0
2025-01-08 03:30:00,300.17948600981146,70.47925676,30.23771783,73.57956645,0.0,242.3278141,0.099367255,242.3278141,66.72979362,25.51792865,-92.45324337,6.5,3.0
2025-01-08 03:45:00,285.7329683232974,69.54398945,35.41781449,71.80809525,0.0,234.7124648,0.112985579,234.7124648,66.71554974,29.62623644,-92.26735835,6.5,3.0
2025-01-08 04:00:00,273.05147615686826,58.72031444,34.0146979,66.54150734,0.0,240.0295322,0.100219206,240.0295322,57.0777311,23.47352782,-88.9912585,6.5,3.0
2025-01-08 04:15:00,274.745632230464,68.85797332,34.29157174,56.78697002,0.0,245.037903,0.121616523,245.037903,57.67792787,32.65236322,-95.50342242,6.5,3.0
2025-01-08 04:30:00,288.3950533708247,60.68970881,33.59632507,59.32390396,0.0,244.8530202,0.111008271,244.8530202,51.35459193,28.46409583,-92.73137083,6.5,3.0
2025-01-08 04:45:00,303.60783824184296,66.06332107,24.31641439,75.19370098,0.0,233.3736322,0.116016202,233.3736322,56.46345255,23.52481579,-87.24209877,6.5,3.0
2025-01-08 05:00:00,279.1356681654301,53.99830683,25.13106519,68.37970746,0.0,237.8470295,0.112899374,237.8470295,45.00255802,14.96109947,-83.84996184,6.5,3.0
2025-01-08 05:15:00,290.08070309559133,54.01505814,24.54943919,77.23835327,0.0,222.8677023,0.102001065,222.8677023,45.69952943,14.32994441,-78.65170425,6.5,3.0
2025-01-08 05:30:00,297.5753842386546,64.46299873,18.24189181,65.47137542,0.0,242.7629362,0.107008307,242.7629362,56.9880428,13.99458614,-85.10197437,6.5,3.0
2025-01-08 05:45:00,289.99824450032395,60.15209223,27.45531943,72.4945469,0.0,230.026615,0.098546413,230.026615,53.59711436,19.96563177,-83.69539222,6.5,3.0
2025-01-08 06:00:00,486.75346849968236,65.75242437,17.90217651,62.45858849,0.0,231.0339294,0.109894835,231.0339294,56.75922642,13.3721817,-81.48549857,6.5,3.0
2025-01-08 06:15:00,481.56966410610477,56.88024723,34.0810039,70.44764244,0.0,238.8194078,0.1014028,238.8194078,50.15214787,27.82900376,-90.93544587,6.5,3.0
2025-01-08 06:30:00,490.30920966598876,60.91741427,24.93921503,66.21889213,0.0,233.3270786,0.099958877,233.3270786,55.99185562,15.50687459,-83.81472381,6.5,3.0
2025-01-08 06:45:00,423.32765772822404,64.70327078,23.26036849,78.09520523,0.0,222.5024064,0.101276748,222.5024064,54.24191271,14.74644598,-79.57353768,6.5,3.0
2025-01-08 07:00:00,449.9538196469583,59.977572,34.84217507,59.42739205,192.77959917721887,243.2232405,0.097497317,243.2232405,58.86922904,27.52924442,-92.75943973,6.5,3.0
2025-01-08 07:15:00,468.56604392712086,53.41432203,30.78177106,85.83206162,197.09135401697054,213.8718756,0.094513196,213.8718756,43.32668173,21.04939037,-78.63365544,6.5,3.0
2025-01-08 07:30:00,451.4220902476646,58.46065694,17.64433258,69.44832868,198.20357573582808,233.271505,0.091949484,233.271505,54.97263737,17.43844357,-84.61097546,6.5,3.0
2025-01-08 07:45:00,429.85804617825625,65.84880117,23.87019651,68.18374963,167.21547106998253,240.5115563,0.089117285,240.5115563,52.92483034,22.23480444,-88.03533803,6.5,3.0
2025-01-08 08:00:00,399.1667036132194,69.20114574,28.67272201,67.92021321,350.66222904178574,243.6433964,0.092767061,243.6433964,68.32362493,24.55362418,-92.53958662,6.5,3.0
2025-01-08 08:15:00,385.20061038630416,59.38476383,33.00031032,78.93968058,331.3037689705475,222.1872124,0.089738294,222.1872124,50.10888371,18.88747644,-80.42332775,6.5,3.0
2025-01-08 08:30:00,393.067281510667,63.93799409,33.87915686,71.66347458,341.40267936333566,231.0854551,0.082458068,231.0854551,56.08241549,28.7225552,-90.38810874,6.5,3.0
2025-01-08 08:45:00,381.1154044898094,69.13539323,20.77009691,71.66079015,358.1813226243311,235.4892169,0.080577988,235.4892169,59.0983643,10.45924252,-81.87019689,6.5,3.0
2025-01-08 09:00:00,354.5018612874294,55.80054333,27.71020627,64.72980912,505.662004383787,234.5720122,0.080707051,234.5720122,53.05499368,14.77582339,-83.29969166,6.5,3.0
2025-01-08 09:15:00,355.54956312414384,58.74266707,19.708722,52.26398166,541.701689856231,245.6174969,0.084449259,245.6174969,47.39577767,13.47139457,-85.17983309,6.5,3.0
2025-01-08 09:30:00,375.2312665564395,62.86185893,32.91251495,61.02863273,534.7592967207904,249.8606335,0.091854574,249.8606335,53.16601831,29.45900368,-94.98758291,6.5,3.0
2025-01-08 09:45:00,382.1573090319873,55.18910526,17.79771501,68.66242909,519.9270090391917,232.3254269,0.093782437,232.3254269,47.58394423,11.17460956,-79.87215655,6.5,3.0
2025-01-08 10:00:00,363.5240404524581,63.89334964,34.67893294,70.44420043,639.0907274756071,238.7457458,0.094971268,238.7457458,61.14542427,26.21222674,-90.99122395,6.5,3.0
2025-01-08 10:15:00,368.4633500541302,57.61442787,26.44550115,60.47900592,648.4441960447593,251.1513579,0.086874861,251.1513579,56.22835842,18.23768026,-89.40746361,6.5,3.0
2025-01-08 10:30:00,366.2307435843065,56.1256025,24.06189443,69.52760445,656.0395577149967,236.218176,0.084990775,236.218176,45.21244126,12.86966652,-81.77573697,6.5,3.0
2025-01-08 10:45:00,335.2418659091052,68.96966429,17.75313619,76.28537079,596.435518764637,227.7612962,0.091946737,227.7612962,63.04642735,12.73918241,-80.82329679,6.5,3.0
2025-01-08 11:00:00,254.05133320091866,56.36067837,21.21047832,50.7276015,447.70050737567027,249.4560875,0.098389066,249.4560875,52.65138268,13.74181419,-86.96958901,6.5,3.0
2025-01-08 11:15:00,254.01335818358794,59.20553285,28.6859692,59.39092157,422.8876651197245,252.0253619,0.122557748,252.0253619,54.17742079,26.22760747,-93.77268888,6.5,3.0
2025-01-08 11:30:00,265.6383998518134,52.74916532,22.45815142,73.93821463,426.81868210394305,221.867596,0.109909505,221.867596,48.21793364,11.74612154,-77.10237859,6.5,3.0
2025-01-08 11:45:00,280.4069087636799,59.5776162,22.40384909,66.56924141,423.5631454006623,236.3684875,0.110560223,236.3684875,54.02678323,17.67861984,-84.70477992,6.5,3.0
2025-01-08 12:00:00,263.1720360891724,60.71007736,20.091137,79.40686865,392.0846356887329,210.8505811,0.116894883,210.8505811,53.30060728,15.68791676,-76.05308083,6.5,3.0
2025-01-08 12:15:00,249.28159615084726,68.07312321,25.80492021,81.93207081,393.28023589093493,221.8752975,0.118224504,221.8752975,61.52208069,18.48813387,-81.85482778,6.5,3.0
2025-01-08 12:30:00,256.1489721187671,67.25747436,28.428265,81.99403767,392.1316331292753,220.0856543,0.109167392,220.0856543,57.31802842,18.84480298,-80.76565975,6.5,3.0
2025-01-08 12:45:00,262.91739564121315,57.99525003,28.45997073,61.07570845,463.5934952910568,231.3537228,0.1063965,231.3537228,52.07234664,21.1882173,-84.99343634,6.5,3.0
2025-01-08 13:00:00,285.4223927559596,56.85422203,20.27416735,64.43546272,486.09484541658156,227.4820239,0.099003943,227.4820239,50.45031544,10.98781551,-78.70312451,6.5,3.0
2025-01-08 13:15:00,278.6194141693352,62.79318994,19.82983269,51.26526076,522.2206359404422,252.1433381,0.099926182,252.1433381,51.25777966,15.83341256,-88.43533339,6.5,3.0
2025-01-08 13:30:00,281.85413471571013,64.25056213,31.89717854,67.43088626,482.32631244318037,240.0702657,0.09916004,240.0702657,61.97753656,16.07133362,-85.57502475,6.5,3.0
2025-01-08 13:45:00,241.6840583589949,54.39210264,19.48923987,70.10857564,502.88820619979583,218.1920281,0.11389288,218.1920281,48.69070754,14.72839408,-77.77986511,6.5,3.0
2025-01-08 14:00:00,272.4644886840436,60.74630664,32.42514924,76.64359504,468.52538807149216,217.0855774,0.10840188,217.0855774,49.45547974,19.68011841,-79.79046535,6.5,3.0
2025-01-08 14:15:00,268.8694472247433,63.12388589,20.39666147,70.3676765,443.48557057950717,225.1457537,0.102807619,225.1457537,54.20813279,13.32942202,-79.29716041,6.5,3.0
2025-01-08 14:30:00,277.18769533102284,62.22313083,18.01057628,82.3701993,475.9552085082653,213.6883489,0.107846588,213.6883489,50.33113055,12.49020439,-74.95053036,6.5,3.0
2025-01-08 14:45:00,292.0783687601902,59.17817036,27.14027879,65.62362618,454.33383284073534,247.7734256,0.102455018,247.7734256,53.26288549,23.2808567,-91.08308467,6.5,3.0
2025-01-08 15:00:00,285.0290396203596,59.50410901,21.16031586,66.231263,515.3718245036215,222.766255,0.104813983,222.766255,49.91240329,16.186265,-79.24741042,6.5,3.0
2025-01-08 15:15:00,271.77771344457,54.7854556,28.07813401,56.37043079,545.9240197583082,248.6144852,0.096896727,248.6144852,51.90499204,14.95433779,-87.64443643,6.5,3.0
2025-01-08 15:30:00,261.7381997292786,68.14615478,25.71757114,63.7173239,523.4347033024274,241.1056767,0.086753716,241.1056767,55.3710788,25.15694635,-90.51701509,6.5,3.0
2025-01-08 15:45:00,277.32504720579163,64.0961242,32.11378316,68.40163816,572.8994524356431,228.660394,0.077375602,228.660394,54.11123066,17.09858133,-82.44914832,6.5,3.0
2025-01-08 16:00:00,395.4802870664676,67.93873325,29.17640592,70.75020258,335.1859837736294,229.8791929,0.071394682,229.8791929,66.88456413,17.84179043,-84.2967032,6.5,3.0
2025-01-08 16:15:00,411.29543626884885,68.62171889,30.74628688,61.40639743,351.9134542804295,240.7237236,0.073606159,240.7237236,59.80723391,21.93345197,-89.15607234,6.5,3.0
2025-01-08 16:30:00,390.24409875461373,60.83973095,25.05614557,54.86075456,349.31098854339524,241.7768167,0.080603756,241.7768167,49.15776642,21.90597687,-87.69754626,6.5,3.0
2025-01-08 16:45:00,390.0801779100698,65.88528275,18.99266617,60.69617094,336.41957340254567,240.6222156,0.089589777,240.6222156,53.67896514,15.73522792,-84.88216462,6.5,3.0
2025-01-08 17:00:00,510.56885726050933,66.59937014,30.67749476,53.60926794,190.64809464626725,245.5692453,0.092235231,245.5692453,59.69205755,22.40898365,-89.89043454,9.0,3.0
2025-01-08 17:15:00,487.65506704956675,55.52098044,25.38642153,68.80395928,190.11859305812288,225.896434,0.091250862,225.896434,53.02891484,15.98824459,-80.98711158,9.0,3.0
2025-01-08 17:30:00,508.0092949751845,53.54678395,20.48282853,82.62381082,196.38207969856967,210.1767667,0.06889011,210.1767667,51.99831276,15.06800302,-76.00462735,9.0,3.0
2025-01-08 17:45:00,463.8767807147394,65.82686284,32.07404745,48.23271703,178.54123259704022,241.8083656,0.074015304,241.8083656,65.56795421,23.50567184,-91.0228207,9.0,3.0
2025-01-08 18:00:00,475.21100332993296,52.25267966,26.14326518,62.61948161,0.0,229.5193168,0.075174712,229.5193168,49.65619846,22.54073077,-85.10266367,9.0,3.0
2025-01-08 18:15:00,474.2813816080559,59.95216124,24.29741117,75.9011397,0.0,212.289053,0.070749237,212.289053,48.62541284,15.68896249,-76.52859425,9.0,3.0
2025-01-08 18:30:00,472.23443753879474,54.18657934,24.47532077,67.17038366,0.0,228.0455207,0.069261067,228.0455207,45.86020783,22.8118238,-83.7124043,9.0,3.0
2025-01-08 18:45:00,495.9231775232165,54.85642706,28.6768321,75.61834263,0.0,218.9446696,0.067101466,218.9446696,44.40871465,22.88761457,-80.89492513,9.0,3.0
2025-01-08 19:00:00,471.210375546992,67.66111304,18.84450816,77.50835557,0.0,213.0507523,0.063134526,213.0507523,67.54345104,12.80527404,-76.67625084,9.0,3.0
2025-01-08 19:15:00,454.02737722319023,52.9150116,27.97527393,63.19516531,0.0,229.3087753,0.055082006,229.3087753,51.99976242,14.06101279,-80.64626926,9.0,3.0
2025-01-08 19:30:00,494.232127945199,64.80122314,18.23019292,64.88101967,0.0,231.2164248,0.072340278,231.2164248,64.54648858,11.3868783,-81.02747743,9.0,3.0
2025-01-08 19:45:00,471.3901192846188,59.17473009,17.15746976,50.78618826,0.0,242.6656493,0.078215129,242.6656493,54.3185387,13.65021701,-84.71139065,9.0,3.0
2025-01-08 20:00:00,493.58016645349727,59.2808047,23.63589451,64.82437459,0.0,241.496604,0.092682464,241.496604,47.85650292,17.64463433,-85.54966834,9.0,3.0
2025-01-08 20:15:00,472.80308131533116,66.94061988,31.70936441,85.85405634,0.0,215.848511,0.081585205,215.848511,58.17887988,16.83184903,-79.45411278,9.0,3.0
2025-01-08 20:30:00,478.40055507202084,62.28934601,19.73436492,59.12256921,0.0,237.4521234,0.088241802,237.4521234,61.4914798,17.78750913,-86.56734836,9.0,3.0
2025-01-08 20:45:00,520.2961971591508,69.2298539,21.15266728,68.46085004,0.0,233.1986942,0.093877101,233.1986942,64.04844254,15.2732558,-83.3477421,9.0,3.0
2025-01-08 21:00:00,260.966658537337,61.06390836,25.2118314,54.76983226,0.0,240.1506612,0.095013591,240.1506612,57.89724286,17.0697794,-86.29079474,9.0,3.0
2025-01-08 21:15:00,267.67952841364735,51.09989699,32.67779709,74.7638816,0.0,205.4682585,0.077824643,205.4682585,49.0479171,26.63319861,-79.140532,9.0,3.0
2025-01-08 21:30:00,258.6417972316555,58.13023863,24.36349604,57.20150102,0.0,233.4727903,0.073940069,233.4727903,51.6765862,15.13352949,-82.27570459,9.0,3.0
2025-01-08 21:45:00,301.3220158173599,52.76934462,18.56438681,54.43304658,0.0,256.3226682,0.06605594,256.3226682,44.87367803,10.05834751,-86.5051977,9.0,3.0
2025-01-08 22:00:00,281.12386190880414,57.17849073,24.75254937,70.82857501,0.0,217.1446943,0.054184731,217.1446943,54.04799229,12.95965895,-77.06379397,6.5,3.0
2025-01-08 22:15:00,284.4042850542991,59.193606,22.66335764,54.01253498,0.0,241.8053156,0.06730944,241.8053156,51.68270257,16.86647629,-86.5185876,6.5,3.0
2025-01-08 22:30:00,274.53025176684406,60.39244468,24.49944059,50.97205738,0.0,250.4067369,0.063286302,250.4067369,49.68105584,13.26667439,-86.3609366,6.5,3.0
2025-01-08 22:45:00,297.50160127005256,57.77293228,19.29768544,60.71331483,0.0,229.9291088,0.056645606,229.9291088,51.23700214,14.20670918,-80.99961199,6.5,3.0
2025-01-08 23:00:00,269.09720931402325,65.98059497,31.45688771,53.02126352,0.0,255.1887432,0.066363909,255.1887432,55.93377884,24.6699947,-94.11530361,6.5,3.0
2025-01-08 23:15:00,278.3789174465496,69.16740414,19.61536717,70.62977543,0.0,234.3777071,0.071625942,234.3777071,64.42680064,17.05837387,-85.61504788,6.5,3.0
2025-01-08 23:30:00,284.93636247352737,61.00191748,24.00692959,66.86694561,0.0,218.3710641,0.067591419,218.3710641,54.54191776,16.80399216,-79.10080128,6.5,3.0
2025-01-08 23:45:00,300.2775107658997,59.83057513,31.27181847,72.91740863,0.0,208.8176136,0.067873479,208.8176136,50.17427188,18.37478273,-76.91484023,6.5,3.0
2025-01-09 00:00:00,275.3155899359407,54.73569236,34.92683001,74.48850224,0.0,232.4616834,0.071093211,232.4616834,44.19039481,34.38912661,-89.60773236,6.5,3.0
2025-01-09 00:15:00,261.81140029718676,60.79280472,24.57250238,61.64011207,0.0,243.5443466,0.071636354,243.5443466,53.2489539,24.32239406,-90.71086203,6.5,3.0
2025-01-09 00:30:00,280.5254589391957,52.92281415,28.64224555,72.88897173,0.0,224.5866822,0.064932107,224.5866822,48.59892733,27.22958713,-84.67822398,6.5,3.0
2025-01-09 00:45:00,272.9275508276768,66.00723273,19.09849699,56.11983311,0.0,225.6235499,0.065386358,225.6235499,61.89214075,12.31496232,-79.79134856,6.5,3.0
2025-01-09 01:00:00,309.3218950859792,61.60840574,31.50102177,56.54504957,0.0,229.4306619,0.066654392,229.4306619,56.08945492,21.44572435,-85.37787419,6.5,3.0
2025-01-09 01:15:00,307.9882156979377,58.65165258,25.63936134,69.78323701,0.0,221.1938326,0.071558289,221.1938326,54.37433404,13.0280467,-78.04626106,6.5,3.0
2025-01-09 01:30:00,303.5280650660147,51.04773049,22.70085291,63.33164821,0.0,223.3488346,0.071002635,223.3488346,46.91632376,13.95801794,-78.32128236,6.5,3.0
2025-01-09 01:45:00,354.69182415006844,67.20959865,29.97992659,81.86781446,0.0,209.4092558,0.087655359,209.4092558,64.11879823,23.09611398,-80.46033986,6.5,3.0
2025-01-09 02:00:00,318.7121285271979,58.89812826,34.02292829,84.40728326,0.0,216.9965106,0.097253199,216.9965106,55.4063233,25.03834327,-82.38516873,6.5,3.0
2025-01-09 02:15:00,298.0119444668286,65.39237097,19.51748081,55.48546915,0.0,241.5596351,0.096432182,241.5596351,62.78682472,16.70786449,-87.16712864,6.5,3.0
2025-01-09 02:30:00,306.6913981971527,56.52444542,30.56251319,67.06149335,0.0,224.0225747,0.092280579,224.0225747,49.10077478,24.55009577,-83.51370833,6.5,3.0
2025-01-09 02:45:00,310.9745288088209,65.52052019,19.60533269,71.06903848,0.0,219.3959303,0.109451749,219.3959303,55.85366701,16.62221785,-79.70076824,6.5,3.0
2025-01-09 03:00:00,260.8700705448935,66.51902319,31.95588474,79.44747718,0.0,204.7883664,0.100975077,204.7883664,58.51781405,17.71261094,-76.13294572,6.5,3.0
2025-01-09 03:15:00,257.77517220013266,52.36318165,31.59207732,73.83812246,0.0,221.1224594,0.116049127,221.1224594,51.37656036,23.23646854,-83.0534731,6.5,3.0
2025-01-09 03:30:00,257.02493424640016,64.46480812,25.47859151,69.64312644,0.0,222.157343,0.110002483,222.157343,52.98197609,18.53127337,-81.31087239,6.5,3.0
2025-01-09 03:45:00,257.5098230085737,53.84928861,28.98123961,83.39358848,0.0,214.0736318,0.100246499,214.0736318,44.75330117,20.41908994,-79.03534393,6.5,3.0
2025-01-09 04:00:00,326.43694057740527,59.60455664,22.72254421,71.43380895,0.0,207.7900944,0.111934533,207.7900944,58.44936692,12.71730841,-74.33304114,6.5,3.0
2025-01-09 04:15:00,323.11306360262523,57.70828574,24.43139821,67.70043826,0.0,230.809684,0.101359868,230.809684,55.85678878,16.71262069,-83.24870371,6.5,3.0
2025-01-09 04:30:00,337.78133173954143,65.30625247,21.32581138,69.89864254,0.0,229.5084335,0.106715669,229.5084335,64.34424628,20.22070684,-85.27705378,6.5,3.0
2025-01-09 04:45:00,311.7786640804279,63.09008814,25.84963793,79.7226564,0.0,219.9505065,0.130610121,219.9505065,54.76305326,19.60166749,-81.25584525,6.5,3.0
2025-01-09 05:00:00,312.5600088007841,67.24821375,32.14948674,62.17378367,0.0,226.2152881,0.119250078,226.2152881,63.61565299,26.77465438,-87.39423865,6.5,3.0
2025-01-09 05:15:00,307.2741007727815,56.69259814,18.00146949,72.10636234,0.0,211.6971906,0.127345795,211.6971906,52.98277288,16.35938021,-76.7735413,6.5,3.0
2025-01-09 05:30:00,313.67287808212166,54.60056278,22.12452146,66.95045649,0.0,229.0891835,0.121204929,229.0891835,45.46745491,13.66442407,-80.02481814,6.5,3.0
2025-01-09 05:45:00,330.25301234431276,67.95375567,25.66620445,54.73215883,0.0,226.4258055,0.128698271,226.4258055,63.92480842,25.2973696,-86.69595491,6.5,3.0
2025-01-09 06:00:00,397.1245230113078,53.12793549,19.49526396,66.72465215,0.0,234.7713972,0.132912701,234.7713972,43.04447425,11.48998268,-80.20410267,6.5,3.0
2025-01-09 06:15:00,426.35141520450003,54.71397743,29.20704004,76.9317325,0.0,210.6231003,0.138460563,210.6231003,47.19671046,17.29364002,-75.37327671,6.5,3.0
2025-01-09 06:30:00,405.93790454557245,58.88286798,23.53319472,55.73895766,0.0,236.9297459,0.137048217,236.9297459,51.25060926,20.16478411,-86.67793101,6.5,3.0
2025-01-09 06:45:00,412.5361572386198,59.62092268,19.07118871,74.21367331,0.0,211.8473745,0.134561284,211.8473745,58.82540812,16.8816456,-77.39995352,6.5,3.0
2025-01-09 07:00:00,498.6828245438344,56.35557045,27.21257761,54.31024308,223.6465019216464,235.7131526,0.135277287,235.7131526,45.79875089,14.41641809,-82.56355543,6.5,3.0
2025-01-09 07:15:00,502.86985878202245,52.26085682,24.7707051,61.29214851,202.95391976044272,229.0584114,0.129749426,229.0584114,51.05539988,12.6690024,-79.56206698,6.5,3.0
2025-01-09 07:30:00,481.4787074005126,68.37975085,34.33992648,55.84841127,203.62315405420898,240.6150968,0.143806183,240.6150968,59.12408432,22.58982633,-89.18390348,6.5,3.0
2025-01-09 07:45:00,516.5186092736305,62.54888708,18.56946175,51.98673511,222.29642426370185,241.9960476,0.141817717,241.9960476,56.58105408,11.77494051,-84.23841866,6.5,3.0
2025-01-09 08:00:00,385.569049926593,60.88275485,20.4540019,58.16512928,349.49327673680307,242.8382594,0.150607978,242.8382594,53.68598988,13.13575119,-84.78890387,6.5,3.0
2025-01-09 08:15:00,374.0421856896747,61.93324048,18.27940821,70.27132755,339.6719075610301,217.6843386,0.155937952,217.6843386,49.55430224,10.62356099,-75.65159748,6.5,3.0
2025-01-09 08:30:00,369.07849241352454,65.01208885,32.45304174,55.95847579,342.9068203685547,235.7217208,0.158517405,235.7217208,57.60144685,29.07441596,-90.67720155,6.5,3.0
2025-01-09 08:45:00,416.5302719702079,69.2919413,25.82088826,57.9900694,310.9279953336122,232.8074239,0.1445467,232.8074239,58.6893751,20.13241829,-85.62618819,6.5,3.0
2025-01-09 09:00:00,353.5085507733713,64.33436658,27.52777316,67.01185216,495.6708612461917,216.5111353,0.134294232,216.5111353,56.61460015,17.97184459,-79.97892653,6.5,3.0
2025-01-09 09:15:00,348.3416935604463,60.30262781,33.60581283,75.85560137,487.94700361416136,229.3208367,0.146145087,229.3208367,53.12409155,31.19643078,-89.9505941,6.5,3.0
2025-01-09 09:30:00,362.79179127018085,62.72416218,22.41810338,62.16401549,491.05372041619114,225.2281178,0.14239371,225.2281178,59.80395723,19.95580638,-83.32230924,6.5,3.0
2025-01-09 09:45:00,331.68796439600146,55.19286013,23.88290922,63.08238864,524.1884147234557,216.3541832,0.131449759,216.3541832,52.92519147,18.51423338,-78.70454472,6.5,3.0
2025-01-09 10:00:00,356.09149819078345,55.82814111,29.39995458,61.41682775,616.8280903482006,238.2593714,0.132210369,238.2593714,47.88426054,23.35753455,-86.83373001,6.5,3.0
2025-01-09 10:15:00,337.1055214635126,61.69034303,17.76731821,44.37903415,626.6426708478996,245.2293936,0.13431687,245.2293936,58.00045309,9.75903733,-83.86543849,6.5,3.0
2025-01-09 10:30:00,361.14719247137157,66.60310396,27.98760427,66.67037649,630.7631137848613,240.6078392,0.135214517,240.6078392,59.14729169,21.12459459,-88.50100445,6.5,3.0
2025-01-09 10:45:00,324.9357878743324,57.14309711,27.81258638,72.66483738,609.1061250190387,230.4363609,0.153042986,230.4363609,49.72869022,24.31264479,-85.76831075,6.5,3.0
2025-01-09 11:00:00,254.0741660761307,65.74370748,26.66588311,68.57611509,445.47873532173685,230.127991,0.160209701,230.127991,57.58870029,24.66218169,-86.41616378,6.5,3.0
2025-01-09 11:15:00,252.01520969164326,52.2402279,34.42313866,56.44651813,446.84585548420023,234.0774137,0.189141046,234.0774137,43.14719123,31.69252772,-89.45118654,6.5,3.0
2025-01-09 11:30:00,255.453201947073,56.18575268,34.31210209,63.06978774,473.800626536389,237.3588125,0.182133988,237.3588125,49.72196749,17.83379286,-84.51510132,6.5,3.0
2025-01-09 11:45:00,245.68742228515305,63.43179608,31.22662001,72.85733677,452.93478265767385,215.4584819,0.17877241,215.4584819,60.41070756,22.88407009,-80.9260527,6.5,3.0
2025-01-09 12:00:00,286.37833494837594,54.15910539,17.88870962,71.14760556,578.8998736342285,203.6313444,0.191947455,203.6313444,47.3558909,16.97536069,-74.10931253,6.5,3.0
2025-01-09 12:15:00,275.9155003241161,62.43283927,26.91634068,56.149025,596.1168906049577,240.4213425,0.196704872,240.4213425,53.90208794,25.46519653,-90.39541481,6.5,3.0
2025-01-09 12:30:00,269.9542813513724,63.97650395,25.93812842,71.75011506,585.4236256877473,221.5343178,0.198370851,221.5343178,56.15309981,14.60907306,-78.86950087,6.5,3.0
2025-01-09 12:45:00,288.9418833761356,61.95280163,17.53408556,86.14513023,574.8596100730667,189.7252184,0.202957875,189.7252184,60.12085897,9.120047241,-67.67387794,6.5,3.0
2025-01-09 13:00:00,286.6671163696148,64.24006165,31.27212345,86.08145075,553.0942808067385,201.1302892,0.195523079,201.1302892,61.08596063,25.34969746,-78.85630425,6.5,3.0
2025-01-09 13:15:00,298.6731027122509,52.27831272,27.17747969,64.51132039,602.1211554744232,215.7058618,0.196239921,215.7058618,49.10323398,14.82526072,-76.83352203,6.5,3.0
2025-01-09 13:30:00,294.5284482583545,54.54814759,17.78157086,47.16566396,602.4654158217489,239.5360132,0.211467567,239.5360132,44.50437561,9.879590995,-81.5312594,6.5,3.0
2025-01-09 13:45:00,290.0113326597799,52.04520267,34.010001,64.36707618,570.5991478970896,226.6103872,0.220729113,226.6103872,44.34507895,28.42646191,-85.56803881,6.5,3.0
2025-01-09 14:00:00,291.5132962687691,55.56849753,32.81177334,60.20381683,488.0066680476511,222.3327038,0.224758548,222.3327038,48.06243483,22.41066713,-82.48832894,6.5,3.0
2025-01-09 14:15:00,310.5443156122729,50.25002666,29.60902225,59.98173134,515.0855446034451,210.832902,0.229149208,210.832902,48.11288635,23.0257979,-79.41696848,6.5,3.0
2025-01-09 14:30:00,305.17689320270614,64.78353315,26.30149108,47.94470694,534.511173437929,233.8073367,0.215710755,233.8073367,52.89082413,22.44992242,-86.22103185,6.5,3.0
2025-01-09 14:45:00,278.3254949162517,66.73132457,25.08508278,59.02370256,499.96661391097473,231.2908187,0.222196528,231.2908187,62.11150046,20.8976641,-86.57554293,6.5,3.0
2025-01-09 15:00:00,283.3506270097133,61.30789716,22.34749044,73.72722799,579.7186892171183,203.7484754,0.203591843,203.7484754,52.6050146,14.45838953,-72.84423643,6.5,3.0
2025-01-09 15:15:00,278.3374122627013,56.23853431,29.43732296,55.49358065,590.8625102815789,237.4478405,0.203795109,237.4478405,55.43767995,15.89378731,-84.31841937,6.5,3.0
2025-01-09 15:30:00,283.3059958607834,52.44044783,32.1603611,65.36355982,636.4948602081051,226.2301433,0.220397225,226.2301433,48.12684238,26.862702,-84.83356555,6.5,3.0
2025-01-09 15:45:00,322.60596486680174,56.33247986,23.5401284,63.30367159,624.5439402931977,225.7524286,0.223845004,225.7524286,54.58990746,15.44615647,-80.8172143,6.5,3.0
2025-01-09 16:00:00,321.6976208134401,60.68157128,20.18807914,56.59205724,409.8267077395305,236.4203323,0.223643556,236.4203323,57.44647408,14.9088751,-84.08503542,6.5,3.0
2025-01-09 16:15:00,324.3038518640745,59.49969646,24.91414232,62.96742485,396.55136586332424,228.924529,0.199245476,228.924529,47.67518635,21.81944538,-83.67601354,6.5,3.0
2025-01-09 16:30:00,320.6327786106248,61.10269836,29.3887118,47.50722122,410.1097650313457,221.4157141,0.183740307,221.4157141,60.21574314,22.50733095,-83.36433097,6.5,3.0
2025-01-09 16:45:00,383.33574871186056,68.05763297,23.52321517,37.00453799,365.2421613657996,252.6880043,0.176110248,252.6880043,59.04020483,17.26745143,-90.25808644,6.5,3.0
2025-01-09 17:00:00,477.2735451114984,62.97789218,34.65219561,68.6891614,189.15242598803243,231.3245939,0.187243449,231.3245939,56.89522716,25.21064956,-87.24823476,9.0,3.0
2025-01-09 17:15:00,496.26446497938684,55.0253443,33.34069092,65.94422431,197.8893550215291,228.7446953,0.166497996,228.7446953,53.86276258,27.43552554,-86.13752892,9.0,3.0
2025-01-09 17:30:00,479.728103407639,58.99862037,20.27494342,55.74166349,196.63170636518805,235.7584215,0.176925914,235.7584215,50.63748527,10.51761108,-80.86655606,9.0,3.0
2025-01-09 17:45:00,472.7338865014758,63.52669928,33.52261126,56.53408061,178.11651262525038,230.6520622,0.195630638,230.6520622,61.40994338,26.9901294,-88.11068651,9.0,3.0
2025-01-09 18:00:00,510.90013376326476,55.3868863,25.30386856,75.40656152,0.0,207.3076199,0.197135621,207.3076199,54.33416733,22.70573536,-78.7246693,9.0,3.0
2025-01-09 18:15:00,510.7727267287727,61.35508087,18.53751607,45.89883124,0.0,254.3543361,0.205048779,254.3543361,50.08038295,10.72237286,-86.3798794,9.0,3.0
2025-01-09 18:30:00,477.0333380040604,58.57800084,29.08513976,65.30860061,0.0,227.0644579,0.206723773,227.0644579,58.35482733,14.9198375,-80.80380023,9.0,3.0
2025-01-09 18:45:00,448.21380150390223,54.03011525,32.77745886,71.11795326,0.0,223.2050234,0.219090171,223.2050234,44.87885409,31.828479,-86.71483748,9.0,3.0
2025-01-09 19:00:00,464.2669143708242,52.31295572,19.53249455,67.78292582,0.0,228.4825124,0.227923643,228.4825124,51.89434418,12.36886664,-79.82113243,9.0,3.0
2025-01-09 19:15:00,465.7449891666884,56.44783655,24.66696451,68.63444605,0.0,225.0932918,0.238084872,225.0932918,56.14576662,18.64033613,-82.68196616,9.0,3.0
2025-01-09 19:30:00,470.57129873051053,56.97531068,29.09831647,52.29038023,0.0,223.5627717,0.236183483,223.5627717,55.17977358,24.8932643,-83.97042628,9.0,3.0
2025-01-09 19:45:00,541.3967977319769,53.81355143,28.44823734,73.36808281,0.0,205.2396419,0.246008755,205.2396419,44.80065217,22.1686532,-76.4706561,9.0,3.0
2025-01-09 20:00:00,476.8641773719815,54.8367029,26.2812124,66.78450525,0.0,225.1103528,0.240473758,225.1103528,47.86619262,13.94284405,-78.76892622,9.0,3.0
2025-01-09 20:15:00,503.6901328460467,50.91015409,22.53493562,67.53142245,0.0,213.5302072,0.249373655,213.5302072,48.84616326,13.59185986,-75.57495984,9.0,3.0
2025-01-09 20:30:00,484.6620138821441,63.48832942,17.4067608,74.79449697,0.0,213.6906881,0.245800715,213.6906881,59.2444557,16.94536165,-78.09073728,9.0,3.0
2025-01-09 20:45:00,530.8236758998278,56.10437699,25.59299444,51.70336204,0.0,246.7368554,0.239894827,246.7368554,50.48717738,23.12814142,-91.19817124,9.0,3.0
2025-01-09 21:00:00,285.90086539879354,54.19042399,30.49165389,63.41112138,0.0,231.1463535,0.223700014,231.1463535,46.63286578,18.84481504,-83.576469,9.0,3.0
2025-01-09 21:15:00,286.07997424483233,57.04217492,17.87301092,68.67255622,0.0,209.8104392,0.23104454,209.8104392,50.13705958,15.45500837,-75.11757672,9.0,3.0
2025-01-09 21:30:00,285.49032495563296,54.31614754,24.91290771,54.36177044,0.0,243.4655072,0.230788866,243.4655072,47.36509615,23.32172263,-89.49501668,9.0,3.0
2025-01-09 21:45:00,325.9888354007412,62.6899403,30.43626026,68.47477985,0.0,221.3852415,0.228429928,221.3852415,59.09158501,27.31757625,-85.88169475,9.0,3.0
2025-01-09 22:00:00,243.8164923113343,68.12640231,19.1085155,70.11732112,0.0,227.2198319,0.228543227,227.2198319,55.30125584,18.7552733,-83.00281398,6.5,3.0
2025-01-09 22:15:00,260.41952419399166,55.74797056,27.37606308,49.2287044,0.0,237.6944963,0.219618776,237.6944963,47.07355295,24.58266724,-88.36486661,6.5,3.0
2025-01-09 22:30:00,261.28562167681264,56.79158765,21.73483567,56.1258581,0.0,217.8784949,0.237758112,217.8784949,52.95834951,13.91876882,-77.46857496,6.5,3.0
2025-01-09 22:45:00,250.8283618178615,67.02367415,25.01388209,53.53384194,0.0,238.9066512,0.240489291,238.9066512,58.6377047,18.98250258,-86.9526431,6.5,3.0
2025-01-09 23:00:00,304.55574704295145,68.19410012,32.02362405,44.79618019,0.0,252.5040081,0.231889907,252.5040081,55.61202466,28.05197255,-94.43363655,6.5,3.0
2025-01-09 23:15:00,286.598450555505,64.9638893,32.27685839,66.72579312,0.0,211.0862531,0.240898283,211.0862531,52.69489608,22.6443538,-78.99015341,6.5,3.0
2025-01-09 23:30:00,286.62632495077463,67.15848917,21.24760574,60.04248605,0.0,239.8634829,0.246156913,239.8634829,66.75344053,18.64365842,-87.21897348,6.5,3.0
2025-01-09 23:45:00,307.10947745076896,65.0245951,22.32598108,77.54605075,0.0,205.9415343,0.25946456,205.9415343,63.60353036,13.41753698,-74.69259661,6.5,3.0
2025-01-10 00:00:00,253.00887872682435,64.02715506,20.58241303,60.69249115,0.0,232.7738036,0.246927579,232.7738036,63.70884981,16.14948183,-83.63062502,6.5,3.0
2025-01-10 00:15:00,248.08277968818086,61.41556243,20.23848547,46.95161369,0.0,248.4257848,0.260542394,248.4257848,60.81999431,17.90971566,-89.55599088,6.5,3.0
2025-01-10 00:30:00,250.44571119933335,64.10313239,33.66196496,52.59093057,0.0,225.9905478,0.272304075,225.9905478,61.40859579,23.50282478,-84.77879801,6.5,3.0
2025-01-10 00:45:00,261.1726303856615,61.99418448,29.51431662,49.3877768,0.0,238.6526466,0.274990732,238.6526466,60.65821401,21.06842235,-87.69912492,6.5,3.0
2025-01-10 01:00:00,300.8090083946543,51.73392778,26.06639034,58.36270452,0.0,218.5248706,0.279922661,218.5248706,43.78218404,19.29516544,-78.75795041,6.5,3.0
2025-01-10 01:15:00,329.7194102332767,68.07000779,20.35332099,57.15347251,0.0,233.3038563,0.302224442,233.3038563,66.97745432,11.8085196,-82.00237673,6.5,3.0
2025-01-10 01:30:00,327.0860623676213,67.49775632,31.19217942,65.81896778,0.0,213.809566,0.313942143,213.809566,66.53530395,25.2122524,-81.89685788,6.5,3.0
2025-01-10 01:45:00,307.6255190044478,53.03910116,25.48631236,29.95705602,0.0,258.6997128,0.323641819,258.6997128,50.43164491,13.84069711,-89.22939269,6.5,3.0
2025-01-10 02:00:00,317.31240015304525,52.19420402,32.87864008,51.38409885,0.0,231.9551784,0.328712285,231.9551784,50.66066446,28.68862286,-88.47240489,6.5,3.0
2025-01-10 02:15:00,306.986266207099,56.63588981,17.43345922,79.61058314,0.0,211.8258128,0.333529432,211.8258128,54.10397536,15.3824579,-76.30695737,6.5,3.0
2025-01-10 02:30:00,293.92897002111545,53.65827415,26.05563847,62.64431762,0.0,208.8978542,0.326848502,208.8978542,49.07525274,18.22037692,-76.2683585,6.5,3.0
2025-01-10 02:45:00,294.6423636187402,62.33079865,33.62066481,63.127106,0.0,230.3236981,0.326333152,230.3236981,61.734986,31.56387274,-90.13376215,6.5,3.0
2025-01-10 03:00:00,270.69252161259385,67.84060589,28.67913569,71.22183828,0.0,222.6310257,0.339144181,222.6310257,64.40497267,15.7217873,-80.6918839,6.5,3.0
2025-01-10 03:15:00,256.58314866459466,63.02507434,26.52856894,70.05981842,0.0,223.6517407,0.343677667,223.6517407,60.06709718,21.29408668,-83.23572826,6.5,3.0
2025-01-10 03:30:00,264.1522066964401,51.42235973,30.93378785,51.25089558,0.0,226.4061454,0.305238106,226.4061454,45.69621851,28.61078668,-86.48182225,6.5,3.0
2025-01-10 03:45:00,260.51212302637146,58.37168838,30.4683657,46.56000505,0.0,236.5032831,0.313425353,236.5032831,55.52281016,17.81261942,-85.31447627,6.5,3.0
2025-01-10 04:00:00,251.00242075281253,59.75612159,21.60057314,73.222127,0.0,212.3841875,0.314099553,212.3841875,53.66162332,17.85267797,-77.30470648,6.5,3.0
2025-01-10 04:15:00,266.97472979708755,65.37971025,20.11240345,57.59976685,0.0,231.0903221,0.309904233,231.0903221,58.76232206,12.41900827,-80.95560515,6.5,3.0
2025-01-10 04:30:00,246.45363920729653,61.71510122,24.00427822,43.00454115,0.0,248.3663502,0.29476728,248.3663502,50.11779489,12.56007228,-85.83364709,6.5,3.0
2025-01-10 04:45:00,263.08921024280335,66.0101007,27.30227579,69.98255625,0.0,209.8299399,0.283463223,209.8299399,61.20417774,26.06138053,-82.21781756,6.5,3.0
2025-01-10 05:00:00,270.91184302339974,60.84796818,16.93996484,60.09597108,0.0,227.6125882,0.284683827,227.6125882,59.55208116,14.62279624,-81.12448048,6.5,3.0
2025-01-10 05:15:00,253.60226606875042,65.38298112,27.29057185,58.87890066,0.0,218.3905767,0.300101046,218.3905767,61.66531862,23.64634064,-83.17733155,6.5,3.0
2025-01-10 05:30:00,271.39906139807226,64.08750187,24.31368416,67.73573871,0.0,205.8954631,0.304403373,205.8954631,62.84950959,23.71061276,-78.08324361,6.5,3.0
2025-01-10 05:45:00,259.1468295097775,58.03799742,24.6057573,58.63362632,0.0,228.0212768,0.299659696,228.0212768,53.03025812,19.83463771,-83.13104159,6.5,3.0
2025-01-10 06:00:00,519.6804250282897,64.51804407,30.75371164,59.43365463,0.0,216.4917663,0.292104739,216.4917663,58.63106748,19.71885149,-80.762838,6.5,3.0
2025-01-10 06:15:00,487.0272392587499,64.99162002,28.77069824,59.88384015,0.0,222.9296747,0.281443269,222.9296747,57.75192418,19.1564479,-82.14554408,6.5,3.0
2025-01-10 06:30:00,498.9377070444906,59.42327112,21.78135582,77.26573119,0.0,197.5683055,0.271213753,197.5683055,54.44016987,16.98304957,-72.66637794,6.5,3.0
2025-01-10 06:45:00,484.3646286684698,50.62016501,17.18164376,63.21866675,0.0,197.7753664,0.279581058,197.7753664,44.46103651,12.49894139,-69.50304756,6.5,3.0
2025-01-10 07:00:00,460.7672681780576,56.49262071,24.25561783,67.34158569,192.10559582008293,209.3918503,0.283935186,209.3918503,54.11824219,21.90979557,-78.96451527,6.5,3.0
2025-01-10 07:15:00,446.5531137558127,63.54600281,27.57690515,66.87711231,197.87483493774707,224.495338,0.281837416,224.495338,57.54827805,17.47265689,-80.98310703,6.5,3.0
2025-01-10 07:30:00,474.0069802577419,59.40067744,24.77463417,60.23711335,189.63567909476689,235.9579046,0.286496697,235.9579046,59.31360091,22.77291804,-87.1562656,6.5,3.0
2025-01-10 07:45:00,436.87263780838794,52.10416321,22.85883469,60.9565098,180.32389014740318,211.7369835,0.305464294,211.7369835,51.8523441,17.45314449,-76.69266504,6.5,3.0
2025-01-10 08:00:00,509.47965056708307,54.65461921,34.26904248,72.49976065,399.00181689274183,212.4039384,0.318459212,212.4039384,54.34027852,17.52169762,-77.88209112,6.5,3.0
2025-01-10 08:15:00,498.8631278624278,55.85114162,32.11835967,46.1052406,382.5667899553845,223.8379067,0.309385699,223.8379067,48.02742546,29.22170379,-84.82793308,6.5,3.0
2025-01-10 08:30:00,502.90589201005827,55.51764185,22.93156426,40.50547683,375.7778542121649,247.5023539,0.287751817,247.5023539,46.67138438,22.56901608,-90.04779159,6.5,3.0
2025-01-10 08:45:00,461.7613295604308,67.88569446,25.40574706,52.28312182,368.6535389397086,225.2799621,0.283982249,225.2799621,55.71418756,17.58628873,-81.83504587,6.5,3.0
2025-01-10 09:00:00,381.79666323215616,65.93270625,17.04029727,66.72000851,568.9649741466837,216.9543357,0.289175286,216.9543357,61.89816303,12.47485853,-77.30979492,6.5,3.0
2025-01-10 09:15:00,400.29443927389167,63.07265015,21.03072482,66.75113948,539.1515599283046,209.2259481,0.291391352,209.2259481,51.75326209,11.53589942,-73.37644502,6.5,3.0
2025-01-10 09:30:00,405.1219178525793,52.21992538,31.51349913,77.30513991,540.6314773929154,204.6266202,0.298631011,204.6266202,48.98214264,30.93592201,-81.79346873,6.5,3.0
2025-01-10 09:45:00,392.696979641373,53.64843788,27.9334998,79.65548251,574.5119885320964,190.5389355,0.29669697,190.5389355,47.30802463,20.17843512,-70.61976662,6.5,3.0
2025-01-10 10:00:00,340.605574892181,53.78768544,26.39500977,54.8214554,602.9568648610568,231.6831703,0.281867941,231.6831703,46.67885762,25.12183542,-86.33315181,6.5,3.0
2025-01-10 10:15:00,323.4998004372466,50.53679227,17.357913,74.57131349,559.6129034449004,196.6640329,0.276378401,196.6640329,45.67789115,15.90959876,-70.97105088,6.5,3.0
2025-01-10 10:30:00,328.91430031449306,66.1907851,21.34423909,66.75077848,614.61999296596,217.6818848,0.267185779,217.6818848,54.57913184,19.36498948,-79.92986133,6.5,3.0
2025-01-10 10:45:00,366.36032435607945,55.29082806,31.39983574,70.20329527,571.6202387280828,221.0449828,0.277730173,221.0449828,51.85185541,25.82776285,-84.24225753,6.5,3.0
2025-01-10 11:00:00,285.831560165623,58.97173628,26.20834802,60.06010414,563.2856803569815,227.5686479,0.27980283,227.5686479,47.25348806,21.57408146,-83.21221846,6.5,3.0
2025-01-10 11:15:00,270.5009995615373,51.94072823,17.91982161,66.20782822,548.9589557723383,213.2401143,0.266576329,213.2401143,49.79784096,17.31223752,-76.99324902,6.5,3.0
2025-01-10 11:30:00,268.7675529305384,50.07697928,16.6113242,63.32169245,573.9626012778441,211.2982076,0.277169904,211.2982076,49.12675577,9.151259389,-72.61781002,6.5,3.0
2025-01-10 11:45:00,269.72988734230125,63.82473758,27.6368776,65.40705009,572.792762592836,218.3669116,0.297536572,218.3669116,62.76171886,15.14525823,-78.73301554,6.5,3.0
2025-01-10 12:00:00,263.60493269169143,50.76004811,18.7500209,56.3348253,457.3443685983277,229.9823403,0.284436608,229.9823403,42.56110752,10.80655384,-78.35027169,6.5,3.0
2025-01-10 12:15:00,258.53211872474884,57.55675283,26.94226971,55.65653212,481.99693817010717,233.1424583,0.289892991,233.1424583,49.56143471,13.50094177,-81.6017179,6.5,3.0
2025-01-10 12:30:00,257.1953827748164,50.95737463,17.97130461,55.83859679,469.88047188414504,226.3616454,0.303159706,226.3616454,41.41192048,17.0981435,-80.52698439,6.5,3.0
2025-01-10 12:45:00,276.28756580874324,64.6535764,18.78089893,57.3198232,460.5282213474202,226.6928913,0.298657482,226.6928913,51.93604391,14.55749924,-79.96756943,6.5,3.0
2025-01-10 13:00:00,269.6683064138915,55.36234899,17.21761627,50.93419943,482.9152010395656,222.4376111,0.288541457,222.4376111,55.13063954,11.34479636,-77.74967683,6.5,3.0
2025-01-10 13:15:00,281.1703310694217,66.52574861,17.56915795,48.7211695,499.2363008117368,241.0811247,0.293169746,241.0811247,58.01020145,11.92166927,-83.69126417,6.5,3.0
2025-01-10 13:30:00,284.4841288657928,56.94979868,21.20262162,52.85434563,464.9896321758868,230.8254315,0.294191504,230.8254315,49.80503679,14.15275418,-80.4278904,6.5,3.0
2025-01-10 13:45:00,286.8772336508939,60.37073134,29.32631205,48.80026125,462.6488659728109,237.7065512,0.286996715,237.7065512,50.75221358,25.73057558,-89.04276915,6.5,3.0
2025-01-10 14:00:00,274.5404388200965,59.38799462,26.61533885,64.10575282,549.5879774639723,219.3759917,0.292528003,219.3759917,55.6893594,26.53069339,-84.19482616,6.5,3.0
2025-01-10 14:15:00,276.2367603403627,56.94026452,24.4599355,56.14809243,516.4109533862561,224.3946753,0.292138756,224.3946753,46.4197857,22.34315568,-82.70576053,6.5,3.0
2025-01-10 14:30:00,261.56651005412346,60.28995068,28.58170865,57.27331028,541.529322780848,220.6753853,0.294950844,220.6753853,49.28915316,25.30282324,-82.98043305,6.5,3.0
2025-01-10 14:45:00,269.41629078541735,65.65580364,29.4466729,55.95590697,531.9217463689233,222.9017139,0.294798724,222.9017139,61.41976934,24.54349673,-84.79227336,6.5,3.0
2025-01-10 15:00:00,257.8202899555522,59.03285188,32.87746394,75.25283776,413.2460982600193,201.9066683,0.299684721,201.9066683,55.4036641,26.96948465,-78.20873604,6.5,3.0
2025-01-10 15:15:00,268.5348381222986,61.58100625,20.34418542,59.68900969,424.5937227978078,206.3231612,0.291916145,206.3231612,57.0817697,16.67307846,-75.04209231,6.5,3.0
2025-01-10 15:30:00,267.56850134975696,65.91598912,24.11927429,70.13442029,416.7084171971752,212.4122792,0.293330122,212.4122792,64.56192166,23.59994093,-81.88688076,6.5,3.0
2025-01-10 15:45:00,269.4863705723923,64.76847695,21.44103179,63.49797496,444.59176174499794,207.8352203,0.288151983,207.8352203,58.7857828,17.98504383,-76.72575921,6.5,3.0
2025-01-10 16:00:00,370.93547402023916,57.42827974,19.00667397,60.22368754,364.51284362432256,214.7312935,0.281214763,214.7312935,54.60874594,15.96354708,-77.32652318,6.5,3.0
2025-01-10 16:15:00,371.2886497728115,66.47007327,18.16635101,66.28662368,383.9598597500966,215.8025494,0.291994719,215.8025494,57.31856341,15.56931828,-77.56235334,6.5,3.0
2025-01-10 16:30:00,389.3014150414786,61.2969942,19.55515756,46.17325604,382.96130951169175,239.8293869,0.3006189,239.8293869,55.2370359,17.67770215,-85.67315236,6.5,3.0
2025-01-10 16:45:00,358.12446116547085,62.22825217,30.00185539,55.67544829,392.71598711388924,207.0617997,0.303840079,207.0617997,51.66041583,28.13308721,-79.60096128,6.5,3.0
2025-01-10 17:00:00,461.4557454830906,50.09007964,22.98951552,70.75816305,205.2390891070154,199.3448604,0.332320877,199.3448604,49.40945052,14.30049705,-71.61850729,9.0,3.0
2025-01-10 17:15:00,455.94288548155953,64.02494171,27.98602014,65.41772931,217.0976486798596,216.1086943,0.330197705,216.1086943,63.90597297,24.21716081,-82.66045944,9.0,3.0
2025-01-10 17:30:00,456.9748650580169,64.62555545,19.87133364,54.2482075,208.2521478885775,232.9756759,0.329159426,232.9756759,60.18581024,16.47322028,-84.1437587,9.0,3.0
2025-01-10 17:45:00,538.776503977333,50.77503532,21.23374726,69.19524861,221.5311143245475,208.387233,0.327309842,208.387233,43.03570551,12.8905143,-72.76233853,9.0,3.0
2025-01-10 18:00:00,482.7303422981816,64.94778218,22.52213896,59.13194819,0.0,217.322405,0.334310767,217.322405,62.01874529,13.96626991,-77.78218433,9.0,3.0
2025-01-10 18:15:00,469.1905404826049,51.82360792,29.44728623,62.55283123,0.0,202.3027734,0.332211559,202.3027734,48.67456991,22.87642649,-75.18876163,9.0,3.0
2025-01-10 18:30:00,466.6483741427744,52.21271123,32.92558617,47.11574531,0.0,236.4093296,0.32945029,236.4093296,44.53268936,17.88772251,-84.00158098,9.0,3.0
2025-01-10 18:45:00,511.92074307643907,54.59716184,20.47744455,65.02642402,0.0,220.8709209,0.321933644,220.8709209,50.19236552,12.64058654,-77.03845675,9.0,3.0
2025-01-10 19:00:00,462.43222172761733,56.66134136,19.37814358,50.30330265,0.0,228.8818358,0.333168906,228.8818358,46.77846828,12.64732683,-79.38296498,9.0,3.0
2025-01-10 19:15:00,467.02820463326464,50.27592237,28.68077459,63.26694329,0.0,213.3128135,0.307691412,213.3128135,47.64787657,27.11905459,-81.62051402,9.0,3.0
2025-01-10 19:30:00,495.9462775544882,62.99552632,28.71318346,53.36660164,0.0,237.9771113,0.308448281,237.9771113,53.59562507,26.99666751,-89.84397675,9.0,3.0
2025-01-10 19:45:00,484.4232960846298,64.34551715,28.32754271,42.2719462,0.0,238.8545553,0.295402192,238.8545553,54.16300595,16.54733165,-84.98490211,9.0,3.0
2025-01-10 20:00:00,475.6511523055972,56.83986846,26.50832023,51.18565381,0.0,241.703473,0.296548824,241.703473,54.67742018,17.83938502,-86.75663415,9.0,3.0
2025-01-10 20:15:00,473.11515370778494,59.41077896,29.77388811,61.7726481,0.0,220.4052461,0.298837617,220.4052461,51.86340099,17.07587279,-78.85126199,9.0,3.0
2025-01-10 20:30:00,470.50451371161637,67.8902339,30.10895631,51.66830936,0.0,236.3052411,0.287917848,236.3052411,64.58140487,26.51474945,-89.8308566,9.0,3.0
2025-01-10 20:45:00,467.0091802750014,55.88901187,17.35689101,62.11027594,0.0,219.1316986,0.293082574,219.1316986,55.1166908,13.67864911,-77.54562059,9.0,3.0
2025-01-10 21:00:00,289.71783867087134,56.68729163,25.39800553,81.72738688,0.0,194.5712258,0.302445845,194.5712258,46.56798845,22.82428006,-73.79369221,9.0,3.0
2025-01-10 21:15:00,295.09914348114154,63.87865928,18.2880632,70.90338186,0.0,201.0557136,0.295345113,201.0557136,54.90740551,14.9585331,-72.76123241,9.0,3.0
2025-01-10 21:30:00,284.7765751489846,54.04497371,21.74221931,57.04386765,0.0,221.0937523,0.304194587,221.0937523,44.60362338,12.51081194,-76.71484629,9.0,3.0
2025-01-10 21:45:00,318.20644269900254,53.51709999,32.96911138,71.58572691,0.0,191.735916,0.318037031,191.735916,44.47998394,25.61220611,-74.52744201,9.0,3.0
2025-01-10 22:00:00,277.9201960354762,65.73350637,24.27057442,69.05613338,0.0,215.7123411,0.329140609,215.7123411,64.69627093,22.3813031,-81.90528218,6.5,3.0
2025-01-10 22:15:00,284.31304939007964,49.78148402,25.60082191,40.74563313,0.0,227.7633189,0.300271386,227.7633189,43.82085876,20.61046898,-82.40366922,6.5,3.0
2025-01-10 22:30:00,272.7544052321916,60.27493659,19.10351094,70.93527393,0.0,191.28638,0.31300685,191.28638,58.12718999,14.52316461,-69.95119181,6.5,3.0
2025-01-10 22:45:00,273.21234934225254,55.54300155,32.3358307,56.98003256,0.0,220.6812652,0.306259121,220.6812652,55.2644366,29.37487401,-84.68084475,6.5,3.0
2025-01-10 23:00:00,287.34210612083155,64.67039446,28.73666752,68.90529961,0.0,205.2344979,0.318721881,205.2344979,54.08958084,23.46859416,-77.93134781,6.5,3.0
2025-01-10 23:15:00,278.885827773641,57.1444158,24.10130305,67.95957203,0.0,207.8559712,0.32698317,207.8559712,49.40279114,23.98199993,-77.56513741,6.5,3.0
2025-01-10 23:30:00,284.7228550170727,57.30565507,22.68486948,48.46361199,0.0,230.5691442,0.342375408,230.5691442,54.4438659,11.64066863,-80.2888858,6.5,3.0
2025-01-10 23:45:00,302.8692110884548,58.90090461,27.50765014,68.12950115,0.0,204.8158699,0.337459277,204.8158699,58.21055088,21.60189836,-77.16436948,6.5,3.0
2025-01-11 00:00:00,282.6161433128158,54.07911155,26.28005168,50.46255498,0.0,230.366695,0.342904137,230.366695,50.48422976,17.94146557,-82.28584565,6.5,3.0
2025-01-11 00:15:00,271.6206015778583,53.5942429,20.30584837,51.39668633,0.0,224.0052287,0.344926252,224.0052287,52.23901493,16.19510984,-79.8017303,6.5,3.0
2025-01-11 00:30:00,278.51495081529157,53.97261982,26.91184721,50.33993488,0.0,236.7781868,0.346811054,236.7781868,44.29765701,14.98500149,-82.16154797,6.5,3.0
2025-01-11 00:45:00,266.15830429403445,56.6560276,20.45610228,73.01917035,0.0,198.7156015,0.323003663,198.7156015,52.75234287,11.02590882,-70.25589948,6.5,3.0
2025-01-11 01:00:00,279.73401234019235,61.17722281,21.91611684,71.12610483,0.0,200.6733307,0.320672688,200.6733307,55.48138742,11.18229567,-70.8601837,6.5,3.0
2025-01-11 01:15:00,285.92500367794406,52.84582046,18.31385919,60.98087925,0.0,204.394368,0.333374218,204.394368,44.78763112,15.73647551,-73.1258246,6.5,3.0
2025-01-11 01:30:00,280.4491963464414,51.81281378,22.85978496,57.31307723,0.0,200.5459343,0.332960252,200.5459343,43.84189225,21.14324343,-74.55494143,6.5,3.0
2025-01-11 01:45:00,293.22178763542206,55.62882721,16.53121733,56.00321677,0.0,215.5132317,0.34452498,215.5132317,50.9409059,8.52435174,-73.93376981,6.5,3.0
2025-01-11 02:00:00,273.36607289963007,50.9071925,31.59822794,73.34236112,0.0,196.3004878,0.339192719,196.3004878,44.22148904,16.73097101,-70.66344282,6.5,3.0
2025-01-11 02:15:00,290.7784494194504,50.37875186,29.03041789,90.03036058,0.0,188.6732747,0.335640331,188.6732747,49.91501808,24.79441287,-72.9413912,6.5,3.0
2025-01-11 02:30:00,299.10916186560144,52.77878973,25.28745693,73.80516947,0.0,197.7782628,0.337984645,197.7782628,50.4723833,14.84421476,-71.27142158,6.5,3.0
2025-01-11 02:45:00,285.43631581531815,58.08768204,31.63600636,52.06746263,0.0,224.2218262,0.346384919,224.2218262,53.22455996,18.92730406,-81.35082778,6.5,3.0
2025-01-11 03:00:00,264.00598912710416,62.78975844,17.23507965,61.93910452,0.0,203.6955892,0.31590591,203.6955892,53.61527251,13.08118231,-72.60174177,6.5,3.0
2025-01-11 03:15:00,249.8269684864381,59.10639467,28.92832837,57.38427131,0.0,219.2491685,0.312361101,219.2491685,48.94104577,16.34975742,-78.24993923,6.5,3.0
2025-01-11 03:30:00,269.2753599325315,66.6228668,19.0149999,50.13491331,0.0,228.6321916,0.306863844,228.6321916,66.01416404,14.93016939,-81.89062013,6.5,3.0
2025-01-11 03:45:00,252.87168245392627,63.96522467,30.24729146,65.85443612,0.0,202.6400785,0.314354684,202.6400785,57.54704157,24.20284924,-77.80782833,6.5,3.0
2025-01-11 04:00:00,272.33378435469456,56.35492393,32.10096907,58.72998989,0.0,208.61992,0.290868063,208.61992,55.25047672,21.49667885,-77.81112956,6.5,3.0
2025-01-11 04:15:00,254.5055344093031,63.52222552,19.06473169,45.90143437,0.0,226.8931409,0.295890984,226.8931409,56.3884722,11.48557531,-78.78138139,6.5,3.0
2025-01-11 04:30:00,252.41120094077635,56.62940386,32.26804788,68.76852126,0.0,214.5985691,0.292337926,214.5985691,45.62068421,21.35272204,-78.62573863,6.5,3.0
2025-01-11 04:45:00,261.21948029522605,65.95348103,23.66453123,55.5482237,0.0,226.1201689,0.289871836,226.1201689,59.75578633,20.37985807,-83.44931502,6.5,3.0
2025-01-11 05:00:00,287.83115309267686,51.9836345,23.34031862,57.76676034,0.0,213.9748181,0.298031345,213.9748181,47.19727559,21.69043618,-78.84691674,6.5,3.0
2025-01-11 05:15:00,275.861816613287,52.45427834,31.41707891,59.41861821,0.0,205.3304571,0.303531337,205.3304571,43.49945347,18.55150679,-74.53811957,6.5,3.0
2025-01-11 05:30:00,288.4843155738926,60.79811355,17.52864527,55.11757119,0.0,219.0172047,0.301529562,219.0172047,51.07981068,13.05875499,-76.75390826,6.5,3.0
2025-01-11 05:45:00,263.7927147201435,53.51814814,32.15651447,55.28065744,0.0,229.8465035,0.305416586,229.8465035,47.95156635,26.48648003,-86.73332,6.5,3.0
2025-01-11 06:00:00,385.8789296519221,51.80889828,24.67942426,56.28257848,0.0,224.0011268,0.309985336,224.0011268,50.60390805,16.81689041,-79.96863005,6.5,3.0
2025-01-11 06:15:00,372.6274383156051,60.704086,21.66429475,56.53015258,0.0,218.3899857,0.312930821,218.3899857,51.85797842,20.74548968,-79.43477591,6.5,3.0
2025-01-11 06:30:00,374.55995755014976,56.52406625,16.63908406,50.93515107,0.0,218.5221945,0.321094154,218.5221945,53.12423074,9.333487988,-75.28057968,6.5,3.0
2025-01-11 06:45:00,358.4336744823231,59.78332624,22.58466654,65.85297405,0.0,197.2962313,0.302528262,197.2962313,57.86984057,20.31314359,-74.39704452,6.5,3.0
2025-01-11 07:00:00,354.7496649743653,61.59386432,29.34057002,52.5450239,217.11567470846845,214.0155222,0.291311474,214.0155222,59.05980714,18.81889374,-78.63178387,6.5,3.0
2025-01-11 07:15:00,348.182733056373,60.7712975,23.70408901,57.71118644,206.2517136259217,207.7627771,0.302264548,207.7627771,54.57616081,12.49926449,-73.18509737,6.5,3.0
2025-01-11 07:30:00,367.09293261408305,54.42152225,20.41400797,73.6594466,215.56441760753683,209.6120804,0.304017546,209.6120804,44.4067431,10.96046242,-71.97126963,6.5,3.0
2025-01-11 07:45:00,332.11466935517865,53.39759094,26.26032513,56.61443924,205.318194058073,223.1853151,0.292736488,223.1853151,47.23789722,25.42400818,-83.33061881,6.5,3.0
2025-01-11 08:00:00,356.1246981631567,53.79130394,19.13152654,58.83698289,364.9479087938879,209.6221344,0.293428148,209.6221344,46.51734666,14.05407891,-73.6298719,6.5,3.0
2025-01-11 08:15:00,344.089552001357,55.61685028,30.69269788,72.62198779,356.7969688065808,199.5241158,0.297236814,199.5241158,47.76046114,20.14110296,-74.04766467,6.5,3.0
2025-01-11 08:30:00,334.89530023301256,52.27294198,28.66308379,56.72315334,377.8870502530767,213.8858368,0.295645274,213.8858368,51.82134685,20.20496387,-78.84959263,6.5,3.0
2025-01-11 08:45:00,339.9004496024738,51.82023878,25.88266674,68.70057048,345.0780721464546,194.4365604,0.313066975,194.4365604,44.0991435,19.61608562,-71.71985333,6.5,3.0
2025-01-11 09:00:00,296.70965023817314,55.60121743,32.98003644,82.31677756,512.4888111638795,202.3591081,0.307527907,202.3591081,49.19678776,18.40638889,-74.21505719,6.5,3.0
2025-01-11 09:15:00,311.45853142972226,59.38890904,19.02910067,66.70234747,529.7207469459302,202.354115,0.289142458,202.354115,57.13786498,16.18341162,-73.03883432,6.5,3.0
2025-01-11 09:30:00,302.4516586728107,62.56765527,20.60482404,56.31591624,556.3434064409946,207.6059977,0.281818924,207.6059977,50.31234041,16.17023337,-74.87598251,6.5,3.0
2025-01-11 09:45:00,321.66015965929387,60.37368979,26.77716621,68.60838104,535.6570354491957,201.9851479,0.271772492,201.9851479,58.60592522,23.85327513,-78.16779821,6.5,3.0
2025-01-11 10:00:00,290.38056833980903,51.23370686,21.97736202,72.10561566,679.7378882147325,194.8929406,0.275979907,194.8929406,41.2973129,14.65520238,-69.09405352,6.5,3.0
2025-01-11 10:15:00,284.83213555372083,60.30798488,28.09390433,42.0514003,650.9901838263944,223.4800662,0.273264554,223.4800662,57.58830734,24.68707947,-84.34859218,6.5,3.0
2025-01-11 10:30:00,279.9629477130629,61.9306743,25.78244161,57.71807443,664.8623394422873,209.5794319,0.290516035,209.5794319,58.91313658,17.44807163,-76.74454153,6.5,3.0
2025-01-11 10:45:00,320.1143483934072,55.47862194,23.79485883,57.19531547,594.5695885165858,206.9263181,0.295584146,206.9263181,46.51690147,17.29226226,-75.20442081,6.5,3.0
2025-01-11 11:00:00,237.0656689685457,51.66056185,30.68630119,72.13612859,409.900854008035,199.3076632,0.269257093,199.3076632,49.21725682,23.58653646,-75.26384365,6.5,3.0
2025-01-11 11:15:00,252.13765164260266,51.75810693,23.40299249,62.38965982,385.5078264706103,214.9944835,0.261393017,214.9944835,48.85693199,11.94894975,-74.54352069,6.5,3.0
2025-01-11 11:30:00,231.2956686158517,60.53043113,22.37878336,69.53760371,410.7067943051123,194.3469185,0.267208571,194.3469185,50.4075782,14.61769254,-69.5834448,6.5,3.0
2025-01-11 11:45:00,246.51101077299995,50.33614032,23.31511125,59.7482198,379.71452521624224,208.2940041,0.26692862,208.2940041,43.483643,17.53913468,-74.57036997,6.5,3.0
2025-01-11 12:00:00,232.3683887392366,61.8263632,31.77191837,81.18424894,357.2930395174043,179.9587596,0.276853008,179.9587596,55.62768999,27.49662204,-72.29039387,6.5,3.0
2025-01-11 12:15:00,223.6772907295824,51.70266947,24.72541059,79.49454054,351.3518513816669,177.6303553,0.285602578,177.6303553,44.24473439,23.86489477,-68.31139779,6.5,3.0
2025-01-11 12:30:00,241.88149007635238,63.01706467,25.26813193,63.41333677,344.99713727929736,202.7157767,0.297569669,202.7157767,51.85541974,19.66460928,-75.21311077,6.5,3.0
2025-01-11 12:45:00,223.61283045482855,59.34118018,20.47987119,68.6215311,333.41797182163145,188.6061194,0.293491481,188.6061194,58.28964848,20.34731617,-71.67894548,6.5,3.0
2025-01-11 13:00:00,258.9008483943289,48.78034474,17.03408025,52.57161629,577.7298211886645,214.8090202,0.296799889,214.8090202,42.03295291,14.936946,-75.80398906,6.5,3.0
2025-01-11 13:15:00,270.22565796230475,64.57180328,24.26066602,54.74007445,526.7692805078999,202.8976818,0.305309462,202.8976818,52.21640981,18.12780713,-73.80528476,6.5,3.0
2025-01-11 13:30:00,265.74138102469146,63.68060236,28.75617853,64.94583091,537.0387540220092,203.808841,0.3065442,203.808841,59.13227894,18.82576116,-75.73194186,6.5,3.0
2025-01-11 13:45:00,284.312112618675,54.01188529,17.57966924,56.47824923,571.6921442814264,200.4131623,0.308035603,200.4131623,47.04626113,9.294543469,-68.97987744,6.5,3.0
2025-01-11 14:00:00,265.9042402807829,59.96823111,25.10756028,60.71065256,521.3496703404479,218.2316044,0.309899273,218.2316044,50.11329573,13.29055269,-76.72958375,6.5,3.0
2025-01-11 14:15:00,258.56727937585873,54.63364744,30.85032542,66.09650252,526.3589929486296,193.8230389,0.309657588,193.8230389,53.9413057,28.82486232,-77.41727751,6.5,3.0
2025-01-11 14:30:00,262.8353612649381,61.71739625,29.4509493,63.1559638,527.0164767892624,214.0271859,0.309116421,214.0271859,54.79733392,15.13175959,-76.06776428,6.5,3.0
2025-01-11 14:45:00,236.47311907842015,50.25473543,21.43100022,61.05172,437.4048599216603,214.2823566,0.302986323,214.2823566,45.5208358,18.09134284,-76.31998462,6.5,3.0
2025-01-11 15:00:00,251.1969759432172,60.57845635,27.12326862,50.32745461,488.0543363630967,212.7910027,0.30757043,212.7910027,48.89668801,19.6128585,-76.86685488,6.5,3.0
2025-01-11 15:15:00,241.75765080467983,64.07844606,23.72258968,78.79003887,516.3769221010185,185.2793297,0.279647486,185.2793297,63.88450313,14.71473207,-68.77288194,6.5,3.0
2025-01-11 15:30:00,245.4706801434162,57.41542094,20.38421925,75.55717621,525.9403706349342,181.2403018,0.277520678,181.2403018,47.60281901,16.50092567,-66.50353197,6.5,3.0
2025-01-11 15:45:00,276.9346931086868,52.19240994,28.25482736,74.28175586,493.8683709009506,185.3361141,0.267412946,185.3361141,42.51149651,15.73425606,-66.71964389,6.5,3.0
2025-01-11 16:00:00,341.58089044702785,61.08885329,16.26685364,64.26725562,246.05709054468863,206.2768709,0.267003406,206.2768709,53.31937218,10.3050535,-72.04143087,6.5,3.0
2025-01-11 16:15:00,331.9610537517166,61.95271532,29.08055799,64.33527333,241.6685860826353,208.3908633,0.275207875,208.3908633,56.32447306,19.41623228,-76.98394069,6.5,3.0
2025-01-11 16:30:00,339.98072665469647,64.90336267,31.29635431,66.05752479,240.50168727807377,211.3426039,0.281459701,211.3426039,59.73746309,25.09142732,-80.79680403,6.5,3.0
2025-01-11 16:45:00,345.5073291465591,65.4749007,17.86014817,75.74078845,243.3626360946023,196.3300921,0.280026018,196.3300921,64.30260912,9.683774014,-69.55437482,6.5,3.0
2025-01-11 17:00:00,430.3689695393998,58.17160726,29.66902896,67.21998305,205.1376176162849,197.8371157,0.286929807,197.8371157,58.04016097,24.05137723,-76.62267186,9.0,3.0
2025-01-11 17:15:00,454.5608354458272,61.3440092,21.12829441,69.50112694,208.10544396459696,197.2775187,0.280352694,197.2775187,57.55734131,16.66712827,-72.00852672,9.0,3.0
2025-01-11 17:30:00,453.7170119825673,58.58946598,24.01340965,60.60595673,205.06973538101298,196.3741724,0.301782476,196.3741724,47.91909229,13.68548678,-69.66499626,9.0,3.0
2025-01-11 17:45:00,431.8831830322056,58.39072338,31.69452255,54.66362823,216.94720303810516,214.9883482,0.297622742,214.9883482,55.83394733,15.97580925,-77.74923641,9.0,3.0
2025-01-11 18:00:00,459.27272385101355,55.00447326,26.36547155,86.33705959,0.0,178.3903218,0.284611468,178.3903218,51.93576306,21.8787674,-68.18408176,9.0,3.0
2025-01-11 18:15:00,427.5643893830668,57.90987036,30.5481086,48.72081059,0.0,215.8448438,0.285165675,215.8448438,55.18035438,17.4201367,-78.56308203,9.0,3.0
2025-01-11 18:30:00,442.63660622093533,48.66652974,23.05853002,57.28674179,0.0,191.1925085,0.299202719,191.1925085,42.95958052,17.64357613,-69.48069322,9.0,3.0
2025-01-11 18:45:00,441.55628054498425,50.64009744,31.61029941,59.49456559,0.0,209.1249353,0.278799636,209.1249353,49.2145814,30.98432094,-80.8894284,9.0,3.0
2025-01-11 19:00:00,418.56422886647175,51.64836012,16.26143306,78.22696741,0.0,174.1325219,0.271138862,174.1325219,49.08619964,8.20166166,-60.42438487,9.0,3.0
2025-01-11 19:15:00,426.68343687392365,49.69851887,32.70326925,60.94613666,0.0,214.9277466,0.263969424,214.9277466,42.86312772,28.1953123,-81.59815284,9.0,3.0
2025-01-11 19:30:00,434.21930073337734,53.43786296,29.53118917,53.06205903,0.0,205.3663257,0.261460078,205.3663257,42.8337743,17.69698296,-73.91199995,9.0,3.0
2025-01-11 19:45:00,421.21303352622726,63.27858339,28.85109756,61.05394702,0.0,201.5022693,0.276459984,201.5022693,60.10914248,15.10224484,-73.38798114,9.0,3.0
2025-01-11 20:00:00,418.5421814362256,56.05432606,18.89703216,91.39816761,0.0,171.5115401,0.26192094,171.5115401,50.90234729,14.7932811,-63.23579805,9.0,3.0
2025-01-11 20:15:00,426.9144853338194,49.87943597,17.74707508,67.80306593,0.0,208.4508747,0.259987973,208.4508747,44.63734618,14.90593749,-73.72154831,9.0,3.0
2025-01-11 20:30:00,428.8486788830602,51.05618561,17.89239454,51.46610388,0.0,216.8777449,0.269460896,216.8777449,49.80764014,12.76719611,-75.45352399,9.0,3.0
2025-01-11 20:45:00,416.3546543468949,54.83242992,31.22299611,82.5834103,0.0,180.2125572,0.272545223,180.2125572,50.31453726,25.63174865,-70.52769338,9.0,3.0
2025-01-11 21:00:00,229.93528537320518,64.16108494,32.57000471,49.4945245,0.0,228.9368449,0.263712341,228.9368449,61.79640023,28.38475869,-87.98896619,9.0,3.0
2025-01-11 21:15:00,240.15180541024603,63.90620674,26.89993868,77.18056704,0.0,183.3778563,0.269984788,183.3778563,57.48688444,26.82778145,-71.58542282,9.0,3.0
2025-01-11 21:30:00,234.98370073619088,53.03954322,26.3094707,74.84307025,0.0,183.4601889,0.272456177,183.4601889,47.95510387,17.31962254,-67.19192025,9.0,3.0
2025-01-11 21:45:00,216.53920848035784,54.66615732,19.24981318,67.71749253,0.0,187.6384675,0.28155259,187.6384675,52.04013805,18.46005933,-70.21609528,9.0,3.0
2025-01-11 22:00:00,284.2247984668231,53.01810075,26.75026003,60.10378976,0.0,198.791413,0.268352425,198.791413,47.63704849,22.52922519,-74.40964228,6.5,3.0
2025-01-11 22:15:00,282.34366280377594,55.9795633,25.16570092,62.37971531,0.0,208.2737124,0.261173563,208.2737124,53.55955858,15.25632819,-74.28908955,6.5,3.0
2025-01-11 22:30:00,281.8133732016429,63.17465073,28.36280419,70.54993626,0.0,196.9467705,0.244590083,196.9467705,56.45313485,26.81896949,-76.7072792,6.5,3.0
2025-01-11 22:45:00,255.5581655277581,55.1278387,30.5043471,65.03093103,0.0,206.5809585,0.232978248,206.5809585,49.81254602,17.87848729,-74.77889348,6.5,3.0
2025-01-11 23:00:00,261.2591110607405,56.21597518,23.57769695,59.57669011,0.0,200.3931728,0.238110493,200.3931728,51.82238703,16.31105953,-72.38438682,6.5,3.0
2025-01-11 23:15:00,264.9053997710968,53.6064637,32.1561387,68.07495826,0.0,192.246302,0.207373613,192.246302,45.72034962,19.98183051,-71.01800729,6.5,3.0
2025-01-11 23:30:00,258.3040708117964,65.03559033,25.3447214,52.15961774,0.0,219.3683333,0.208934632,219.3683333,56.74504239,24.53530754,-82.32296236,6.5,3.0
2025-01-11 23:45:00,232.6514183563662,57.74947601,27.39084214,63.77395773,0.0,201.7408623,0.192403579,201.7408623,56.44184595,24.87586327,-76.12638672,6.5,3.0
2025-01-12 00:00:00,258.71090045714305,61.3738566,21.68063972,61.9341218,0.0,190.7150277,0.185827902,190.7150277,61.175057,17.49954054,-70.82935147,6.5,3.0
2025-01-12 00:15:00,266.1288039660597,60.15328462,17.19151105,58.00784489,0.0,212.4449085,0.195123695,212.4449085,56.60924585,15.007651,-76.30364152,6.5,3.0
2025-01-12 00:30:00,249.41380945592624,60.36973761,16.95719724,65.52502281,0.0,196.7262785,0.203606742,196.7262785,57.22203511,14.41927346,-71.47816885,6.5,3.0
2025-01-12 00:45:00,252.46648612087097,59.96596004,20.20309412,37.03632702,0.0,234.7840394,0.192210168,234.7840394,54.89644817,11.75601274,-81.17263383,6.5,3.0
2025-01-12 01:00:00,246.13535456609654,53.0663256,19.32983391,71.96527915,0.0,175.5436139,0.190772694,175.5436139,51.50144074,10.60051546,-62.34424169,6.5,3.0
2025-01-12 01:15:00,244.49385840550926,58.86412957,18.24187363,59.21967491,0.0,193.6329902,0.201654314,193.6329902,54.5590196,17.54085552,-71.38281881,6.5,3.0
2025-01-12 01:30:00,246.01493775561886,54.49973721,21.93695743,46.21792828,0.0,218.3677188,0.197175372,218.3677188,50.52986125,11.00127172,-75.59801489,6.5,3.0
2025-01-12 01:45:00,204.0358492727753,59.69054191,19.82090432,78.2628272,0.0,182.9399745,0.22356516,182.9399745,55.63151277,18.00775627,-68.38759818,6.5,3.0
2025-01-12 02:00:00,238.69992906882032,60.65573981,29.88330067,49.04438588,0.0,214.6653333,0.245713522,214.6653333,50.77606247,22.76764216,-79.81784052,6.5,3.0
2025-01-12 02:15:00,234.67924239652933,51.5077971,18.03425092,63.10772686,0.0,185.931572,0.243926351,185.931572,43.21064083,11.32682532,-65.27287427,6.5,3.0
2025-01-12 02:30:00,236.02766890602004,49.51398324,24.79476313,77.88224558,0.0,186.6529194,0.267487904,186.6529194,48.80666782,20.51775777,-69.65113751,6.5,3.0
2025-01-12 02:45:00,239.44315962863027,59.32411102,26.64344059,69.77680192,0.0,179.6733627,0.258188283,179.6733627,49.34015087,22.12997453,-67.32561464,6.5,3.0
2025-01-12 03:00:00,275.490522150868,59.7576529,18.53774873,75.00300185,0.0,186.838428,0.254378174,186.838428,56.26333321,15.3437718,-67.97166614,6.5,3.0
2025-01-12 03:15:00,296.3937008078931,61.38353786,17.52888125,62.04451489,0.0,192.7635297,0.265989344,192.7635297,53.83645877,14.66613214,-69.34292639,6.5,3.0
2025-01-12 03:30:00,289.4490932384582,63.70366178,24.61076872,90.56974417,0.0,172.7263007,0.25209741,172.7263007,51.99047336,19.61186327,-65.78923093,6.5,3.0
2025-01-12 03:45:00,283.58668380278084,56.48375398,20.94296869,67.82791394,0.0,203.8491773,0.273202461,203.8491773,52.35728197,14.30454309,-72.5983478,6.5,3.0
2025-01-12 04:00:00,219.70001266510505,54.61739098,30.04702609,72.05556943,0.0,180.6287652,0.264305357,180.6287652,52.50357935,24.49915544,-70.32355123,6.5,3.0
2025-01-12 04:15:00,230.0779775957811,62.44131278,30.71572571,68.06536503,0.0,192.9494234,0.275692537,192.9494234,54.02849434,24.97910916,-75.04592836,6.5,3.0
2025-01-12 04:30:00,218.25623903656412,49.72727653,19.3851642,77.66309319,0.0,172.0721465,0.276110907,172.0721465,47.51634264,9.719761472,-60.44810499,6.5,3.0
2025-01-12 04:45:00,244.0257707025496,50.96759914,29.58289711,75.33106391,0.0,180.3705732,0.280944652,180.3705732,47.47940027,14.94679423,-65.4238789,6.5,3.0
2025-01-12 05:00:00,230.41824087366484,51.68860918,18.13594185,57.0954825,0.0,211.8030827,0.275534729,211.8030827,44.93869172,16.69111579,-75.31004549,6.5,3.0
2025-01-12 05:15:00,236.57555338902745,53.69622484,21.74631657,75.03382118,0.0,168.352069,0.284612268,168.352069,48.67741773,16.92766646,-63.16331601,6.5,3.0
2025-01-12 05:30:00,237.9090839671909,62.07760959,18.71424039,62.47595104,0.0,194.2155979,0.29240101,194.2155979,54.86093048,13.65296793,-70.18702731,6.5,3.0
2025-01-12 05:45:00,257.9671217701168,63.80555465,21.44868155,79.61504684,0.0,177.1817365,0.283736373,177.1817365,56.00600373,19.23937682,-66.93381099,6.5,3.0
2025-01-12 06:00:00,373.91413834765143,57.3148239,27.9438859,67.9472447,0.0,188.131723,0.299643918,188.131723,54.21557402,17.66278491,-69.6125394,6.5,3.0
2025-01-12 06:15:00,361.32317121241874,49.16278003,30.2796437,78.77199716,0.0,176.9439358,0.287396619,176.9439358,44.63062449,26.13753093,-68.20151021,6.5,3.0
2025-01-12 06:30:00,363.6358992903186,53.64884529,27.35177909,70.3249601,0.0,193.2954331,0.307246291,193.2954331,43.42339441,18.88834433,-70.02698775,6.5,3.0
2025-01-12 06:45:00,382.5567911496114,61.50337605,29.26694695,76.68909718,0.0,181.3157033,0.301695115,181.3157033,49.76283248,15.98407419,-66.27480188,6.5,3.0
2025-01-12 07:00:00,379.4816782002586,58.29757549,22.42380839,79.87339327,139.7321794390098,173.3819081,0.304001588,173.3819081,48.43523344,19.19474373,-64.96677224,6.5,3.0
2025-01-12 07:15:00,375.57949912280225,52.17114675,17.11584454,75.89661072,136.32599970675912,176.8067656,0.313109545,176.8067656,45.68299981,12.68630834,-63.20509141,6.5,3.0
2025-01-12 07:30:00,385.5625053298762,51.29482845,32.1351192,64.3502144,140.27472212793276,199.3776137,0.322593216,199.3776137,46.97928184,19.58126585,-72.85993853,6.5,3.0
2025-01-12 07:45:00,431.35631734706294,55.6124519,20.18816885,49.03799947,153.6770987262983,207.2497516,0.321485686,207.2497516,48.12056898,13.24883488,-72.38656675,6.5,3.0
2025-01-12 08:00:00,422.8326012875194,48.24510259,22.03148005,64.75265563,399.6979576340886,196.8721875,0.320527613,196.8721875,41.62773124,12.12147789,-68.38143195,6.5,3.0
2025-01-12 08:15:00,443.5281088145463,57.38212189,28.06709561,54.06525974,403.73122587416515,198.2720435,0.337085517,198.2720435,54.2012285,23.20581106,-75.14914713,6.5,3.0
2025-01-12 08:30:00,422.7856687028256,60.83936167,29.15858151,58.65338645,375.5063583485989,201.9639874,0.350030564,201.9639874,51.32268855,17.23508514,-72.89150475,6.5,3.0
2025-01-12 08:45:00,440.46362119510854,59.95184939,24.86116647,59.3697917,370.7744581431473,193.371067,0.330425168,193.371067,58.60207407,20.99379889,-73.13154734,6.5,3.0
2025-01-12 09:00:00,351.6138831404824,46.65945779,22.69307897,60.6053609,434.3816905071457,184.6398949,0.338050245,184.6398949,37.38494104,14.80094235,-65.45181693,6.5,3.0
2025-01-12 09:15:00,365.48957620752196,62.10292253,28.15237586,88.97759735,434.860515250608,164.6851739,0.335865963,164.6851739,60.17963572,18.42929611,-63.36300219,6.5,3.0
2025-01-12 09:30:00,361.1007298102206,50.74082974,18.07916197,56.89414795,441.8487587662612,199.0109604,0.340083846,199.0109604,44.55985099,16.49523078,-71.13672573,6.5,3.0
2025-01-12 09:45:00,333.0658108417749,58.59261665,30.70737582,82.8496146,515.0590354759852,189.1765101,0.323530946,189.1765101,58.42965201,17.28687771,-70.07261204,6.5,3.0
2025-01-12 10:00:00,324.40423680826257,61.24060758,22.92519215,59.80985059,602.2179617537269,198.5796281,0.33994934,198.5796281,59.22852658,20.3812259,-73.7032703,6.5,3.0
2025-01-12 10:15:00,327.0483370975004,48.09132636,21.15310235,70.95307171,583.7469486138375,177.5221257,0.347028084,177.5221257,39.852653,12.3152283,-62.2126021,6.5,3.0
2025-01-12 10:30:00,337.413074895786,51.38297287,20.15202989,57.32797027,588.3177292978907,198.9108025,0.345001582,198.9108025,51.30804257,20.04257458,-74.12388262,6.5,3.0
2025-01-12 10:45:00,313.114351198451,50.78465376,27.26335172,82.6691628,539.5573603345451,170.9385914,0.35583086,170.9385914,50.14063857,19.33770428,-64.46513086,6.5,3.0
2025-01-12 11:00:00,264.73671813315184,60.01060038,26.97681051,61.84029936,564.9772108255515,205.3791454,0.358330115,205.3791454,58.59853561,21.67864849,-76.296657,6.5,3.0
2025-01-12 11:15:00,269.42593659108366,51.31788201,24.60593359,81.08197648,522.9839406288164,167.6729586,0.352660493,167.6729586,45.2051688,16.27423127,-61.59192779,6.5,3.0
2025-01-12 11:30:00,267.93640195835945,58.19731819,23.34239051,69.49102102,518.2256804210787,182.420971,0.341220904,182.420971,47.64597087,19.91662651,-68.26469535,6.5,3.0
2025-01-12 11:45:00,249.9109433174051,58.74880845,22.06886573,70.58386725,546.763168124553,181.1787788,0.343096276,181.1787788,54.89289204,15.6545612,-66.65682105,6.5,3.0
2025-01-12 12:00:00,275.3517699696384,58.58171949,19.7704296,66.92704086,474.18763449099885,184.2410639,0.341168386,184.2410639,51.78649231,12.44732897,-65.76438641,6.5,3.0
2025-01-12 12:15:00,266.30094108311596,55.06311861,22.42637684,53.82642938,485.2448187675773,204.950997,0.357684599,204.950997,48.86011223,11.43061856,-71.34658044,6.5,3.0
2025-01-12 12:30:00,259.24437143814015,57.97917803,19.35080293,78.62797248,461.1279503040245,172.8638732,0.35051237,172.8638732,54.61758023,17.97885831,-65.43072289,6.5,3.0
2025-01-12 12:45:00,252.4629175091054,57.11425716,24.40053617,54.66177405,497.85959643739943,199.1323277,0.331754309,199.1323277,49.86113388,17.58230795,-72.72436622,6.5,3.0
2025-01-12 13:00:00,247.84495885079482,52.36105737,28.88058881,50.50254418,465.07424866045164,203.2904177,0.331804836,203.2904177,46.72539729,28.66786066,-77.91800564,6.5,3.0
2025-01-12 13:15:00,255.06458341079377,54.57962728,16.22721961,84.25617164,480.4608089453215,159.5667629,0.326883659,159.5667629,44.054502,8.191362132,-55.43827034,6.5,3.0
2025-01-12 13:30:00,251.8001290063719,55.98785921,27.77024834,56.9998689,473.082742715639,191.0489118,0.328141826,191.0489118,50.65919836,24.01884222,-72.58316431,6.5,3.0
2025-01-12 13:45:00,250.97032873203943,59.86492064,20.77271378,83.34206589,490.2821996785881,162.7949831,0.323352119,162.7949831,57.23426657,15.5704317,-61.36905128,6.5,3.0
2025-01-12 14:00:00,251.16434690918103,58.23826881,23.70908658,83.3912621,391.7243214723827,166.4506401,0.317581518,166.4506401,48.14714822,17.03920014,-62.35382138,6.5,3.0
2025-01-12 14:15:00,239.53906854658302,57.22144636,26.036832,67.62783268,378.22082117101536,195.1956222,0.301438838,195.1956222,54.72396914,22.13786791,-73.1852027,6.5,3.0
2025-01-12 14:30:00,244.89586658094322,50.62286298,18.92134543,44.33053963,396.3554604508741,215.379047,0.281979559,215.379047,41.57220295,14.30887428,-75.10191354,6.5,3.0
2025-01-12 14:45:00,254.19071796329263,52.72645417,21.40858797,63.11970239,415.23939690572774,193.5742957,0.27663615,193.5742957,51.54564304,20.7919707,-72.33380853,6.5,3.0
2025-01-12 15:00:00,253.68102339807348,49.58440287,16.57561439,60.81762837,392.32134503311823,190.6018154,0.266320046,190.6018154,47.39626318,10.24882363,-66.30882081,6.5,3.0
2025-01-12 15:15:00,238.6315676366599,46.93267001,21.41992277,90.01878752,379.39369737189094,154.2974375,0.262217941,154.2974375,39.35071098,21.23997242,-59.70624564,6.5,3.0
2025-01-12 15:30:00,254.09915955825772,61.04867466,24.18936755,63.03266852,369.0969099367079,185.6305858,0.260597091,185.6305858,57.66831596,19.02315524,-69.22003205,6.5,3.0
2025-01-12 15:45:00,225.3282494070089,51.27406146,26.98889805,66.84831147,394.7080476582828,184.4775514,0.253309911,184.4775514,47.04448473,25.52281199,-70.83899682,6.5,3.0
2025-01-12 16:00:00,311.8947859097424,60.58406833,24.46491634,74.8535045,337.2129118452695,177.6781196,0.267373811,177.6781196,53.54539905,13.73522532,-64.21262886,6.5,3.0
2025-01-12 16:15:00,299.98357264445,63.59736917,17.97010212,58.13712646,360.90210184412416,207.3457083,0.286731541,207.3457083,54.22841375,9.707142735,-71.71473064,6.5,3.0
2025-01-12 16:30:00,307.9221030290988,60.10733191,27.81665984,64.57091868,356.4618395407413,195.6799265,0.286662169,195.6799265,49.43174971,17.86021877,-70.36983089,6.5,3.0
2025-01-12 16:45:00,314.0995384167089,60.18140922,23.01549821,78.40196304,342.6231467698651,182.4036134,0.275754531,182.4036134,57.50102148,21.07027198,-70.2992273,6.5,3.0
2025-01-12 17:00:00,388.723892523772,55.55861164,20.25354755,85.76155873,195.46408269285055,154.8547654,0.27282049,154.8547654,45.00334021,12.34120636,-56.39348859,9.0,3.0
2025-01-12 17:15:00,389.5452726517726,49.16615423,19.68530403,71.10831098,194.43692503057198,186.0418932,0.264868113,186.0418932,42.35568278,16.15753663,-66.22456637,9.0,3.0
2025-01-12 17:30:00,413.13906367655875,48.3524596,28.38752295,70.9648787,207.6009928660519,180.5430239,0.264727005,180.5430239,46.37292917,27.9111483,-71.43448455,9.0,3.0
2025-01-12 17:45:00,433.0617711478965,46.57288742,16.19512102,57.83618532,217.9979994105256,188.3482362,0.269947673,188.3482362,38.67437018,13.78791238,-66.29690992,9.0,3.0
2025-01-12 18:00:00,417.7853467508584,48.84346053,29.93069549,64.70748473,0.0,184.7082464,0.263902992,184.7082464,46.30971168,17.17273444,-66.90247855,9.0,3.0
2025-01-12 18:15:00,415.3896622013857,59.70853143,18.5991985,58.00746323,0.0,201.8792255,0.278586415,201.8792255,48.70302782,16.3736441,-72.20475014,9.0,3.0
2025-01-12 18:30:00,412.3701075719052,61.66057158,28.63415282,87.69933619,0.0,151.4534553,0.269359326,151.4534553,56.68754581,15.01190482,-57.3165806,9.0,3.0
2025-01-12 18:45:00,429.8148834758506,61.97700177,26.61812775,74.81434393,0.0,180.9166439,0.271020736,180.9166439,54.63141409,21.58777315,-68.5434227,9.0,3.0
2025-01-12 19:00:00,423.0283794855826,58.57680098,20.66950932,83.03354126,0.0,164.6613573,0.273206969,164.6613573,49.25775795,17.77281222,-61.47984499,9.0,3.0
2025-01-12 19:15:00,434.6027764236042,52.61192255,23.32704327,76.72614701,0.0,170.1445662,0.263238207,170.1445662,44.28206515,20.39778197,-64.26623713,9.0,3.0
2025-01-12 19:30:00,412.6096683313651,54.74220958,22.76161955,81.36180386,0.0,165.7638747,0.264784427,165.7638747,48.31617081,18.30356278,-62.2100583,9.0,3.0
2025-01-12 19:45:00,399.79917575944796,47.55142397,28.69931851,70.23868701,0.0,182.4472729,0.275593853,182.4472729,46.30320849,28.19291676,-71.17671095,9.0,3.0
2025-01-12 20:00:00,455.768456843501,51.59206516,22.06076526,77.47953716,0.0,165.0422324,0.289026834,165.0422324,50.55730138,11.71056738,-59.52959429,9.0,3.0
2025-01-12 20:15:00,441.91191588583564,52.85834816,19.18758599,62.8467032,0.0,194.7645889,0.290396194,194.7645889,46.61873117,15.49194491,-69.386164,9.0,3.0
2025-01-12 20:30:00,442.3094388302107,46.44843868,15.09200774,79.64123403,0.0,167.74742,0.284797404,167.74742,40.1054686,12.2365,-59.32790164,9.0,3.0
2025-01-12 20:45:00,406.56018844045275,53.72469256,25.11413745,79.70782611,0.0,172.0893244,0.278866243,172.0893244,50.36496321,25.09956721,-67.19092726,9.0,3.0
2025-01-12 21:00:00,276.2121983406964,56.19756681,25.75003569,55.21834632,0.0,193.1644871,0.281827486,193.1644871,49.39765401,22.38891128,-72.52261935,9.0,3.0
2025-01-12 21:15:00,273.083149379521,54.54556911,26.08404153,70.71834828,0.0,180.9240435,0.269417827,180.9240435,53.7201073,19.51044616,-67.97854628,9.0,3.0
2025-01-12 21:30:00,277.57900441558087,60.65851168,30.04945477,65.49209836,0.0,178.4390142,0.268186115,178.4390142,60.08083157,17.24229699,-66.6982269,9.0,3.0
2025-01-12 21:45:00,244.2456478642016,52.77880544,18.80264518,61.24229249,0.0,181.6016694,0.278699652,181.6016694,44.90040443,10.39674579,-62.90958114,9.0,3.0
2025-01-12 22:00:00,299.8248361248535,54.4647377,18.49186237,83.23057502,0.0,157.662209,0.265208942,157.662209,45.64081862,14.6621458,-58.30996787,6.5,3.0
2025-01-12 22:15:00,301.7904436117372,52.00244751,24.49310762,101.0382011,0.0,145.4790731,0.264642788,145.4790731,49.69262225,14.47371389,-54.25255088,6.5,3.0
2025-01-12 22:30:00,286.0889143745066,58.87866648,28.89612148,65.32431642,0.0,194.7962352,0.249169322,194.7962352,52.41922022,17.30944772,-71.25418379,6.5,3.0
2025-01-12 22:45:00,277.3858058889025,57.36859206,29.27229393,76.21144512,0.0,174.0044869,0.241539046,174.0044869,55.95345413,23.73143612,-68.31610092,6.5,3.0
2025-01-12 23:00:00,256.14942600969306,55.67831057,24.33057139,64.18492631,0.0,182.4621296,0.245808651,182.4621296,49.6351291,13.89141182,-65.55781074,6.5,3.0
2025-01-12 23:15:00,258.1636100493636,60.8418284,22.28232662,63.23637778,0.0,187.6930708,0.254566401,187.6930708,55.20056563,17.78475199,-68.87691408,6.5,3.0
2025-01-12 23:30:00,257.7170146216882,58.1407108,24.97257335,69.18303825,0.0,180.26674,0.26625543,180.26674,55.8142145,21.81394081,-68.30097332,6.5,3.0
2025-01-12 23:45:00,295.4699493192552,51.42289619,25.13946112,63.78441548,0.0,175.4049074,0.268354734,175.4049074,45.82397331,20.33696889,-66.30507485,6.5,3.0
2025-01-13 00:00:00,282.8601968459185,59.03466967,29.40538246,84.2676681,0.0,163.1805675,0.283553953,163.1805675,56.77052425,16.52518317,-61.56046653,6.5,3.0
2025-01-13 00:15:00,289.9098388749695,60.35776183,21.1921186,59.31870623,0.0,196.5795727,0.284724605,196.5795727,56.12734539,14.79330264,-70.92344377,6.5,3.0
2025-01-13 00:30:00,293.3731091660454,57.17342546,21.29966404,71.05281317,0.0,189.8310556,0.298737232,189.8310556,53.15999676,19.54188891,-70.07309573,6.5,3.0
2025-01-13 00:45:00,277.10685511306656,49.94324408,22.77966011,85.63663383,0.0,158.2060649,0.281111317,158.2060649,42.24860251,19.57833986,-59.33857426,6.5,3.0
2025-01-13 01:00:00,296.6262640021461,45.28699647,24.80122724,80.07781482,0.0,162.2231058,0.279555157,162.2231058,45.25937887,13.3654218,-58.64353143,6.5,3.0
2025-01-13 01:15:00,310.0147293811328,61.18317669,23.45015977,73.46270724,0.0,191.4266783,0.306188998,191.4266783,54.13339539,16.52403377,-69.91966025,6.5,3.0
2025-01-13 01:30:00,309.43454310899614,61.67926592,29.04156885,86.81854763,0.0,167.4415459,0.311413134,167.4415459,50.78226312,21.78565782,-64.70606794,6.5,3.0
2025-01-13 01:45:00,312.3544635077251,62.05121558,19.60708789,73.92305483,0.0,179.0074392,0.288068178,179.0074392,61.07864751,17.80669403,-67.52668191,6.5,3.0
2025-01-13 02:00:00,313.229756793224,49.48687739,20.72639312,64.92854965,0.0,171.7377923,0.290998548,171.7377923,43.66801254,16.24224235,-62.42681806,6.5,3.0
2025-01-13 02:15:00,302.4588697345768,53.52404714,24.53895984,56.15101435,0.0,204.8417771,0.288698532,204.8417771,50.27029866,15.22203349,-72.78023148,6.5,3.0
2025-01-13 02:30:00,316.27930896181243,60.50724377,26.64825873,84.8900281,0.0,180.5566255,0.286361724,180.5566255,50.60785086,25.03785722,-69.85287741,6.5,3.0
2025-01-13 02:45:00,339.0320645103868,59.71476026,22.77695032,67.44420569,0.0,180.9040928,0.27881898,180.9040928,56.93962809,13.95713276,-65.39955596,6.5,3.0
2025-01-13 03:00:00,291.1030454121971,55.3975164,25.68338157,86.74186083,0.0,152.3721484,0.272282461,152.3721484,47.91539999,14.45239604,-56.40378397,6.5,3.0
2025-01-13 03:15:00,291.5890023568129,51.32497424,24.06397423,76.28770498,0.0,171.5527276,0.283621321,171.5527276,45.28339254,15.37296646,-62.07399067,6.5,3.0
2025-01-13 03:30:00,302.69442694009444,46.56747375,24.47472238,53.22161061,0.0,196.6282041,0.272230473,196.6282041,46.29456749,12.45583034,-68.67408332,6.5,3.0
2025-01-13 03:45:00,330.82352529089553,53.58053468,20.01331381,68.3728839,0.0,175.4548554,0.25899144,175.4548554,47.26914718,13.2982358,-62.95617004,6.5,3.0
2025-01-13 04:00:00,325.49406759520605,54.8772471,17.05950046,84.79082837,0.0,169.0277037,0.26914251,169.0277037,52.4165125,15.11769353,-62.25859048,6.5,3.0
2025-01-13 04:15:00,317.6198514214395,59.10396502,16.48693964,58.79887881,0.0,184.8236397,0.261863795,184.8236397,48.79402697,8.363926367,-63.68760338,6.5,3.0
2025-01-13 04:30:00,336.9930055784623,56.20857065,21.44266127,63.67643692,0.0,190.1266022,0.277308882,190.1266022,47.85804367,19.54007622,-69.99603848,6.5,3.0
2025-01-13 04:45:00,308.85307540489225,50.18153156,19.68457795,70.25894555,0.0,170.0000126,0.27985327,170.0000126,46.42887743,16.30181973,-61.88645087,6.5,3.0
2025-01-13 05:00:00,320.0387713683147,58.64644773,25.98456023,71.16762338,0.0,158.7977036,0.268160801,158.7977036,48.89563361,19.9982479,-60.72357317,6.5,3.0
2025-01-13 05:15:00,319.9074501826552,54.84106875,26.72006384,70.36648309,0.0,179.5103034,0.25380018,179.5103034,44.52870041,20.81974498,-66.56938868,6.5,3.0
2025-01-13 05:30:00,304.7019996216386,61.31839717,28.29727162,70.9892591,0.0,174.7753423,0.247530998,174.7753423,53.73236483,22.62508221,-66.90921809,6.5,3.0
2025-01-13 05:45:00,289.9517788273913,47.47617306,19.44141585,57.01486479,0.0,192.5311064,0.25211722,192.5311064,40.42444898,15.60995968,-67.80280228,6.5,3.0
2025-01-13 06:00:00,494.4852780689275,55.77176978,28.71711978,74.71515118,0.0,167.6066904,0.258897354,167.6066904,50.52772434,22.80056635,-64.51655705,6.5,3.0
2025-01-13 06:15:00,485.40402974892817,55.64176251,17.40573561,65.40277571,0.0,177.4377466,0.247357069,177.4377466,51.92344835,10.95692894,-62.47364344,6.5,3.0
2025-01-13 06:30:00,489.0360396431094,48.64165062,22.5741268,79.9142999,0.0,172.7104457,0.239334845,172.7104457,42.91092867,19.16612276,-64.3423127,6.5,3.0
2025-01-13 06:45:00,464.4746525390349,45.96538757,18.07450243,88.23292533,0.0,160.3940928,0.231850372,160.3940928,36.81212651,9.782062892,-55.52572943,6.5,3.0
2025-01-13 07:00:00,436.09094351232886,57.21129936,20.68213423,97.4037897,220.8348785956334,145.5679774,0.215957039,145.5679774,53.87704095,12.846397,-54.25377393,6.5,3.0
2025-01-13 07:15:00,425.2812131949996,53.08831281,17.50721217,81.45296746,222.54202265604843,170.3835835,0.232128575,170.3835835,50.99890271,15.14721244,-62.49284229,6.5,3.0
2025-01-13 07:30:00,429.0745234578257,53.91135302,18.71308097,50.84780328,210.6823116733056,186.7937015,0.254563179,186.7937015,48.84172766,13.5753691,-66.64471681,6.5,3.0
2025-01-13 07:45:00,429.5933198348457,49.90003327,28.60220301,84.13327642,199.19078707501262,173.4629732,0.243769931,173.4629732,46.88675032,27.87964354,-67.40372016,6.5,3.0
2025-01-13 08:00:00,512.839167817263,47.69127218,15.50506812,85.08941067,354.7205024975554,154.624935,0.248515545,154.624935,39.70244638,10.40288659,-54.77386531,6.5,3.0
2025-01-13 08:15:00,510.21546261755896,47.59259533,26.67745792,74.87886417,343.8791481318165,171.9781519,0.252080561,171.9781519,47.45021189,14.61851523,-62.58719677,6.5,3.0
2025-01-13 08:30:00,488.269555587788,57.03187914,18.90893501,75.15888098,358.2021386765037,152.0450897,0.251583316,152.0450897,45.85622906,16.9370697,-57.32270513,6.5,3.0
2025-01-13 08:45:00,473.5858139773902,45.63403895,19.96904475,79.16434356,372.6082106941244,165.8519878,0.257237492,165.8519878,43.60728726,10.22860556,-58.19530029,6.5,3.0
2025-01-13 09:00:00,403.915637427482,54.53934553,16.42902814,86.30914811,507.8473277265213,130.2542315,0.254332695,130.2542315,49.84652794,10.94963446,-48.83227174,6.5,3.0
2025-01-13 09:15:00,409.58233828011976,56.48383129,19.29768086,68.26761969,489.00722738862964,173.7157378,0.260842549,173.7157378,50.17535373,14.00066836,-63.28808908,6.5,3.0
2025-01-13 09:30:00,405.8002675366374,49.3412171,29.63753598,76.168469,472.0289280465588,173.5640797,0.261402647,173.5640797,46.83411996,22.79540386,-65.95525601,6.5,3.0
2025-01-13 09:45:00,374.2017567557609,52.66492663,21.83337862,65.58654605,487.03651683829025,167.9757643,0.283437386,167.9757643,48.17800081,16.2948084,-62.3605577,6.5,3.0
2025-01-13 10:00:00,336.2464501191333,54.14435891,16.98189224,66.04747735,576.7519685706932,187.2673159,0.29797052,187.2673159,49.9983965,8.863214204,-65.06895873,6.5,3.0
2025-01-13 10:15:00,324.77234946413915,49.29083252,15.48446869,65.51648258,605.5742480202305,180.1281807,0.315212053,180.1281807,39.45568681,15.25639429,-64.14038963,6.5,3.0
2025-01-13 10:30:00,340.5182363625554,52.80573465,19.16433134,73.54880451,568.9002226806562,168.030865,0.302400503,168.030865,50.58319003,11.44073181,-60.36358234,6.5,3.0
2025-01-13 10:45:00,348.012964054172,47.43097411,27.69080355,76.00627447,618.5635607284203,167.5231019,0.317805228,167.5231019,38.83421048,26.19911206,-64.50043673,6.5,3.0
2025-01-13 11:00:00,270.004110127212,52.45699029,27.9351485,87.1434672,553.5407662069317,159.9672879,0.33373664,159.9672879,42.49690504,25.20301712,-63.4723787,6.5,3.0
2025-01-13 11:15:00,283.52751634719357,60.12653207,21.70916023,60.79638295,522.5503981528451,174.7135085,0.33605717,174.7135085,52.47452739,20.53806898,-66.27771253,6.5,3.0
2025-01-13 11:30:00,277.0739188361251,48.35786915,25.96199267,102.1582544,527.5632620959218,127.4877238,0.342937813,127.4877238,39.79323135,21.71876607,-50.33904318,6.5,3.0
2025-01-13 11:45:00,267.33445468946934,48.44489944,16.17803539,77.38557045,556.9655735443012,162.5591694,0.359397391,162.5591694,47.99693724,14.67902456,-59.56171529,6.5,3.0
2025-01-13 12:00:00,287.86009778520247,45.99085322,22.38132415,86.01990626,553.2100849757175,151.9505956,0.34125185,151.9505956,43.49147007,14.90779481,-55.29848665,6.5,3.0
2025-01-13 12:15:00,286.5665641856071,59.10856439,25.73471486,88.96976471,553.7121210632874,152.2480209,0.347933104,152.2480209,53.76629157,17.68214172,-57.90257645,6.5,3.0
2025-01-13 12:30:00,308.77414223170325,47.31236167,24.52648365,87.65874215,553.5377723112356,164.8430849,0.355468168,164.8430849,38.89973789,17.20158323,-59.98129228,6.5,3.0
2025-01-13 12:45:00,312.379195797487,49.63797087,28.96673869,93.25844592,527.1700216497597,158.3281754,0.350173105,158.3281754,43.37070496,26.16168082,-61.87153372,6.5,3.0
2025-01-13 13:00:00,257.50393771210224,55.67646888,20.84657523,69.65006842,469.5837549258849,171.4205984,0.355917828,171.4205984,51.83795495,12.84670473,-61.96417138,6.5,3.0
2025-01-13 13:15:00,257.01777768068933,57.33733145,15.38671623,73.61828282,503.3516981311334,167.6975581,0.347723696,167.6975581,52.2567978,7.99722486,-58.60067382,6.5,3.0
2025-01-13 13:30:00,259.6653566405259,46.91089581,16.24834359,81.71982719,473.3411789630311,164.2940135,0.365672549,164.2940135,38.57752176,13.8708052,-58.66387559,6.5,3.0
2025-01-13 13:45:00,242.77292796668257,55.38129466,22.99227534,64.968249,481.5433679799505,190.2566311,0.372393487,190.2566311,46.92767301,16.99397437,-68.19051896,6.5,3.0
2025-01-13 14:00:00,285.68804496070607,53.14682427,19.69064116,98.63281706,601.8179260655745,159.3192718,0.376467147,159.3192718,53.10899251,12.06168956,-58.15177583,6.5,3.0
2025-01-13 14:15:00,288.7735561290905,54.20652255,24.2593476,60.3318318,581.8551579936678,181.9200652,0.393711095,181.9200652,51.91545548,19.12691647,-66.93858105,6.5,3.0
2025-01-13 14:30:00,295.4316621110166,49.54597366,15.43672115,81.81235651,578.0870312692895,152.1510726,0.385280804,152.1510726,40.38121254,9.851676543,-53.51455213,6.5,3.0
2025-01-13 14:45:00,315.0467367991869,50.88603984,27.18537428,83.11565563,650.1798846714682,171.302312,0.375014251,171.302312,42.17996398,20.40412119,-63.81750044,6.5,3.0
2025-01-13 15:00:00,273.65129588099893,47.24879358,23.37788528,77.32927246,500.8984297233699,149.3978749,0.373139674,149.3978749,38.08882414,22.5797608,-58.19186041,6.5,3.0
2025-01-13 15:15:00,274.64594453324133,56.64400002,23.5399777,78.43547728,499.9611539733328,160.231279,0.377603179,160.231279,49.88609404,13.78704047,-58.60781295,6.5,3.0
2025-01-13 15:30:00,269.6975930187682,48.3190443,23.54495759,80.54476475,506.0579845745236,175.2566349,0.37002468,175.2566349,44.08840185,14.14409546,-63.12598428,6.5,3.0
2025-01-13 15:45:00,256.5451665669915,55.55417655,29.36777206,63.82035782,582.3124317287738,188.4634384,0.376288912,188.4634384,51.7176297,15.78742685,-67.98993075,6.5,3.0
2025-01-13 16:00:00,389.619962775002,58.2701346,21.0693738,62.96291851,405.9830295888862,178.4438175,0.368879104,178.4438175,53.18438417,20.75981009,-67.67522504,6.5,3.0
2025-01-13 16:15:00,390.93254766144526,46.2401929,20.6738517,72.08875806,414.8098665838088,159.3548327,0.363424707,159.3548327,39.02337949,10.58539491,-55.92702961,6.5,3.0
2025-01-13 16:30:00,398.89245163501926,57.10894329,27.63041057,77.43275194,405.7103101997512,167.3130261,0.367920357,167.3130261,46.67282574,25.22544557,-65.19237611,6.5,3.0
2025-01-13 16:45:00,390.67503792853336,51.71224149,17.49780494,78.68927102,364.7367936275539,155.8891241,0.370001866,155.8891241,48.79686163,9.336190983,-55.39796151,6.5,3.0
2025-01-13 17:00:00,469.21379686609424,58.84615016,29.63098616,78.27753997,217.72662843178864,168.2339756,0.364021591,168.2339756,58.3481956,21.2853046,-65.22775617,9.0,3.0
2025-01-13 17:15:00,495.8898710921023,50.50716405,26.78125497,98.42810344,212.52600954031175,152.9688615,0.364986683,152.9688615,46.09536419,20.16827341,-59.01077762,9.0,3.0
2025-01-13 17:30:00,476.6965115723867,45.10088289,28.32168266,55.42339828,220.40618615050917,174.5728405,0.358603015,174.5728405,44.80917738,14.27382097,-62.35246788,9.0,3.0
2025-01-13 17:45:00,531.2898204694168,58.0369241,30.56546376,72.9863674,229.50117587739044,165.5902776,0.345502462,165.5902776,48.12704533,24.06978118,-63.86007767,9.0,3.0
2025-01-13 18:00:00,444.2083054388233,58.86460056,21.24913785,81.52288468,0.0,158.9701421,0.340971797,158.9701421,48.85316584,14.04124739,-58.3627472,9.0,3.0
2025-01-13 18:15:00,434.9787560462094,47.55670832,20.31633649,71.32673662,0.0,180.5907833,0.333389897,180.5907833,43.9961304,16.70971908,-64.9448464,9.0,3.0
2025-01-13 18:30:00,438.046670709142,47.73701717,22.20688962,71.95502761,0.0,176.7680323,0.342022398,176.7680323,40.06544707,17.08623425,-64.35886914,9.0,3.0
2025-01-13 18:45:00,492.5562678058252,55.25883516,15.1242166,78.53981732,0.0,159.7619848,0.335306689,159.7619848,49.23981367,11.92028513,-57.27960152,9.0,3.0
2025-01-13 19:00:00,485.506483604586,49.62321946,23.97405926,83.32817004,0.0,156.3711366,0.312509741,156.3711366,45.37243988,14.83563828,-57.04568156,9.0,3.0
2025-01-13 19:15:00,506.8438331210734,47.10555122,19.57897312,65.98412975,0.0,167.7247612,0.2956906,167.7247612,44.45267995,16.00253919,-61.20248647,9.0,3.0
2025-01-13 19:30:00,503.83573927834044,45.91680544,20.98961984,74.01570989,0.0,161.090818,0.293335536,161.090818,37.77974135,13.55770658,-57.21193179,9.0,3.0
2025-01-13 19:45:00,475.44394399600037,51.03547534,22.18332842,81.8812625,0.0,158.232008,0.289038898,158.232008,45.84351152,18.03906066,-59.33790636,9.0,3.0
2025-01-13 20:00:00,453.7722197842153,60.16786067,27.61288654,84.64436324,0.0,157.5444743,0.302672624,157.5444743,51.02127615,22.88422679,-61.21196038,9.0,3.0
2025-01-13 20:15:00,463.8202804395919,56.80785615,17.71859351,71.06539545,0.0,165.8644478,0.311175392,165.8644478,55.65316744,13.45055997,-60.61453661,9.0,3.0
2025-01-13 20:30:00,448.6452018257628,52.01705914,21.29832451,92.41662953,0.0,151.1812984,0.310662671,151.1812984,42.83524768,18.65435628,-57.46792561,9.0,3.0
2025-01-13 20:45:00,434.66229795043,49.82310052,19.65774683,92.55536389,0.0,139.251396,0.324640588,139.251396,41.16269417,18.5884085,-52.96819529,9.0,3.0
2025-01-13 21:00:00,293.4403542294914,49.30619468,15.46199202,95.37255921,0.0,149.6849109,0.337709714,149.6849109,44.9627525,13.16149157,-54.67253985,9.0,3.0
2025-01-13 21:15:00,276.09835192403693,49.21662018,19.42519205,76.64805912,0.0,162.1041185,0.34285005,162.1041185,43.44308521,9.815705179,-56.82597058,9.0,3.0
2025-01-13 21:30:00,285.4130541057319,59.51030491,24.91687889,96.87067945,0.0,138.236921,0.339294511,138.236921,51.21125022,23.87263863,-56.23425973,9.0,3.0
2025-01-13 21:45:00,299.43823974073985,44.8523932,24.37637719,84.6660274,0.0,150.0618885,0.335690312,150.0618885,44.85174259,14.42654693,-55.13813571,9.0,3.0
2025-01-13 22:00:00,307.08711820650296,53.43037999,23.76394488,73.4057887,0.0,156.3313044,0.329468355,156.3313044,48.88984197,20.65356498,-59.56372316,6.5,3.0
2025-01-13 22:15:00,306.1157242487272,44.82436909,24.3685715,99.84654267,0.0,140.2099692,0.330691773,140.2099692,43.08873947,23.24401107,-55.47585568,6.5,3.0
2025-01-13 22:30:00,307.7325888152635,53.75425059,24.12110871,87.45151758,0.0,151.1500431,0.314017051,151.1500431,51.24016545,14.72501256,-56.10004228,6.5,3.0
2025-01-13 22:45:00,282.25456872950633,46.65279574,15.67271772,97.32230308,0.0,140.675517,0.31366405,140.675517,45.58813106,14.5684939,-52.61645945,6.5,3.0
2025-01-13 23:00:00,256.3196074123255,59.09295341,21.10802626,82.93593911,0.0,160.463087,0.303442636,160.463087,51.13915012,13.72314125,-58.48642207,6.5,3.0
2025-01-13 23:15:00,248.4315759203353,50.68224476,28.5746043,75.95797215,0.0,154.1654102,0.305862933,154.1654102,44.84400409,18.50734372,-58.23326818,6.5,3.0
2025-01-13 23:30:00,262.90659533813465,45.74430966,14.54017474,90.65914139,0.0,137.9348803,0.301519362,137.9348803,39.23848034,13.65971469,-50.35961118,6.5,3.0
2025-01-13 23:45:00,241.22222132920444,44.64766005,28.40966486,89.8263065,0.0,140.6908547,0.319847223,140.6908547,41.94885634,21.83369627,-54.40829699,6.5,3.0
2025-01-14 00:00:00,274.7382189729879,53.66437281,15.48349574,60.08242975,0.0,184.7855773,0.310160072,184.7855773,44.61663104,11.01392422,-64.39333839,6.5,3.0
2025-01-14 00:15:00,286.26404703835476,59.65370954,18.44457563,94.94360489,0.0,145.5400214,0.298066871,145.5400214,48.23573764,14.82413309,-54.64359442,6.5,3.0
2025-01-14 00:30:00,277.2811414848824,53.61613286,23.74844789,83.21156025,0.0,153.347091,0.286396065,153.347091,43.03093369,17.7127812,-57.17393377,6.5,3.0
2025-01-14 00:45:00,282.1265925037749,52.32391993,26.11951994,78.09434611,0.0,155.1624742,0.281254136,155.1624742,49.69531669,23.12892791,-60.44597461,6.5,3.0
2025-01-14 01:00:00,314.62328760278115,53.92164177,25.24905362,81.69246487,0.0,158.1757563,0.28254654,158.1757563,48.37581468,24.20187962,-61.5400478,6.5,3.0
2025-01-14 01:15:00,311.3575252164256,53.4647941,25.46822931,82.81716491,0.0,143.9314772,0.28670963,143.9314772,43.48949222,20.07043991,-55.77050411,6.5,3.0
2025-01-14 01:30:00,318.85989354648035,53.3724676,28.47016945,64.41796042,0.0,164.8271981,0.302021311,164.8271981,45.92817553,26.84409469,-64.23320398,6.5,3.0
2025-01-14 01:45:00,323.84929363431297,47.40200891,24.14134308,91.92056196,0.0,149.0472323,0.301809338,149.0472323,43.45510827,17.56339499,-56.38206227,6.5,3.0
2025-01-14 02:00:00,308.25080241595117,41.67607237,19.60347455,94.88223295,0.0,122.4349158,0.295003798,122.4349158,40.72898477,13.48790695,-46.71084418,6.5,3.0
2025-01-14 02:15:00,291.3596612694199,50.30435688,14.40346487,96.41247257,0.0,130.0726351,0.286727248,130.0726351,43.56978183,8.172454159,-46.40146154,6.5,3.0
2025-01-14 02:30:00,311.6531951208107,46.49626995,16.1946209,71.20273413,0.0,154.6934856,0.282827736,154.6934856,44.74084895,9.898002196,-54.49994554,6.5,3.0
2025-01-14 02:45:00,290.21634119381815,52.61779824,21.30495936,94.09994791,0.0,115.3931806,0.262733399,115.3931806,51.30786968,20.89684399,-47.54972505,6.5,3.0
2025-01-14 03:00:00,257.23766540050815,47.93085393,21.95604713,70.63259793,0.0,155.4253318,0.265053566,155.4253318,40.72116184,19.45035838,-58.62987298,6.5,3.0
2025-01-14 03:15:00,277.0552560574173,53.94307035,25.54832323,78.47265012,0.0,143.2138634,0.27535606,143.2138634,51.78468342,15.37890647,-53.87270602,6.5,3.0
2025-01-14 03:30:00,266.79330520627184,48.84836877,28.89696079,92.64206436,0.0,139.0568373,0.272200601,139.0568373,46.53013693,23.57925195,-55.73876632,6.5,3.0
2025-01-14 03:45:00,270.21377333580267,57.69621411,20.46725818,80.09295147,0.0,161.4868547,0.286200774,161.4868547,55.45864835,10.30101625,-57.73766793,6.5,3.0
2025-01-14 04:00:00,314.0760401766205,51.24416638,24.47841341,97.44813125,0.0,145.6827118,0.294638082,145.6827118,45.61396949,15.88940735,-54.69086121,6.5,3.0
2025-01-14 04:15:00,311.57576486135054,56.47787831,25.74295548,80.01729666,0.0,145.4057916,0.28087503,145.4057916,53.41453252,14.93425498,-54.85538088,6.5,3.0
2025-01-14 04:30:00,328.36654771747624,59.45853432,15.05255701,94.25754447,0.0,142.2334936,0.277279868,142.2334936,53.40924943,12.37756642,-52.92591151,6.5,3.0
2025-01-14 04:45:00,301.81164724455266,56.5966999,21.39851001,74.82847518,0.0,155.5114379,0.277169959,155.5114379,45.36959977,19.84921627,-60.24526328,6.5,3.0
2025-01-14 05:00:00,285.0478269188963,56.39808149,15.93055818,91.90201114,0.0,133.3013525,0.28241761,133.3013525,47.02089216,8.564135319,-48.02903972,6.5,3.0
2025-01-14 05:15:00,273.624263970469,57.18932113,28.64090299,73.74258651,0.0,160.16725,0.284207366,160.16725,50.79470808,21.99270544,-61.67472081,6.5,3.0
2025-01-14 05:30:00,286.5318339462507,56.07285993,16.47183678,69.69341363,0.0,146.9975296,0.277109772,146.9975296,47.7587299,9.734400789,-52.90897869,6.5,3.0
2025-01-14 05:45:00,259.20607516438406,52.49034845,21.68190562,81.20687133,0.0,153.0413107,0.253411188,153.0413107,44.94355217,12.38954979,-55.68022511,6.5,3.0
2025-01-14 06:00:00,494.93237600956337,48.82897839,27.42298065,85.27638178,0.0,144.7627296,0.242287653,144.7627296,43.18619733,14.43367439,-53.33181031,6.5,3.0
2025-01-14 06:15:00,460.0120630533705,52.01345085,22.26033985,83.67565208,0.0,149.4773882,0.242392336,149.4773882,44.43599423,14.31437995,-54.90310208,6.5,3.0
2025-01-14 06:30:00,495.6230390602316,53.3392543,23.19269904,80.7393811,0.0,153.5222323,0.250638302,153.5222323,47.57728856,15.10338935,-56.0386383,6.5,3.0
2025-01-14 06:45:00,476.10252187683454,52.41320683,17.56794805,79.19296071,0.0,164.9744407,0.260006453,164.9744407,45.09031486,12.61454142,-58.49260233,6.5,3.0
2025-01-14 07:00:00,411.1087602277653,55.90624934,17.8178213,80.61698725,213.9988023680333,148.2504843,0.255240631,148.2504843,55.35329358,11.8673064,-54.19905048,6.5,3.0
2025-01-14 07:15:00,409.4658796810676,48.61574525,14.75096936,75.6041331,225.51278093692042,157.6912737,0.261577195,157.6912737,47.73142006,8.569434466,-55.45520253,6.5,3.0
2025-01-14 07:30:00,440.22062612691036,46.85768622,21.35667809,71.31051143,226.2102658945994,155.7084399,0.262214355,155.7084399,37.56347981,11.27158674,-54.91106173,6.5,3.0
2025-01-14 07:45:00,437.6747339642568,51.36747111,20.95254365,89.75457396,230.15815080044683,155.6258748,0.25404897,155.6258748,48.80586461,10.83310296,-55.99406906,6.5,3.0
2025-01-14 08:00:00,382.1621838846149,50.7831372,22.101154,85.44467721,267.8001941224433,150.4367567,0.242569961,150.4367567,42.79921942,21.37512992,-58.22098095,6.5,3.0
2025-01-14 08:15:00,391.3261714549298,49.58352937,15.65289133,85.95102074,283.7959471514928,137.6582793,0.229350108,137.6582793,48.03227588,11.45177255,-50.49499641,6.5,3.0
2025-01-14 08:30:00,385.51307456467987,53.25998117,22.44796769,103.0501246,272.79891083652626,137.6634883,0.224155594,137.6634883,48.61144051,18.55631861,-52.92378698,6.5,3.0
2025-01-14 08:45:00,434.7985700957754,48.44829466,25.85272167,83.23467192,293.88494788953756,146.4386053,0.227547997,146.4386053,44.67881289,21.83546725,-57.61016891,6.5,3.0
2025-01-14 09:00:00,415.86097339884793,44.30109484,14.70415342,77.58429441,560.9282836358632,151.6571912,0.230042168,151.6571912,37.30092608,11.59511633,-53.34327297,6.5,3.0
2025-01-14 09:15:00,379.84887925833914,48.13435868,17.77608813,96.54986883,560.1610394463247,133.6403171,0.232882235,133.6403171,45.00457814,8.902392266,-47.96374439,6.5,3.0
2025-01-14 09:30:00,381.1634437486271,52.89137195,16.35359873,93.08031314,562.6345406350798,124.3483272,0.249194956,124.3483272,46.18518725,9.164906193,-45.49939991,6.5,3.0
2025-01-14 09:45:00,410.1867035941857,44.05281966,25.50306589,80.37149129,565.7161362827324,144.0519649,0.248534686,144.0519649,40.19290216,13.62977202,-52.39137101,6.5,3.0
2025-01-14 10:00:00,339.2854719861251,53.32345924,26.44674157,98.41322395,550.2789127051091,129.7421161,0.234113144,129.7421161,44.75832768,25.93227928,-54.06015032,6.5,3.0
2025-01-14 10:15:00,341.7108258984929,44.90097071,20.07048831,88.73834691,577.3671059534269,138.8151617,0.203838486,138.8151617,37.93820657,15.61424072,-51.28382589,6.5,3.0
2025-01-14 10:30:00,348.14016985047647,50.9958891,26.43640251,92.25068986,550.370393689887,124.8650566,0.203455318,124.8650566,46.13118279,20.32439972,-50.04684838,6.5,3.0
2025-01-14 10:45:00,389.4035322649056,51.50912478,27.34550294,80.74659224,528.2835876515774,137.5159024,0.189859951,137.5159024,44.3213043,25.07762766,-54.45526586,6.5,3.0
2025-01-14 11:00:00,289.07313055747574,50.9752039,24.9056868,82.1514427,500.17769162047153,145.8737932,0.183085101,145.8737932,45.93036235,19.00414499,-55.42292049,6.5,3.0
2025-01-14 11:15:00,292.438363006894,59.62152648,24.10017572,79.27064213,526.6930978757104,159.3400892,0.201533669,159.3400892,48.43467657,18.89569238,-60.34250046,6.5,3.0
2025-01-14 11:30:00,283.00750812753773,44.82756994,22.86172621,70.55283326,538.5732245361946,168.3734364,0.200939684,168.3734364,44.82511832,21.85948512,-63.8252615,6.5,3.0
2025-01-14 11:45:00,250.4509983080925,57.73026537,24.30638128,70.14198619,539.0659859676236,159.9247846,0.212308234,159.9247846,53.57630514,12.51775333,-58.27368967,6.5,3.0
2025-01-14 12:00:00,289.77840953505773,44.61917262,16.33349796,75.32029945,527.7288365254426,159.5337145,0.202847701,159.5337145,36.62798627,8.681841302,-54.81936063,6.5,3.0
2025-01-14 12:15:00,272.07480823245294,47.05549936,16.72104425,94.6029664,529.3803352991404,137.0832709,0.201085454,137.0832709,37.72572633,16.38336887,-51.29647055,6.5,3.0
2025-01-14 12:30:00,268.4582961563698,55.67316335,28.77032424,87.41815616,552.2444293216159,137.3342531,0.197255636,137.3342531,50.51324244,15.35346015,-52.52298022,6.5,3.0
2025-01-14 12:45:00,288.72848607611957,46.20539317,24.46873477,88.14734938,507.2463988538011,146.031779,0.185883398,146.031779,45.2605246,19.94854561,-56.36557741,6.5,3.0
2025-01-14 13:00:00,276.50069828986057,53.83537437,24.55599257,91.93049664,456.99869424637006,136.3248004,0.193300997,136.3248004,48.41854878,20.38952453,-53.06355334,6.5,3.0
2025-01-14 13:15:00,272.9584586893616,49.43960694,14.72413248,102.3206698,464.23260669056344,121.8704635,0.181840877,121.8704635,43.21192536,12.19493232,-45.23981606,6.5,3.0
2025-01-14 13:30:00,263.0037418318487,50.99197957,24.33582028,92.33794342,461.9340460090479,135.961661,0.187701598,135.961661,47.53034936,18.57205315,-52.06809439,6.5,3.0
2025-01-14 13:45:00,286.91710118892934,56.30375832,18.14280195,76.85869068,499.81465305401866,147.854179,0.184299502,147.854179,46.78681096,17.55679929,-55.77344319,6.5,3.0
2025-01-14 14:00:00,247.5304072587537,52.39624727,22.66490832,60.98619779,402.98762218392693,174.2440008,0.180579512,174.2440008,42.57943692,14.10842789,-61.86540886,6.5,3.0
2025-01-14 14:15:00,248.96293535477332,57.02596503,14.54633417,94.09189166,375.34390753382985,131.7783811,0.194332071,131.7783811,49.05932848,12.96349967,-49.05128221,6.5,3.0
2025-01-14 14:30:00,247.52658735099322,48.45539007,21.35028963,100.7131735,388.6729649285319,126.545417,0.195464334,126.545417,42.61210583,18.29134986,-48.80008467,6.5,3.0
2025-01-14 14:45:00,269.41007003547963,57.24097674,19.15043615,89.70572425,375.00550535371144,136.3961912,0.199030456,136.3961912,57.07787957,9.594830327,-49.77986145,6.5,3.0
2025-01-14 15:00:00,260.0930167537867,50.6310576,20.70349649,99.00098572,488.3220525458392,132.0369932,0.191618807,132.0369932,47.86094269,17.99825629,-51.38935669,6.5,3.0
2025-01-14 15:15:00,278.2384061955891,53.30334964,19.53548689,89.33229955,483.77545649789886,120.2875703,0.194460485,120.2875703,49.43794066,12.07868196,-45.52214951,6.5,3.0
2025-01-14 15:30:00,267.6417121730126,53.97431484,18.71332,96.55887892,501.6837408203626,137.8954459,0.210633493,137.8954459,48.8864336,11.54118417,-50.58935732,6.5,3.0
2025-01-14 15:45:00,284.6868648776117,53.22062009,21.60533487,87.193683,495.6287501358995,146.3231539,0.213515177,146.3231539,51.69826523,20.38082933,-56.85534785,6.5,3.0
2025-01-14 16:00:00,377.27366889254796,57.49770298,19.41187691,91.12598149,383.05941355579273,140.924705,0.23074052,140.924705,50.67273385,12.90886511,-52.08273843,6.5,3.0
2025-01-14 16:15:00,368.7767083757634,54.52989048,16.33301385,83.27033818,376.3335171845013,148.4420303,0.221122775,148.4420303,53.5561339,12.14550825,-54.31888534,6.5,3.0
2025-01-14 16:30:00,373.40192071093315,43.38246171,14.59417446,96.11539359,395.3924686474455,134.9403739,0.232478274,134.9403739,37.87580361,9.959265378,-47.86274925,6.5,3.0
2025-01-14 16:45:00,348.6977020207555,52.52172022,23.67525049,95.8985274,429.20460061226026,124.4563635,0.216242057,124.4563635,43.53514642,15.06166843,-47.50829269,6.5,3.0
2025-01-14 17:00:00,487.9742489810245,46.32153065,21.97449805,95.97319232,233.0081033693466,143.0426016,0.209723528,143.0426016,45.50121133,20.08221755,-54.99228887,9.0,3.0
2025-01-14 17:15:00,459.52262507615785,54.08452646,17.20446235,86.88529999,219.24531193835762,140.7964536,0.213267962,140.7964536,46.63747762,16.39288944,-52.97570558,9.0,3.0
2025-01-14 17:30:00,459.0548353997446,48.35197383,25.43645387,91.79570624,227.01856404933343,146.849784,0.214885813,146.849784,41.35324662,15.06254152,-53.9470653,9.0,3.0
2025-01-14 17:45:00,501.61829054307304,51.47005645,25.11414207,70.05491858,218.51802064296226,172.4786123,0.213414373,172.4786123,51.12677232,23.19081992,-66.00545061,9.0,3.0
2025-01-14 18:00:00,463.857293611521,50.41921521,20.95570098,90.59800231,0.0,127.3768291,0.216480872,127.3768291,41.48792173,14.65804512,-47.8340107,9.0,3.0
2025-01-14 18:15:00,453.4372904830551,57.47270863,26.14294093,87.93517729,0.0,148.0404482,0.216621861,148.0404482,49.4026964,20.31165319,-56.98121422,9.0,3.0
2025-01-14 18:30:00,467.99057470474133,51.92292029,18.13564173,93.74721567,0.0,137.3941002,0.21109583,137.3941002,42.08748786,15.57937859,-51.37761931,9.0,3.0
2025-01-14 18:45:00,461.7348412006827,49.01650481,15.22837621,99.14102781,0.0,131.9057899,0.219983687,131.9057899,48.88092143,14.82800952,-50.70905313,9.0,3.0
2025-01-14 19:00:00,488.1913912573878,47.26720637,17.77536823,91.26306189,0.0,125.8714999,0.221811699,125.8714999,45.57117284,10.22946946,-45.95910695,9.0,3.0
2025-01-14 19:15:00,486.5239293562725,54.7715001,21.7143601,95.21927735,0.0,132.9001311,0.233972469,132.9001311,45.86411688,20.31681597,-52.36690661,9.0,3.0
2025-01-14 19:30:00,483.3948491022433,56.05619731,22.97344627,97.09518014,0.0,137.5770514,0.240224807,137.5770514,44.88676776,11.63766345,-50.32597897,9.0,3.0
2025-01-14 19:45:00,447.7998302840965,46.27185454,27.98730532,88.45975488,0.0,152.3757135,0.247893232,152.3757135,40.84041429,18.92055517,-56.86828069,9.0,3.0
2025-01-14 20:00:00,497.052419399489,55.2921173,16.55315877,71.34576226,0.0,150.0840017,0.236607663,150.0840017,49.63353598,8.552409435,-52.97173528,9.0,3.0
2025-01-14 20:15:00,472.05476689589796,44.25100627,16.82449643,89.84820844,0.0,146.3979924,0.232814192,146.3979924,38.49575214,12.70532868,-53.15716508,9.0,3.0
2025-01-14 20:30:00,498.5178995215526,54.40549122,18.41838939,92.82129218,0.0,128.9670624,0.223590936,128.9670624,45.67797515,13.46536555,-48.11104418,9.0,3.0
2025-01-14 20:45:00,480.8349141830604,50.97816688,24.39748709,86.6083955,0.0,137.8868805,0.209291193,137.8868805,47.25692849,20.58109024,-53.73849249,9.0,3.0
2025-01-14 21:00:00,297.0442315612108,44.96221901,28.5887486,85.41612863,0.0,151.3577144,0.212517333,151.3577144,42.19108807,24.98774951,-58.54930445,9.0,3.0
2025-01-14 21:15:00,296.08284371921695,52.43828934,24.68709029,83.29968972,0.0,142.370996,0.207691767,142.370996,49.87607481,21.29873848,-54.77607635,9.0,3.0
2025-01-14 21:30:00,288.02568746541886,48.73593854,18.77781314,105.4717982,0.0,104.8165215,0.195476073,104.8165215,43.37755908,11.79232284,-40.40393084,9.0,3.0
2025-01-14 21:45:00,296.0672372541534,51.71818096,28.54023556,96.89027048,0.0,144.715104,0.191453531,144.715104,48.28625441,22.13486007,-55.66922635,9.0,3.0
2025-01-14 22:00:00,286.30967839791515,48.80830186,14.55492545,72.43320353,0.0,147.4588997,0.204900156,147.4588997,46.20552324,13.63678646,-53.89580369,6.5,3.0
2025-01-14 22:15:00,298.101363045204,49.24972255,25.31489223,82.04054183,0.0,132.4819479,0.203528681,132.4819479,41.06310915,22.66847629,-51.96561157,6.5,3.0
2025-01-14 22:30:00,285.79952606401025,51.53385345,15.63747219,90.24992058,0.0,127.5734442,0.199271419,127.5734442,50.0471511,14.78024536,-48.77532475,6.5,3.0
2025-01-14 22:45:00,325.81943249287065,47.21315063,24.27697468,105.0716289,0.0,129.6093856,0.21070551,129.6093856,43.95392762,14.88671125,-49.18966518,6.5,3.0
2025-01-14 23:00:00,271.9509752169401,52.40512131,26.18833338,84.90264512,0.0,126.2919211,0.211233696,126.2919211,50.16477118,26.08886228,-51.96021954,6.5,3.0
2025-01-14 23:15:00,264.67578565928847,56.08486259,25.47364814,92.6258755,0.0,127.1438701,0.21278322,127.1438701,51.33355707,24.76186779,-51.39311238,6.5,3.0
2025-01-14 23:30:00,265.1260017836594,50.29359944,14.77013896,107.6744349,0.0,125.5728511,0.216969081,125.5728511,48.99788964,7.640530553,-45.29801786,6.5,3.0
2025-01-14 23:45:00,288.057237340112,47.24831851,22.34448584,108.3763305,0.0,126.5294733,0.217738439,126.5294733,45.28342653,15.62479044,-48.21793258,6.5,3.0
2025-01-15 00:00:00,280.57336434695384,43.78345167,23.61581163,86.20370548,0.0,130.096211,0.219940654,130.096211,42.06624198,16.38376742,-48.9756326,6.5,3.0
2025-01-15 00:15:00,274.5331867808918,49.13638627,23.37012093,94.53096843,0.0,134.5985886,0.224245122,134.5985886,39.43034705,21.56143866,-51.91792794,6.5,3.0
2025-01-15 00:30:00,275.63732529992274,50.16023353,20.51388677,104.4299199,0.0,119.2482475,0.231600721,119.2482475,42.88472594,19.70785823,-46.98639509,6.5,3.0
2025-01-15 00:45:00,241.66612357223164,54.50472163,27.73223331,68.99396187,0.0,159.1329696,0.230062164,159.1329696,44.31758307,14.9183763,-57.29093785,6.5,3.0
2025-01-15 01:00:00,272.0504305849578,52.79492637,16.50226155,87.34369392,0.0,132.5938709,0.245534566,132.5938709,52.37461815,15.89798049,-51.14006682,6.5,3.0
2025-01-15 01:15:00,278.3635248177467,51.70321048,28.35669092,94.6224577,0.0,144.1931279,0.239478747,144.1931279,48.19054763,27.55517604,-58.89031665,6.5,3.0
2025-01-15 01:30:00,268.8089768898494,49.30102252,14.67275549,90.22457986,0.0,128.5766872,0.242303496,128.5766872,45.48622372,8.946478982,-46.54718221,6.5,3.0
2025-01-15 01:45:00,277.5270677074461,47.20596079,25.98840758,103.2107112,0.0,125.314919,0.234819918,125.314919,42.25379313,14.88053699,-46.91592669,6.5,3.0
2025-01-15 02:00:00,254.49391877337402,55.11891556,19.01996415,94.91817534,0.0,130.9130019,0.228222451,130.9130019,48.50063773,17.87630094,-51.13878414,6.5,3.0
2025-01-15 02:15:00,262.66398290263595,51.84639589,20.69248491,89.27046565,0.0,135.7840963,0.236704829,135.7840963,47.10030318,20.54624679,-53.52852456,6.5,3.0
2025-01-15 02:30:00,254.54406640197672,50.0341414,15.45654047,94.0216767,0.0,123.7861516,0.247197587,123.7861516,46.81330052,10.38492519,-45.76055615,6.5,3.0
2025-01-15 02:45:00,274.9280319220135,43.9071727,14.55186385,98.10863322,0.0,130.8776987,0.241179314,130.8776987,40.8883326,10.90247998,-47.42859375,6.5,3.0
2025-01-15 03:00:00,330.4097145205411,47.03994188,15.08869628,115.5806523,0.0,120.7053354,0.222654639,120.7053354,38.1141412,10.72045489,-43.65163102,6.5,3.0
2025-01-15 03:15:00,328.53138780491224,55.64084946,16.69366146,81.41494314,0.0,140.5212496,0.215996414,140.5212496,49.8664494,14.59731979,-52.03432957,6.5,3.0
2025-01-15 03:30:00,307.6930144419677,48.99871781,16.54188535,107.8096858,0.0,103.7735843,0.212777711,103.7735843,45.39631004,8.605631299,-39.11894017,6.5,3.0
2025-01-15 03:45:00,295.65588323257884,55.39351823,24.71669177,102.7371025,0.0,119.3278405,0.217030385,119.3278405,45.1861074,19.08732807,-47.20382716,6.5,3.0
2025-01-15 04:00:00,264.1330437483693,52.77004705,22.87269456,96.81143077,0.0,128.2706386,0.217541161,128.2706386,50.22260827,19.71314199,-49.98631601,6.5,3.0
2025-01-15 04:15:00,259.05211292617236,48.88228718,18.90307535,92.76984809,0.0,138.9811377,0.22078777,138.9811377,42.48458938,18.07293366,-52.69834716,6.5,3.0
2025-01-15 04:30:00,281.5390824296013,54.74262899,21.4360814,89.57581852,0.0,142.6547459,0.247020266,142.6547459,46.02197454,20.30656703,-55.27140009,6.5,3.0
2025-01-15 04:45:00,280.2457608958571,55.22478997,15.48232548,107.9111337,0.0,112.3202984,0.243862791,112.3202984,52.94858169,9.543183899,-42.1697444,6.5,3.0
2025-01-15 05:00:00,279.64667633975387,47.12723909,24.23493621,86.70936476,0.0,139.2179436,0.239765096,139.2179436,45.45463474,17.98701689,-53.16265116,6.5,3.0
2025-01-15 05:15:00,282.2442151514373,45.48760065,26.43019662,91.43083324,0.0,124.7259789,0.239043404,124.7259789,39.05646338,13.74905962,-46.33286134,6.5,3.0
2025-01-15 05:30:00,286.1470442871986,51.26407144,21.15335294,101.1835722,0.0,119.17896,0.243927858,119.17896,47.04171941,16.89399474,-46.80807531,6.5,3.0
2025-01-15 05:45:00,320.4120642216103,43.41643723,16.70560281,103.0473013,0.0,116.3992657,0.234518069,116.3992657,42.35537715,12.06567129,-44.00095346,6.5,3.0
2025-01-15 06:00:00,479.55465934646986,52.37808152,18.01098671,89.75946554,0.0,130.2302136,0.244850941,130.2302136,51.52611959,11.02249983,-48.14448497,6.5,3.0
2025-01-15 06:15:00,451.4870345419012,50.86465775,17.7590565,102.5150627,0.0,113.0374078,0.256592736,113.0374078,45.32425115,10.12847851,-42.11345735,6.5,3.0
2025-01-15 06:30:00,465.4981361093181,43.20727807,23.75676531,93.53124401,0.0,122.9822336,0.26617036,122.9822336,34.62162811,18.17370821,-46.86354284,6.5,3.0
2025-01-15 06:45:00,499.45017000231087,48.30639464,19.91764999,93.16312504,0.0,127.9274222,0.268224179,127.9274222,46.4766117,14.48873055,-47.97281637,6.5,3.0
2025-01-15 07:00:00,436.76937690753937,41.32402306,14.17706019,78.41134338,210.48114724459074,138.8376225,0.272338399,138.8376225,38.79703868,11.68415115,-49.9922815,6.5,3.0
2025-01-15 07:15:00,433.8050262184889,44.69958847,20.4550795,98.14775794,204.0249324387315,124.772548,0.265133867,124.772548,38.22785885,16.2655172,-46.94729678,6.5,3.0
2025-01-15 07:30:00,420.6601230321232,44.82439281,25.37289836,113.0261034,215.6350875955852,95.94175709,0.275732651,95.94175709,39.23193185,17.27416537,-39.54168076,6.5,3.0
2025-01-15 07:45:00,446.89547384184857,50.33324296,15.85968499,108.8793318,226.86883272109253,111.2464839,0.27864549,111.2464839,50.29488854,14.07879311,-43.53252252,6.5,3.0
2025-01-15 08:00:00,487.74446569102287,42.92391987,26.55351097,91.9459326,415.7340324658519,122.8470345,0.276799566,122.8470345,42.50231918,26.01439264,-50.57045665,6.5,3.0
2025-01-15 08:15:00,479.3432142994634,43.44764198,17.44527089,91.30562072,406.8914171349112,124.9543349,0.278901789,124.9543349,35.88036233,14.48049762,-46.11109843,6.5,3.0
2025-01-15 08:30:00,464.7833633602141,51.27024006,18.61690152,94.82229216,415.2195019536581,109.3723303,0.27531485,109.3723303,47.68462869,14.82622613,-43.04602528,6.5,3.0
2025-01-15 08:45:00,475.4489566492996,55.23939359,21.71500637,112.6520005,358.0150484455787,105.819726,0.261301385,105.819726,54.69557316,11.30782352,-41.38922561,6.5,3.0
2025-01-15 09:00:00,349.6273747738126,47.33099319,25.42204891,91.46050262,450.2662324888694,130.1961813,0.257515093,130.1961813,39.96672151,22.27239552,-50.32137589,6.5,3.0
2025-01-15 09:15:00,339.1938583795042,46.50925053,17.91525819,91.60484612,481.2287634206616,127.6993779,0.259393208,127.6993779,45.44588589,13.46017662,-47.62003521,6.5,3.0
2025-01-15 09:30:00,335.1008355948413,47.80133361,21.18024199,88.62864155,455.43685874539085,125.1906795,0.280903618,125.1906795,46.00422661,18.7548325,-49.18800166,6.5,3.0
2025-01-15 09:45:00,350.1479312518418,56.82734617,17.21506957,109.787081,458.9181453450781,117.922557,0.291775224,117.922557,52.42257381,10.18741885,-43.93743063,6.5,3.0
2025-01-15 10:00:00,372.7693637392097,45.93340645,20.91328045,89.24484612,608.3341715306495,131.6725917,0.281679629,131.6725917,42.41873799,16.3552652,-49.26983477,6.5,3.0
2025-01-15 10:15:00,372.92156181722925,48.25320256,15.38270366,92.89003029,596.9641246560134,121.9686248,0.273549665,121.9686248,45.80281699,10.3340755,-45.06306633,6.5,3.0
2025-01-15 10:30:00,374.0315401096492,55.1854114,17.38770732,111.6884711,594.4951076917822,107.4415403,0.286642419,107.4415403,49.16470303,12.0092986,-41.49198575,6.5,3.0
2025-01-15 10:45:00,441.4475343339118,47.42323937,24.24456969,99.11381415,606.9965961215548,118.6943639,0.289916933,118.6943639,38.85724207,18.26341502,-45.8729271,6.5,3.0
2025-01-15 11:00:00,259.7387708609846,45.26028139,26.71680608,88.44986298,462.3570989397818,126.2039658,0.314825141,126.2039658,36.62352908,19.21259992,-48.07617493,6.5,3.0
2025-01-15 11:15:00,270.41190710584425,47.95871638,22.99334599,111.1477312,451.94725743649366,108.6135082,0.293195316,108.6135082,45.74598857,22.84254825,-46.46026847,6.5,3.0
2025-01-15 11:30:00,264.5922325206886,46.35083506,14.96591419,124.7630344,440.27965948856956,96.88498,0.278709263,96.88498,39.31728171,13.31309717,-37.45908599,6.5,3.0
2025-01-15 11:45:00,291.8470895124824,44.66081623,18.77790526,84.84427373,438.5159841351549,136.2361435,0.287678058,136.2361435,40.74138995,14.71706815,-49.82812461,6.5,3.0
2025-01-15 12:00:00,263.3598502877297,44.02430657,15.82678146,92.15695313,436.84893510078876,131.5088812,0.278153534,131.5088812,37.78662791,13.73247145,-48.57478594,6.5,3.0
2025-01-15 12:15:00,253.7307799605997,56.93879239,16.77501944,101.0917106,467.86115368220305,119.5849827,0.274086443,119.5849827,54.36137316,10.62835965,-45.36107377,6.5,3.0
2025-01-15 12:30:00,251.6442390884502,54.67355123,22.08177959,95.97902477,442.56998189815835,125.9154872,0.274586171,125.9154872,51.82934905,20.42143478,-49.68833976,6.5,3.0
2025-01-15 12:45:00,251.86513066322038,49.65414713,20.95596654,79.0927315,475.4799293188498,131.82394,0.285920591,131.82394,46.06984285,19.34623471,-51.59503919,6.5,3.0
2025-01-15 13:00:00,256.2534523737181,52.50211244,24.4141617,95.62132614,527.4213167725665,127.3782614,0.289396443,127.3782614,52.17111644,22.22643157,-51.67798504,6.5,3.0
2025-01-15 13:15:00,244.3254319721028,51.99293818,24.70168443,93.99857406,553.0089045711626,129.7833894,0.298653879,129.7833894,44.82008267,15.34537302,-49.01614807,6.5,3.0
2025-01-15 13:30:00,251.2837100638399,56.25025932,27.85302532,88.91973285,533.4497644688279,129.729208,0.294608966,129.729208,51.506888,19.41950181,-50.89924087,6.5,3.0
2025-01-15 13:45:00,261.2474055903392,54.05061911,26.21395744,115.0762346,511.0000141874432,112.08836,0.302504807,112.08836,53.12060049,22.8528129,-48.09904565,6.5,3.0
2025-01-15 14:00:00,275.56599443023447,48.56675415,21.4254703,87.73628828,432.6323420230264,144.9114335,0.305839574,144.9114335,40.05906452,20.99969411,-54.85690355,6.5,3.0
2025-01-15 14:15:00,257.42568743379155,47.12834455,15.8382044,93.72199817,429.6208579974635,124.8899514,0.32561717,124.8899514,42.84175185,11.9415663,-46.0207918,6.5,3.0
2025-01-15 14:30:00,268.53446623176825,44.75111743,23.98951379,93.31413987,448.0640435840361,130.309564,0.325381268,130.309564,41.89253349,17.52891317,-49.65349967,6.5,3.0
2025-01-15 14:45:00,260.9838519042057,55.20759065,21.09806447,114.0699207,457.4427563954739,103.2053547,0.320148533,103.2053547,54.2754859,11.49701062,-40.82831727,6.5,3.0
2025-01-15 15:00:00,263.83013457500414,55.4754168,26.1121734,96.77324962,412.57224794899145,123.4496094,0.308969711,123.4496094,51.12671518,17.09981352,-48.2740282,6.5,3.0
2025-01-15 15:15:00,277.55283055502014,40.98185652,16.91855395,99.21746568,399.67952097185116,106.9796152,0.313834983,106.9796152,34.24985428,12.23596063,-39.78508811,6.5,3.0
2025-01-15 15:30:00,274.2902914242145,44.97972869,23.35934616,111.9693565,430.51206760106,103.6414226,0.318525179,103.6414226,41.04898769,13.96868631,-39.71440028,6.5,3.0
2025-01-15 15:45:00,261.22674344576126,45.49054113,25.39534141,108.0128068,416.5361634780975,113.9297977,0.307133678,113.9297977,44.42293085,18.11310119,-45.11835866,6.5,3.0
2025-01-15 16:00:00,349.69255864664376,48.77796957,23.03146248,79.46097694,363.7511087300132,149.680331,0.294472813,149.680331,42.12577016,12.59902732,-53.71552264,6.5,3.0
2025-01-15 16:15:00,335.63750468594236,43.28335347,23.89231065,82.20813838,356.6340241951918,147.1675834,0.301241682,147.1675834,38.32575323,16.07252055,-52.88691517,6.5,3.0
2025-01-15 16:30:00,344.1729879211697,51.92423148,18.68940891,92.70948334,372.3402737440147,128.1437013,0.289273424,128.1437013,47.89407043,9.972332486,-47.0764125,6.5,3.0
2025-01-15 16:45:00,353.30694874624396,42.04235961,25.25530079,93.94445388,371.9845933307804,117.9385876,0.303381953,117.9385876,36.78473331,20.08120609,-45.79563814,6.5,3.0
2025-01-15 17:00:00,455.651085318425,55.74678323,22.83853023,101.5978828,129.61785638368465,123.3504612,0.320204435,123.3504612,48.63443338,16.09872119,-47.55040837,9.0,3.0
2025-01-15 17:15:00,468.8160554693252,40.4920823,15.12752756,103.0707401,122.16940154359273,115.8916125,0.326090534,115.8916125,36.05899778,10.25273578,-41.95168717,9.0,3.0
2025-01-15 17:30:00,472.73702246423335,44.95608643,23.2301587,64.30572285,132.61992741163286,158.5396077,0.317016319,158.5396077,44.81597155,19.79180955,-59.34368185,9.0,3.0
2025-01-15 17:45:00,486.11583674801636,53.31520328,15.66721216,87.02476008,125.29281466108972,132.5144418,0.315521,132.5144418,50.71599681,12.65547559,-49.11563731,9.0,3.0
2025-01-15 18:00:00,480.2795676369307,52.29847057,25.06761785,105.8662415,0.0,110.7532499,0.32418385,110.7532499,42.43055495,13.34165211,-42.2855231,9.0,3.0
2025-01-15 18:15:00,484.34299488846733,44.51677984,19.57621556,93.85491475,0.0,122.0724724,0.325721084,122.0724724,42.8158475,18.37326344,-47.63915595,9.0,3.0
2025-01-15 18:30:00,470.5794455124033,52.41209462,20.57977484,100.6061988,0.0,116.8294437,0.330208635,116.8294437,48.35279808,12.63112118,-44.14972884,9.0,3.0
2025-01-15 18:45:00,537.3479919621986,53.33262522,16.74829998,81.92061827,0.0,138.319975,0.330712233,138.319975,52.1090587,9.379623494,-49.97627561,9.0,3.0
2025-01-15 19:00:00,488.7431818009658,44.88125489,26.48825828,97.19359141,0.0,109.5120848,0.326566975,109.5120848,36.90256517,21.71132446,-44.17428172,9.0,3.0
2025-01-15 19:15:00,466.9401593827426,44.09107881,24.21510065,100.7862241,0.0,120.6701098,0.324081245,120.6701098,38.31363204,14.64382986,-44.67872337,9.0,3.0
2025-01-15 19:30:00,492.98658127352525,48.07967895,21.34187364,101.0625199,0.0,121.3370564,0.305047055,121.3370564,43.80722251,19.29335001,-47.05757917,9.0,3.0
2025-01-15 19:45:00,449.2300775427666,44.17805984,25.04112734,102.8263188,0.0,113.8851391,0.307201518,113.8851391,42.51834444,24.24143378,-47.48749591,9.0,3.0
2025-01-15 20:00:00,475.51930965528004,49.55306946,21.97458599,105.5538052,0.0,112.1712633,0.317258129,112.1712633,43.40860722,14.7877699,-43.16006017,9.0,3.0
2025-01-15 20:15:00,462.12793498973286,44.42922489,16.67173543,99.6754925,0.0,114.1927087,0.318979962,114.1927087,36.14789999,16.35985432,-44.22285798,9.0,3.0
2025-01-15 20:30:00,463.4466413763358,45.05165211,25.18882494,77.47330606,0.0,150.2048971,0.330450528,150.2048971,42.39342673,19.46319451,-56.17059265,9.0,3.0
2025-01-15 20:45:00,465.5261139786512,53.49040013,20.72948963,87.37831706,0.0,132.8667325,0.33623041,132.8667325,52.37049091,12.08499098,-49.03721198,9.0,3.0
2025-01-15 21:00:00,292.74420913604945,48.84330096,25.97209412,82.4696162,0.0,138.788797,0.342590565,138.788797,41.3709021,16.50903112,-51.52708958,9.0,3.0
2025-01-15 21:15:00,291.6894762591068,51.49431097,15.9418973,96.14442485,0.0,117.9485514,0.338774596,117.9485514,49.54929719,13.72404554,-45.39136347,9.0,3.0
2025-01-15 21:30:00,281.3302225539986,49.51202669,24.37349005,89.94920192,0.0,126.3109278,0.344082249,126.3109278,39.88971325,12.28687058,-46.48874515,9.0,3.0
2025-01-15 21:45:00,263.63609205084515,54.24145778,19.67127205,105.8658268,0.0,114.4034873,0.360623347,114.4034873,51.23057089,11.99770706,-43.19776761,9.0,3.0
2025-01-15 22:00:00,308.4981055070716,43.74123393,16.09543175,103.5735669,0.0,140.7906514,0.348562427,140.7906514,42.82955486,10.97831111,-50.38099696,6.5,3.0
2025-01-15 22:15:00,319.02639492082113,50.64907523,24.36068683,109.1528766,0.0,112.8669058,0.342818987,112.8669058,44.72095832,24.16692884,-46.88823676,6.5,3.0
2025-01-15 22:30:00,300.2782805930814,53.99853093,20.38921262,90.35742001,0.0,121.6975332,0.346523575,121.6975332,45.88278286,15.34177462,-45.85338349,6.5,3.0
2025-01-15 22:45:00,306.367218979026,49.1988403,15.71241012,109.3300016,0.0,121.7184361,0.342374042,121.7184361,46.54331203,10.76502236,-44.73625806,6.5,3.0
2025-01-15 23:00:00,298.6162650214878,49.28193067,27.73070286,85.2025789,0.0,133.2602804,0.351325,133.2602804,45.87168473,22.08516113,-52.05483397,6.5,3.0
2025-01-15 23:15:00,308.069566965116,46.80988419,14.38799384,91.59993954,0.0,126.4945496,0.356640151,126.4945496,39.74112375,13.60551832,-46.90494426,6.5,3.0
2025-01-15 23:30:00,297.84115569129074,49.94863668,20.56209181,98.42941242,0.0,125.4741976,0.340906225,125.4741976,45.05230209,18.92840933,-49.54228747,6.5,3.0
2025-01-15 23:45:00,347.83301232210545,53.34715372,23.99349423,89.47016698,0.0,135.0661671,0.345639299,135.0661671,42.74455027,17.46474634,-51.16435901,6.5,3.0
2025-01-16 00:00:00,258.69690422040554,48.05863396,19.17309414,79.15619266,0.0,132.3542673,0.363485469,132.3542673,38.68735579,11.63132743,-47.34196713,6.5,3.0
2025-01-16 00:15:00,273.38980977750685,55.57114203,26.53683338,86.60655198,0.0,134.2210457,0.357994834,134.2210457,49.60721472,19.07528679,-52.10691042,6.5,3.0
2025-01-16 00:30:00,278.76011895741993,48.33631513,17.11365704,107.6314988,0.0,101.7082713,0.376889065,101.7082713,46.92112799,10.59231602,-38.83382383,6.5,3.0
2025-01-16 00:45:00,267.25316704466763,49.8314212,23.73693167,100.5364761,0.0,115.6286929,0.3784503,115.6286929,42.47849412,20.42038531,-45.60395595,6.5,3.0
2025-01-16 01:00:00,266.9848020027289,42.8798301,22.5970372,109.5905445,0.0,111.5928391,0.371254114,111.5928391,37.52666354,20.59468142,-44.16489355,6.5,3.0
2025-01-16 01:15:00,261.13583764889444,53.29442164,23.362551,109.9260816,0.0,96.48412323,0.359204836,96.48412323,46.99715843,16.41234473,-39.55845026,6.5,3.0
2025-01-16 01:30:00,285.4765410527698,50.62536646,16.55077734,110.4018348,0.0,115.5203461,0.358324711,115.5203461,43.80063819,10.22096027,-42.52123965,6.5,3.0
2025-01-16 01:45:00,283.15281929560683,46.27910702,26.4671337,92.25622888,0.0,117.6289746,0.372885767,117.6289746,46.24586034,21.52275707,-47.4365386,6.5,3.0
2025-01-16 02:00:00,258.47184329741214,46.29772083,25.31294895,99.63454111,0.0,112.2977229,0.387224204,112.2977229,41.85657032,23.44895242,-46.01539291,6.5,3.0
2025-01-16 02:15:00,256.1302919105051,52.84595014,21.72558213,96.14619763,0.0,119.5619292,0.385352102,119.5619292,49.58737524,12.13148991,-45.1876458,6.5,3.0
2025-01-16 02:30:00,279.18780932263127,51.97055783,16.36424442,104.1401802,0.0,101.4680218,0.395958151,101.4680218,51.17801668,13.47244092,-40.3712934,6.5,3.0
2025-01-16 02:45:00,278.9500554694516,45.11372611,23.56747967,102.5917808,0.0,122.9232986,0.37870368,122.9232986,43.6565009,16.06088827,-46.9204021,6.5,3.0
2025-01-16 03:00:00,292.55806316563354,52.54759454,18.29251533,96.22772473,0.0,113.4988768,0.379617836,113.4988768,45.80179637,13.2975457,-42.79365634,6.5,3.0
2025-01-16 03:15:00,292.7728596796119,46.54548061,25.5960255,101.7835245,0.0,99.70574381,0.39077581,99.70574381,44.6578271,20.4032197,-41.60949383,6.5,3.0
2025-01-16 03:30:00,282.575975537609,46.65446106,15.60317189,82.72725695,0.0,123.9699267,0.398589112,123.9699267,42.83529439,9.406261007,-44.69464415,6.5,3.0
2025-01-16 03:45:00,276.05310161714567,49.46191125,22.7313611,102.7128527,0.0,103.8692472,0.415399649,103.8692472,47.28519459,11.85074132,-40.05145137,6.5,3.0
2025-01-16 04:00:00,309.31574140777616,41.98026331,22.46643124,98.62820219,0.0,121.9172419,0.43103333,121.9172419,36.55118535,20.16407595,-47.03890246,6.5,3.0
2025-01-16 04:15:00,287.69503481986305,48.70571926,16.82606716,80.70829503,0.0,128.7279809,0.447922403,128.7279809,41.13611009,13.21996842,-47.13944676,6.5,3.0
2025-01-16 04:30:00,299.08411131531034,47.85278139,15.88352933,97.53562253,0.0,126.8280157,0.443479373,126.8280157,44.71298958,9.864798154,-46.07850294,6.5,3.0
2025-01-16 04:45:00,308.88511245705047,52.88724954,16.54894122,90.41832219,0.0,122.7526979,0.457360963,122.7526979,46.34636171,10.37488752,-45.0941451,6.5,3.0
2025-01-16 05:00:00,260.72104730708367,48.46673255,17.59729314,100.6018829,0.0,111.2405356,0.452017691,111.2405356,47.58415107,13.89389574,-43.02097155,6.5,3.0
2025-01-16 05:15:00,270.089753205286,53.08054126,19.89645047,98.69385796,0.0,109.9842755,0.446875419,109.9842755,47.62317266,14.71872321,-42.82085987,6.5,3.0
2025-01-16 05:30:00,254.15451687517864,40.8964097,23.36186894,97.01230315,0.0,106.0393704,0.45639112,106.0393704,38.04906192,14.36126128,-40.91660721,6.5,3.0
2025-01-16 05:45:00,283.5146826124517,41.24085136,26.16318713,108.0060713,0.0,105.3337806,0.44846628,105.3337806,34.84618337,26.13933326,-44.25522543,6.5,3.0
2025-01-16 06:00:00,401.44423459859416,39.72778765,24.32832006,100.2200899,0.0,109.1949981,0.430818627,109.1949981,34.08215362,15.94014356,-41.74831586,6.5,3.0
2025-01-16 06:15:00,435.046961430942,52.57676266,16.57103597,93.39865671,0.0,122.9150689,0.44598794,122.9150689,45.59757714,10.9708646,-45.27581186,6.5,3.0
2025-01-16 06:30:00,428.0868254535355,48.44001852,24.93813405,120.656039,0.0,96.01083556,0.438107143,96.01083556,41.31074866,20.12159457,-39.48590391,6.5,3.0
2025-01-16 06:45:00,400.7919785169281,42.79054679,19.3353431,88.03361019,0.0,118.55358,0.430135578,118.55358,35.93767089,10.93309884,-43.35539481,6.5,3.0
2025-01-16 07:00:00,442.0459798138728,44.03331572,17.48477043,110.1611984,195.21840143571293,102.3978772,0.436073864,102.3978772,41.66923241,11.80675366,-38.83622222,6.5,3.0
2025-01-16 07:15:00,431.4387248731789,43.15291417,25.59349746,101.8506809,196.04403795220205,115.5848722,0.433656149,115.5848722,37.26748907,15.86872697,-44.31039962,6.5,3.0
2025-01-16 07:30:00,426.50489592961554,44.26701672,17.93774995,91.66863949,187.9982147995872,114.8446812,0.433300477,114.8446812,38.47200048,16.7435139,-43.6761141,6.5,3.0
2025-01-16 07:45:00,430.3903993833328,49.02740554,19.78549656,109.2068355,181.6493458124978,97.40819456,0.433930828,97.40819456,39.36811353,12.92615839,-37.34150689,6.5,3.0
2025-01-16 08:00:00,379.877368160061,44.81586301,23.63632329,94.35147898,386.8553133960706,119.8513465,0.428317719,119.8513465,42.39206817,17.10166854,-45.9303316,6.5,3.0
2025-01-16 08:15:00,399.297963249405,52.61606408,18.18004602,97.30157112,391.11392269047093,111.579985,0.418633651,111.579985,44.63177484,15.10794748,-42.81447518,6.5,3.0
2025-01-16 08:30:00,378.3909364152245,40.62881845,20.19791938,93.04883008,403.5405576441255,115.444731,0.4053787,115.444731,32.60191719,14.24423101,-42.75713096,6.5,3.0
2025-01-16 08:45:00,366.12373217530967,53.5874766,14.02874695,112.3171383,417.5202062693329,101.3306461,0.404215943,101.3306461,46.6886974,9.4044771,-38.54196258,6.5,3.0
2025-01-16 09:00:00,330.39847576274036,41.889015,20.48847843,113.9955499,276.63353354020717,109.3343137,0.4194888,109.3343137,36.17036944,18.66004011,-43.02422634,6.5,3.0
2025-01-16 09:15:00,320.06603094951885,46.9471267,16.39046894,80.11687652,278.46447318202274,134.5040833,0.415094798,134.5040833,45.77988208,16.27057137,-50.18953079,6.5,3.0
2025-01-16 09:30:00,313.41872548167026,42.58804658,23.96519447,88.06302828,279.90728366514554,124.4211089,0.423335253,124.4211089,37.07761265,18.50472825,-46.77531038,6.5,3.0
2025-01-16 09:45:00,339.81676780607063,51.6621843,26.89618468,98.51503489,325.1947096126246,113.2753083,0.435562954,113.2753083,50.16720475,23.13135155,-47.09034363,6.5,3.0
2025-01-16 10:00:00,352.6181711085628,42.2898363,21.52914625,81.17156854,548.3035943899508,124.1714057,0.420461259,124.1714057,38.49596034,19.07259467,-47.6843309,6.5,3.0
2025-01-16 10:15:00,324.45179919627805,44.9748401,24.62798655,76.49545363,569.9074868261832,146.2533705,0.430320891,146.2533705,36.13211633,17.19657221,-53.65981051,6.5,3.0
2025-01-16 10:30:00,349.71031558734865,51.32470933,18.49988047,96.04576289,562.8697324729987,123.6517777,0.43281856,123.6517777,47.15935488,17.49143704,-47.80002301,6.5,3.0
2025-01-16 10:45:00,317.46971410781043,53.42641078,20.12258466,102.2711353,581.1291863108672,111.2103137,0.454347666,111.2103137,44.23065548,11.2241561,-41.29058384,6.5,3.0
2025-01-16 11:00:00,284.4159304331155,52.5166916,17.04987175,114.4340721,489.5303080670745,94.13329104,0.46141039,94.13329104,46.99677344,16.3266703,-38.88784716,6.5,3.0
2025-01-16 11:15:00,265.9250375390307,43.3141153,14.49675101,97.99555949,455.84808088551324,115.9586474,0.435842899,115.9586474,39.08103337,14.18113949,-43.25814256,6.5,3.0
2025-01-16 11:30:00,279.6039631340567,47.02088853,14.86089851,97.43264926,462.6864228673783,122.095364,0.424096892,122.095364,44.99284931,13.0262447,-45.74164431,6.5,3.0
2025-01-16 11:45:00,283.895068893797,50.56613955,25.39352049,113.0684191,482.08518818003404,93.9543592,0.422699412,93.9543592,50.28097175,16.97275317,-38.93549834,6.5,3.0
2025-01-16 12:00:00,242.95794597181907,40.29443441,18.93908585,97.27903146,424.31810363384636,113.4456276,0.42576484,113.4456276,34.26009703,9.974013143,-40.65527227,6.5,3.0
2025-01-16 12:15:00,257.64604141421523,42.31928813,14.40445346,87.7419237,443.4314864045848,129.7571254,0.421092314,129.7571254,41.79905221,13.57985305,-47.55012713,6.5,3.0
2025-01-16 12:30:00,251.78901697065206,40.96126354,20.01083093,97.54738617,439.628516268247,126.8191459,0.438279564,126.8191459,40.55982482,19.70403452,-49.12632126,6.5,3.0
2025-01-16 12:45:00,248.5569956433137,44.69750783,15.25877814,98.00260221,399.761893693322,109.1159506,0.430358275,109.1159506,36.68725161,11.00016123,-40.21553352,6.5,3.0
2025-01-16 13:00:00,262.7459524477344,43.2284186,19.78574549,90.99333783,527.234383234228,111.6226129,0.426482891,111.6226129,40.47342305,19.6062306,-44.15032647,6.5,3.0
2025-01-16 13:15:00,270.76162320846703,47.49450687,25.98948423,94.85817563,527.4531233149169,127.4318154,0.435631498,127.4318154,39.62192944,22.51636483,-50.19273778,6.5,3.0
2025-01-16 13:30:00,266.3257432801843,52.03253288,14.95309088,94.76802311,502.00083867668025,118.1378184,0.45460285,118.1378184,47.21153149,12.02320324,-44.3276817,6.5,3.0
2025-01-16 13:45:00,232.71668106361426,48.86408276,20.11183708,80.73286238,470.5616547741747,124.6294279,0.44489481,124.6294279,42.66232029,18.0671246,-46.95773024,6.5,3.0
2025-01-16 14:00:00,262.7199148571375,44.08897676,17.27517538,99.76471591,496.207746491025,119.2894613,0.431200937,119.2894613,36.32962545,15.17322227,-44.45925947,6.5,3.0
2025-01-16 14:15:00,260.1030479985195,42.77308376,20.64730321,104.3593955,500.17490407863284,121.7093646,0.451728677,121.7093646,35.7987651,10.47342347,-43.54818524,6.5,3.0
2025-01-16 14:30:00,271.6416817833004,47.5001033,23.80722707,107.199094,502.943997904535,106.1848743,0.484739934,106.1848743,43.62373758,12.83609935,-40.875764,6.5,3.0
2025-01-16 14:45:00,256.38535536104246,47.58950631,24.63560081,104.1767874,486.7033515258072,110.2012109,0.488358235,110.2012109,46.5568952,13.05548714,-42.35971335,6.5,3.0
2025-01-16 15:00:00,283.60493047093325,39.99062965,23.00123671,90.18704873,573.2210745570093,120.0824616,0.48137681,120.0824616,38.33838901,18.13958828,-45.82130076,6.5,3.0
2025-01-16 15:15:00,285.1413874521271,48.43560746,27.19148757,82.31126744,549.4300628903798,140.7812233,0.493823937,140.7812233,45.78524853,18.67081267,-52.57712667,6.5,3.0
2025-01-16 15:30:00,272.67937618667304,41.47557289,18.88270008,115.4198519,599.97191297932,93.6618297,0.48771899,93.6618297,40.58748643,12.02463299,-35.93876108,6.5,3.0
2025-01-16 15:45:00,279.25430589026666,46.47927278,17.81327893,100.2358689,573.3469495732909,111.8062002,0.481846242,111.8062002,43.18949612,13.94260863,-42.7676855,6.5,3.0
2025-01-16 16:00:00,411.3655074789227,49.75901448,20.6706833,106.7150885,412.0466594896082,108.7411866,0.479830666,108.7411866,42.26307728,17.87011218,-42.99485629,6.5,3.0
2025-01-16 16:15:00,398.18248025965215,43.84310179,15.59958211,85.58790211,386.38395177122277,111.8211613,0.494362225,111.8211613,37.87756682,9.373120563,-40.29849206,6.5,3.0
2025-01-16 16:30:00,402.32893458890874,48.89053857,20.64132974,101.9709641,380.5218338213644,125.4859637,0.511319272,125.4859637,41.76582515,11.91107536,-46.37442715,6.5,3.0
2025-01-16 16:45:00,413.3830776725165,48.17093997,17.19568581,95.6822113,420.7875549178045,108.650038,0.519100887,108.650038,44.79260255,15.33459139,-42.37406426,6.5,3.0
2025-01-16 17:00:00,463.2925582181012,49.39026553,21.24236721,106.1765973,195.94049584334738,106.4970307,0.527101301,106.4970307,46.37750021,19.80539321,-43.28121385,9.0,3.0
2025-01-16 17:15:00,469.2883634242656,47.27849154,14.15547263,98.30370768,197.5233034745918,100.9341269,0.530187361,100.9341269,46.36342126,11.34870206,-38.45420032,9.0,3.0
2025-01-16 17:30:00,461.0316045502335,45.85677126,20.45885538,103.4714991,199.34205674870236,97.0108467,0.531047024,97.0108467,37.66785891,11.98330351,-36.63587652,9.0,3.0
2025-01-16 17:45:00,526.5374738073997,44.50572526,24.03045318,104.3720223,216.43414393335843,103.9853673,0.525617566,103.9853673,43.4100875,16.20681165,-41.14254979,9.0,3.0
2025-01-16 18:00:00,483.831568309057,46.89576908,17.78641058,100.0378419,0.0,110.2349768,0.516269123,110.2349768,41.535957,14.8892741,-42.14030276,9.0,3.0
2025-01-16 18:15:00,488.01373171359796,40.42864228,18.03531709,101.4347312,0.0,114.4049143,0.511143092,114.4049143,32.90915469,11.18041937,-41.55919357,9.0,3.0
2025-01-16 18:30:00,447.4396002449171,43.35826406,14.54277854,94.10057968,0.0,118.1041171,0.518618019,118.1041171,40.75731005,11.66768171,-43.80503943,9.0,3.0
2025-01-16 18:45:00,444.2450997324279,49.87288246,24.10599405,91.22229411,0.0,127.8202433,0.519056403,127.8202433,49.05920188,16.59146571,-48.86880525,9.0,3.0
2025-01-16 19:00:00,483.0071773689063,42.26867425,16.21071516,90.05869688,0.0,118.1067088,0.511916889,118.1067088,36.94168026,12.3180031,-43.4643364,9.0,3.0
2025-01-16 19:15:00,450.1180846282761,46.58536831,21.4982396,105.3347781,0.0,113.4428319,0.520089632,113.4428319,37.5913513,11.08708083,-41.31852905,9.0,3.0
2025-01-16 19:30:00,488.0700541132165,50.67120372,15.45183641,115.7044039,0.0,96.15169428,0.518912923,96.15169428,44.24639188,7.920153886,-36.05662617,9.0,3.0
2025-01-16 19:45:00,448.1046838896011,48.49486883,14.7723419,91.21301957,0.0,127.9820487,0.515621796,127.9820487,42.36128507,7.909716479,-44.94427335,9.0,3.0
2025-01-16 20:00:00,439.88730622807884,51.48097807,22.70296054,110.6185401,0.0,98.2919652,0.510549305,98.2919652,45.74604836,20.77573072,-41.09924454,9.0,3.0
2025-01-16 20:15:00,457.5133219038185,41.42953745,15.63898759,90.87066002,0.0,114.5175215,0.51032637,114.5175215,36.89950552,13.74148323,-42.98126333,9.0,3.0
2025-01-16 20:30:00,457.1309968149347,49.37482637,18.33262341,87.25950945,0.0,115.283718,0.521016285,115.283718,41.27787792,9.956655285,-42.26363877,9.0,3.0
2025-01-16 20:45:00,449.278375053168,50.70726742,18.29155908,109.4893987,0.0,116.3204617,0.513919884,116.3204617,45.59180738,9.72589925,-42.92309785,9.0,3.0
2025-01-16 21:00:00,267.58434399000816,51.50422752,20.86982758,109.7565229,0.0,95.72917236,0.509229362,95.72917236,48.15019823,14.75365647,-38.55591467,9.0,3.0
2025-01-16 21:15:00,264.92614301990426,43.78686702,22.58483074,91.92647485,0.0,121.4409983,0.513644667,121.4409983,42.76047748,15.55064098,-46.32283326,9.0,3.0
2025-01-16 21:30:00,265.31699788288427,41.99573193,16.26698615,116.6223442,0.0,99.25657244,0.527365576,99.25657244,41.58733948,13.8552608,-38.36544331,9.0,3.0
2025-01-16 21:45:00,251.82251510720346,47.8723832,20.26369929,90.7442378,0.0,118.5013281,0.545671336,118.5013281,41.26515815,13.6102179,-44.18934637,9.0,3.0
2025-01-16 22:00:00,301.11244550130994,40.63291175,19.74841158,90.27855739,0.0,120.1936783,0.548298364,120.1936783,39.39610497,15.50066755,-44.93875318,6.5,3.0
2025-01-16 22:15:00,312.12747208525053,50.59863288,23.41760018,99.47151764,0.0,109.9198235,0.564562022,109.9198235,44.34456776,16.72510269,-42.98644055,6.5,3.0
2025-01-16 22:30:00,301.95341740735796,46.0755812,15.26806793,86.24695401,0.0,127.2508585,0.567623795,127.2508585,44.00813317,7.707853989,-45.00761755,6.5,3.0
2025-01-16 22:45:00,302.35666500608147,52.65155348,15.69362757,94.33925765,0.0,117.2092434,0.54492313,117.2092434,42.3541287,12.53049235,-43.76227978,6.5,3.0
2025-01-16 23:00:00,307.89349514805605,43.47934788,17.29308735,89.30001592,0.0,125.1566278,0.558189609,125.1566278,42.15077868,10.60817568,-45.28980591,6.5,3.0
2025-01-16 23:15:00,310.8164233180937,46.30520735,15.58018579,111.26103,0.0,95.3338942,0.563606299,95.3338942,37.51910939,12.84157303,-36.85495424,6.5,3.0
2025-01-16 23:30:00,313.0788326648959,50.08431793,15.94776182,100.889104,0.0,93.58049421,0.562638909,93.58049421,45.26083596,13.60533686,-36.96984094,6.5,3.0
2025-01-16 23:45:00,280.64124886895445,45.33276295,21.20169781,101.9802979,0.0,110.0626165,0.563913519,110.0626165,36.67423769,20.38524097,-43.38357922,6.5,3.0
2025-01-17 00:00:00,294.41800842493075,39.62163688,19.82435277,111.4567764,0.0,94.65214919,0.554593668,94.65214919,38.72085503,15.56150022,-37.19550677,6.5,3.0
2025-01-17 00:15:00,301.1243351824703,40.57669452,17.99291696,89.57331028,0.0,115.5104447,0.539648054,115.5104447,33.30679729,9.04981841,-41.06918418,6.5,3.0
2025-01-17 00:30:00,307.7419620389824,52.65524336,23.68971659,116.0194909,0.0,92.70921226,0.520103604,92.70921226,46.85987438,18.81301817,-38.51364348,6.5,3.0
2025-01-17 00:45:00,318.28569435361646,40.98873389,18.13346763,100.8265729,0.0,104.6836958,0.517837409,104.6836958,35.54482503,9.500991996,-37.92332294,6.5,3.0
2025-01-17 01:00:00,284.3965261267698,50.41051423,22.63763642,123.7635388,0.0,79.26596259,0.515095662,79.26596259,43.74757456,22.32139694,-34.98090925,6.5,3.0
2025-01-17 01:15:00,281.9231550265009,48.63595422,15.71293812,108.308822,0.0,104.9692942,0.51126953,104.9692942,41.20829838,12.33525584,-39.90420944,6.5,3.0
2025-01-17 01:30:00,264.3500004577617,49.68580043,18.98857892,89.79301707,0.0,121.0380478,0.514552067,121.0380478,45.14781373,15.08869896,-45.24937812,6.5,3.0
2025-01-17 01:45:00,264.4803183889676,52.85766677,25.51941795,107.0614187,0.0,111.4078454,0.5037123,111.4078454,44.38128054,22.02080268,-44.99659229,6.5,3.0
2025-01-17 02:00:00,307.1010796290235,45.18872534,16.68431351,82.80507409,0.0,130.0136253,0.516880339,130.0136253,37.46972655,12.30601948,-46.24691915,6.5,3.0
2025-01-17 02:15:00,329.14138845284003,40.75855923,24.80235237,107.1576961,0.0,109.1608761,0.511877102,109.1608761,32.76447124,16.56849656,-41.45478628,6.5,3.0
2025-01-17 02:30:00,329.9868739110456,41.60939282,14.87784848,78.24475078,0.0,126.2786812,0.505059398,126.2786812,34.08622463,10.29534457,-44.56975513,6.5,3.0
2025-01-17 02:45:00,300.7806580070908,46.20987008,18.05015962,103.9716784,0.0,112.7160217,0.495949733,112.7160217,43.92414885,15.20974182,-42.72080331,6.5,3.0
2025-01-17 03:00:00,296.5796925457736,50.16840373,18.90286064,105.2360957,0.0,109.9284537,0.496004069,109.9284537,43.98717785,12.53121329,-41.59660917,6.5,3.0
2025-01-17 03:15:00,286.3550935690816,47.63499485,24.28507541,92.73670001,0.0,103.7290315,0.492083574,103.7290315,40.96416499,14.53976494,-39.86846862,6.5,3.0
2025-01-17 03:30:00,293.6317636687421,50.79429563,17.26960105,89.34183499,0.0,116.424865,0.490133061,116.424865,40.93444157,14.3101608,-44.14341128,6.5,3.0
2025-01-17 03:45:00,301.58345021640287,41.72338569,24.29894649,107.3550019,0.0,105.1503313,0.485954167,105.1503313,36.68171253,21.7316595,-41.65972661,6.5,3.0
2025-01-17 04:00:00,253.65679844769687,45.32273585,25.06263125,123.5343581,0.0,80.87365077,0.486732875,80.87365077,44.20318518,16.3712127,-34.08408673,6.5,3.0
2025-01-17 04:15:00,260.86515573779957,44.20592318,22.37593309,115.8196632,0.0,81.75814012,0.493510928,81.75814012,38.74005862,21.63995991,-34.87709647,6.5,3.0
2025-01-17 04:30:00,250.35278664136476,44.43565927,18.41857408,97.38951154,0.0,119.7482629,0.517578575,119.7482629,39.24989481,10.54699378,-43.20300481,6.5,3.0
2025-01-17 04:45:00,272.93525917313866,41.54924143,23.90180317,94.39981994,0.0,104.5067397,0.524731743,104.5067397,39.68462966,23.10109943,-43.10880089,6.5,3.0
2025-01-17 05:00:00,248.04709285597508,50.37807832,24.57942589,96.30554609,0.0,114.8916826,0.522423327,114.8916826,41.55572341,23.57317677,-45.8811919,6.5,3.0
2025-01-17 05:15:00,264.5780532418023,46.1204744,14.07532155,100.6522059,0.0,101.8821638,0.519561577,101.8821638,43.09455779,13.56230812,-39.20643342,6.5,3.0
2025-01-17 05:30:00,258.9182641518935,50.64066521,19.92509473,99.34853662,0.0,105.3493466,0.522115848,105.3493466,47.93365991,13.21732706,-40.48102582,6.5,3.0
2025-01-17 05:45:00,271.57658975032905,41.5056987,16.139289,101.8262221,0.0,114.7458714,0.514348543,114.7458714,39.57887481,15.73828146,-43.55757147,6.5,3.0
2025-01-17 06:00:00,459.0822029543213,51.21784178,19.89920253,107.0639516,0.0,106.8681608,0.514456565,106.8681608,42.98595595,14.47012373,-41.30279604,6.5,3.0
2025-01-17 06:15:00,456.1840191815054,46.97957735,22.7907266,97.91322438,0.0,119.2825971,0.507472684,119.2825971,45.0935032,21.04133385,-47.4034801,6.5,3.0
2025-01-17 06:30:00,464.5208615338402,43.10540577,20.08464386,91.92614467,0.0,114.5489273,0.502531219,114.5489273,41.70169017,12.62634966,-42.46006432,6.5,3.0
2025-01-17 06:45:00,466.76291633033316,49.5269967,19.9067244,109.194195,0.0,103.6602287,0.492116713,103.6602287,48.69176786,19.3191536,-42.01667476,6.5,3.0
2025-01-17 07:00:00,478.1882408256906,45.31273834,17.85175476,107.415943,119.58666700518569,115.7669609,0.494083226,115.7669609,43.20577111,10.89723782,-42.30424845,6.5,3.0
2025-01-17 07:15:00,513.3814759789238,47.46743478,20.29054384,116.223279,121.05702589321565,82.43576934,0.506288117,82.43576934,41.28760992,11.31124198,-32.52782757,6.5,3.0
2025-01-17 07:30:00,520.5922258130322,50.2353514,14.79777487,101.8909485,113.892250457873,110.6978631,0.512329945,110.6978631,43.89797899,12.50557091,-41.65096481,6.5,3.0
2025-01-17 07:45:00,483.7280573823534,47.16721471,19.97357804,103.7886858,111.40405664372565,110.0075505,0.50469807,110.0075505,37.93100462,13.22457857,-41.40791912,6.5,3.0
2025-01-17 08:00:00,491.3230404417459,39.12988039,16.82635624,116.4734371,343.49632063668815,90.0357201,0.510669202,90.0357201,34.72153504,10.38864287,-33.80427576,6.5,3.0
2025-01-17 08:15:00,515.6810306554622,46.68262321,17.74380411,101.8212423,359.59043653297823,102.7324052,0.496733299,102.7324052,45.54996014,9.080600846,-38.56986382,6.5,3.0
2025-01-17 08:30:00,510.95675537683655,42.80324382,14.006778,106.3765418,341.74562653233266,102.8918054,0.503843206,102.8918054,41.24962973,7.058119673,-37.31242447,6.5,3.0
2025-01-17 08:45:00,478.5791735259554,49.73152867,17.814975,83.77085907,330.807616298001,120.1103253,0.505998222,120.1103253,46.65537895,13.60816097,-44.75027928,6.5,3.0
2025-01-17 09:00:00,433.9650499806344,49.39884295,20.21214283,98.8464888,509.6631835670916,101.523269,0.492384899,101.523269,45.23795123,13.25152921,-38.91017051,6.5,3.0
2025-01-17 09:15:00,404.31593205413446,48.00190578,23.77407178,107.5711248,497.07408707841336,99.94626284,0.486638071,99.94626284,46.65180179,21.2648077,-41.29737246,6.5,3.0
2025-01-17 09:30:00,399.62227709382535,38.8524846,23.38017988,89.47127349,515.1745143195352,109.5873505,0.474206818,109.5873505,33.32580164,18.10385886,-41.72757248,6.5,3.0
2025-01-17 09:45:00,421.016740871406,47.46273358,19.73926064,95.06425707,519.3782150349598,114.9036352,0.476863545,114.9036352,41.40545262,10.9446137,-42.16814572,6.5,3.0
2025-01-17 10:00:00,390.7985423768522,46.31419001,23.41049993,102.9537656,536.1235537529371,100.5489334,0.465933847,100.5489334,38.97541999,18.41228534,-39.86466382,6.5,3.0
2025-01-17 10:15:00,388.6161356031579,50.4243573,21.8444747,99.32415207,560.2855361381577,108.3646883,0.479019869,108.3646883,43.23979392,20.76010597,-43.35400648,6.5,3.0
2025-01-17 10:30:00,405.8359831892437,43.97891009,14.82673297,103.435966,560.3545891606735,93.01425485,0.473962288,93.01425485,43.01073649,12.71326308,-36.03829842,6.5,3.0
2025-01-17 10:45:00,363.4693388307462,45.90834275,20.32313555,90.04232303,503.5163209482316,123.1672775,0.462763855,123.1672775,40.42082606,13.69297015,-45.55684385,6.5,3.0
2025-01-17 11:00:00,280.10075090036395,47.67927074,17.7370047,117.6735699,539.699378106919,102.8842989,0.458647396,102.8842989,40.58433693,9.522634259,-37.81933762,6.5,3.0
2025-01-17 11:15:00,288.15947231810503,40.06851171,22.93439342,102.2810633,571.6543270509039,96.56652325,0.465754768,96.56652325,36.52255671,19.01730287,-39.26181134,6.5,3.0
2025-01-17 11:30:00,276.05610036885275,39.22400441,18.69500305,102.4176503,540.0297903385201,103.8261079,0.441776983,103.8261079,37.58747233,11.25699859,-38.87532749,6.5,3.0
2025-01-17 11:45:00,274.5936764126783,45.45664293,14.55998992,113.5659771,547.2965045036569,89.96951736,0.442650166,89.96951736,38.12193087,8.307105988,-33.23111603,6.5,3.0
2025-01-17 12:00:00,278.32216632555554,41.76691813,24.80441748,90.69669159,507.42306851742217,119.4666508,0.442921485,119.4666508,36.6598356,18.12699779,-45.08978241,6.5,3.0
2025-01-17 12:15:00,289.995110615355,50.51303414,22.11276665,110.6272654,540.1232871825641,94.71505151,0.430185266,94.71505151,45.15904474,18.18363961,-39.30117856,6.5,3.0
2025-01-17 12:30:00,282.1444266289642,39.98183478,14.76829717,92.00322065,534.6350550235229,113.9749951,0.430480898,113.9749951,37.87873572,13.47324064,-42.46158799,6.5,3.0
2025-01-17 12:45:00,316.78829643012534,49.7060652,15.51878046,83.67719458,500.738589276491,120.4765858,0.423834606,120.4765858,43.07811929,13.8486622,-44.97752005,6.5,3.0
2025-01-17 13:00:00,271.71837369182083,42.50364917,12.77742137,94.25280079,515.8842499596449,101.2763035,0.422365662,101.2763035,38.74444157,9.58302989,-37.52075529,6.5,3.0
2025-01-17 13:15:00,249.42189452830775,46.51214328,13.56890993,118.6734284,526.7470205135055,76.75280825,0.445853226,76.75280825,37.6806318,10.33914948,-29.76887165,6.5,3.0
2025-01-17 13:30:00,262.02696013069425,43.38175743,22.26195608,76.65363644,566.8076017119357,123.9623638,0.459365551,123.9623638,36.67497805,20.8869032,-47.43596571,6.5,3.0
2025-01-17 13:45:00,263.09277164917717,46.39617797,15.18571389,96.00852028,556.121127814914,94.92572781,0.441978538,94.92572781,37.60339074,8.855221781,-35.19249607,6.5,3.0
2025-01-17 14:00:00,279.93701259904,48.87871473,23.11156341,80.16703444,461.95036116363445,122.5670282,0.443551179,122.5670282,45.43912897,21.08384014,-48.09207173,6.5,3.0
2025-01-17 14:15:00,283.0374790311831,44.32537804,18.15511413,90.00181712,449.24615051684736,122.0652181,0.444590812,122.0652181,37.82163986,15.55837331,-45.12225149,6.5,3.0
2025-01-17 14:30:00,268.09448464466595,47.39660225,22.30679625,112.0929595,440.9698377026891,90.61102693,0.436807841,90.61102693,40.64094855,12.13187687,-34.88688397,6.5,3.0
2025-01-17 14:45:00,291.081023725111,44.05447866,22.8244523,99.39032085,462.2136506168292,106.2767254,0.434901453,106.2767254,41.15083382,21.26895602,-43.24337433,6.5,3.0
2025-01-17 15:00:00,296.6678209419937,45.41868473,12.72930025,108.1134334,415.5950741104874,88.62877813,0.416638075,88.62877813,39.04920854,8.643344944,-33.25595208,6.5,3.0
2025-01-17 15:15:00,292.81048525715437,40.91679958,23.80320238,100.1045669,426.2625195582365,111.1869423,0.41418367,111.1869423,37.29007422,15.70347183,-41.62781618,6.5,3.0
2025-01-17 15:30:00,288.3633161598044,45.83393095,14.28208733,87.42770534,447.5664426876681,112.4678206,0.414655083,112.4678206,42.28283311,9.7108619,-40.93227527,6.5,3.0
2025-01-17 15:45:00,257.6783776410475,47.37361072,23.03290109,100.0599053,431.90596364360795,108.6126114,0.426151652,108.6126114,45.77864646,20.97780414,-43.98468821,6.5,3.0
2025-01-17 16:00:00,408.7655002162644,39.61901735,14.9087639,101.9715836,375.09505830810394,100.8959517,0.415095075,100.8959517,32.48937525,7.793758153,-35.7204223,6.5,3.0
2025-01-17 16:15:00,402.99861616856157,47.38464942,17.91029236,99.56632907,385.76980046119695,124.598283,0.420692565,124.598283,39.32966577,9.802481364,-44.47725756,6.5,3.0
2025-01-17 16:30:00,400.0080343335713,44.00596559,25.10319925,110.1361148,371.52877777332986,103.5176146,0.427112011,103.5176146,40.73430787,14.17890181,-39.41502861,6.5,3.0
2025-01-17 16:45:00,391.59784928160275,40.04347951,20.00978089,106.6142205,340.6963634573692,95.28529963,0.429827335,95.28529963,33.24027695,12.01085202,-35.90347756,6.5,3.0
2025-01-17 17:00:00,464.98162402030937,39.02002135,22.48764461,97.45825203,196.13298778103712,107.504106,0.439272017,107.504106,36.08393252,20.10183603,-42.35704296,9.0,3.0
2025-01-17 17:15:00,496.939673546408,40.75115513,22.96173333,94.48286906,206.2725996102857,98.90637139,0.448932931,98.90637139,32.60220503,22.85810514,-40.76060984,9.0,3.0
2025-01-17 17:30:00,463.6550534481346,41.87397981,13.39097587,90.73588367,207.74082946260168,123.4562803,0.431585813,123.4562803,36.09195104,7.227158231,-42.87219531,9.0,3.0
2025-01-17 17:45:00,477.3436489851481,40.05858987,25.01901482,93.08726086,213.02358314607545,111.2943175,0.422492116,111.2943175,35.44005058,24.65910237,-44.48338107,9.0,3.0
2025-01-17 18:00:00,489.0197306981467,47.5802022,17.68864785,71.98744235,0.0,137.3988284,0.422276599,137.3988284,41.24608229,10.93965707,-48.89944541,9.0,3.0
2025-01-17 18:15:00,465.6289279306826,49.6240222,15.24423302,87.36335198,0.0,116.4902005,0.425233665,116.4902005,40.00467352,11.74653895,-42.81616062,9.0,3.0
2025-01-17 18:30:00,458.07396282677115,42.95244476,16.77500501,85.51906119,0.0,117.7971091,0.416989124,117.7971091,41.17017402,16.07269934,-44.27322186,9.0,3.0
2025-01-17 18:45:00,491.3273785443996,44.00311096,16.62961268,117.9667239,0.0,77.09114082,0.417708454,77.09114082,38.68704658,12.68021154,-31.11842071,9.0,3.0
2025-01-17 19:00:00,493.87178062944423,42.33484796,12.94112097,102.9573486,0.0,89.2869808,0.433534157,89.2869808,37.75370518,7.404656823,-33.03533585,9.0,3.0
2025-01-17 19:15:00,477.70447668131834,48.44986995,18.94219991,93.78807909,0.0,116.7620708,0.436127248,116.7620708,39.74455217,17.45445868,-44.12947482,9.0,3.0
2025-01-17 19:30:00,501.7371938255988,40.89564908,26.18712728,103.791376,0.0,107.9714947,0.427809409,107.9714947,35.89317799,18.05698553,-41.73345068,9.0,3.0
2025-01-17 19:45:00,504.6165488636386,52.12464652,23.21868836,118.4384504,0.0,87.68362974,0.414104693,87.68362974,46.83051612,17.27680245,-36.03560549,9.0,3.0
2025-01-17 20:00:00,455.73918767505353,43.72078274,22.51404024,91.67244076,0.0,107.4844165,0.397497076,107.4844165,40.90767513,15.01537923,-41.45867731,9.0,3.0
2025-01-17 20:15:00,457.47180002903247,45.44407352,22.59845349,96.17023141,0.0,105.5863043,0.394162519,105.5863043,38.80534189,19.90804896,-42.43803995,9.0,3.0
2025-01-17 20:30:00,479.1272389035329,44.24055285,20.64827806,99.58122621,0.0,103.4341521,0.385154877,103.4341521,36.44694769,17.73690423,-39.82744486,9.0,3.0
2025-01-17 20:45:00,486.6617733923813,43.42602839,24.6034091,89.23161907,0.0,117.9226115,0.380418824,117.9226115,41.3957737,15.25418364,-43.48160669,9.0,3.0
2025-01-17 21:00:00,296.77123438883575,47.14757226,16.04288604,98.58104064,0.0,111.2543004,0.366363262,111.2543004,38.92179756,16.02476769,-42.28178906,9.0,3.0
2025-01-17 21:15:00,306.1382596955687,44.33492587,21.8016364,98.39637558,0.0,118.049107,0.371575085,118.049107,42.64744731,18.71239537,-46.36722695,9.0,3.0
2025-01-17 21:30:00,293.00196823696047,48.99239086,15.30124567,90.89268793,0.0,113.5801952,0.367678636,113.5801952,42.48452534,10.36433137,-41.64114038,9.0,3.0
2025-01-17 21:45:00,308.858537678635,39.38106716,15.01476806,116.9123752,0.0,81.93948998,0.349775818,81.93948998,38.08239607,13.4717025,-32.80743826,9.0,3.0
2025-01-17 22:00:00,268.88568840586515,47.62171495,13.41795782,106.2248302,0.0,98.12291851,0.354932293,98.12291851,42.07558009,7.549117692,-35.91309904,6.5,3.0
2025-01-17 22:15:00,272.0713424813998,47.70889439,20.51095816,77.56650711,0.0,134.688566,0.358692285,134.688566,43.37386378,12.1400429,-48.35591763,6.5,3.0
2025-01-17 22:30:00,250.51932217126398,41.5989753,23.62168878,66.97355918,0.0,143.1046262,0.382754487,143.1046262,35.10402292,17.13316236,-51.88310839,6.5,3.0
2025-01-17 22:45:00,253.333646941471,49.36011013,13.14647039,86.30259591,0.0,116.5784847,0.399539444,116.5784847,44.70814901,9.146796388,-42.26088373,6.5,3.0
2025-01-17 23:00:00,336.2262313330026,46.59155318,23.96999462,117.8184223,0.0,84.04089166,0.406912547,84.04089166,40.76517759,20.60333225,-36.21553717,6.5,3.0
2025-01-17 23:15:00,322.6009196364423,43.27800544,13.18292247,85.48849917,0.0,116.7383871,0.391717196,116.7383871,42.7010655,7.900688201,-41.9370351,6.5,3.0
2025-01-17 23:30:00,333.16049578246844,50.05885475,20.27732279,86.95372057,0.0,113.8513137,0.381362428,113.8513137,46.66250051,12.96624107,-43.04674955,6.5,3.0
2025-01-17 23:45:00,296.4723532480866,50.75892676,21.30042975,102.7731848,0.0,106.4985938,0.392535924,106.4985938,45.5472828,11.19497485,-40.22934845,6.5,3.0
2025-01-18 00:00:00,242.6740150038476,42.97050078,21.10543424,89.68650623,0.0,125.9985914,0.398956469,125.9985914,40.59482562,13.05178441,-45.58673392,6.5,3.0
2025-01-18 00:15:00,226.9781125602306,48.80592015,13.5684529,95.67903529,0.0,108.368688,0.392332071,108.368688,41.66652794,12.11016474,-40.61027524,6.5,3.0
2025-01-18 00:30:00,245.15823840004958,42.91234516,14.68345466,104.4782984,0.0,95.96525111,0.380355911,95.96525111,41.28436326,12.77900859,-37.03620808,6.5,3.0
2025-01-18 00:45:00,233.36963403587208,46.10261732,25.50310005,100.9474202,0.0,94.03825688,0.367874902,94.03825688,44.04232455,17.76054845,-38.93949121,6.5,3.0
2025-01-18 01:00:00,236.97101465440787,43.73176596,17.34644393,90.59659281,0.0,114.7931249,0.362455722,114.7931249,40.17843386,17.06795534,-44.10884839,6.5,3.0
2025-01-18 01:15:00,246.94143871073464,40.95616332,19.61321942,78.960204,0.0,122.9962002,0.37370414,122.9962002,37.42178604,15.62291926,-45.24302655,6.5,3.0
2025-01-18 01:30:00,232.88383018219633,49.19067129,13.12468764,92.92530504,0.0,110.0594324,0.375261248,110.0594324,47.90908102,11.08567955,-41.24030075,6.5,3.0
2025-01-18 01:45:00,237.08371645266118,42.99987637,21.84265983,102.1295302,0.0,91.8913959,0.357558954,91.8913959,37.59577042,19.45279026,-38.42860253,6.5,3.0
2025-01-18 02:00:00,272.0435982746291,50.20533711,19.83556736,98.33902157,0.0,106.6551315,0.345935543,106.6551315,49.45292816,10.7990623,-40.14665888,6.5,3.0
2025-01-18 02:15:00,270.28543944636914,45.19002438,20.89795605,97.02322602,0.0,104.8356098,0.358371346,104.8356098,42.90809279,10.80836353,-39.15603379,6.5,3.0
2025-01-18 02:30:00,273.54867014127717,49.6503915,13.15329836,112.4939483,0.0,104.0279788,0.368204245,104.0279788,41.62916441,11.48095093,-39.34317279,6.5,3.0
2025-01-18 02:45:00,316.05229213772463,41.30754055,18.3574237,83.63232217,0.0,114.3389871,0.365750205,114.3389871,39.03512891,13.53653526,-42.40111744,6.5,3.0
2025-01-18 03:00:00,274.2330520667875,43.51948119,12.76334281,104.254622,0.0,94.35963517,0.367572241,94.35963517,40.20989862,8.864844079,-35.4121685,6.5,3.0
2025-01-18 03:15:00,281.48201674373115,44.78468408,23.48473718,84.4132853,0.0,131.1137139,0.363041623,131.1137139,39.3203345,13.96216818,-48.29525174,6.5,3.0
2025-01-18 03:30:00,299.9578229701606,47.72465887,19.92048889,96.71044106,0.0,102.0073465,0.365423295,102.0073465,45.29032812,11.22078337,-38.72652275,6.5,3.0
2025-01-18 03:45:00,290.7271082193208,46.58324563,17.56571454,109.0197381,0.0,84.81632121,0.364858656,84.81632121,43.13160549,11.25587687,-33.29608954,6.5,3.0
2025-01-18 04:00:00,232.27967160505565,39.46821573,25.25613414,102.8335939,0.0,101.5791588,0.359479149,101.5791588,31.86513996,20.25424122,-39.94052331,6.5,3.0
2025-01-18 04:15:00,227.7387149173615,50.45676468,23.11875112,97.23922854,0.0,105.2381084,0.37088811,105.2381084,43.14369097,18.30518362,-41.20274428,6.5,3.0
2025-01-18 04:30:00,244.03812793469757,40.18810789,20.9265238,94.07888229,0.0,110.8806759,0.373285971,110.8806759,34.150736,13.42222962,-40.6462234,6.5,3.0
2025-01-18 04:45:00,253.22348554288533,48.12324142,16.23926562,106.4792514,0.0,102.630675,0.35257078,102.630675,47.54493752,11.64080606,-39.50829277,6.5,3.0
2025-01-18 05:00:00,247.47122004680955,48.78641518,20.7658607,99.32445207,0.0,96.15072385,0.376182165,96.15072385,39.73226497,14.98172178,-37.03229455,6.5,3.0
2025-01-18 05:15:00,266.1251861603195,38.4276166,13.16210398,100.3422226,0.0,86.34347923,0.398128659,86.34347923,34.99521644,8.354306485,-32.07583299,6.5,3.0
2025-01-18 05:30:00,259.2605529721902,40.35731684,24.16868242,99.29405983,0.0,103.7046364,0.385046276,103.7046364,34.59547308,17.92302691,-40.65422638,6.5,3.0
2025-01-18 05:45:00,253.99304082068056,51.83430289,14.61590155,84.79955817,0.0,138.0805122,0.390628386,138.0805122,44.05810933,13.72450231,-50.44898368,6.5,3.0
2025-01-18 06:00:00,428.7152547674206,48.87354956,12.84723598,87.11361854,0.0,104.3326689,0.379070216,104.3326689,47.21065105,9.453488823,-38.81790222,6.5,3.0
2025-01-18 06:15:00,438.2587896998237,39.85776611,16.1653427,103.1069725,0.0,105.2352898,0.370073673,105.2352898,35.45267427,12.93773548,-39.27515434,6.5,3.0
2025-01-18 06:30:00,406.90683395330444,48.97882288,19.64977576,113.8185475,0.0,96.8947763,0.370993511,96.8947763,47.8410326,16.34223636,-38.64085547,6.5,3.0
2025-01-18 06:45:00,406.18912157945124,42.42700662,17.40439065,107.3513562,0.0,84.80309129,0.344842237,84.80309129,39.65673963,10.15528007,-32.45064531,6.5,3.0
2025-01-18 07:00:00,383.0488536123773,48.00705619,13.10901406,89.12936927,227.50304706451323,121.9897181,0.349614454,121.9897181,38.98437008,12.87007014,-44.34025639,6.5,3.0
2025-01-18 07:15:00,406.71982148074676,46.81383879,13.25839283,87.04266316,210.21398685200967,116.6493837,0.350773966,116.6493837,38.08745278,7.159247059,-40.89852121,6.5,3.0
2025-01-18 07:30:00,393.39367276464185,41.82219549,19.34370903,90.53305806,214.14527148190805,119.4934528,0.357961164,119.4934528,38.52077321,18.90864943,-45.50366755,6.5,3.0
2025-01-18 07:45:00,399.4976521422341,39.470243,15.2207881,99.63957674,215.51769460156902,113.0447715,0.360454889,113.0447715,39.02342742,11.37083498,-41.26271657,6.5,3.0
2025-01-18 08:00:00,438.2799389154526,49.02109016,15.15950376,100.9167274,349.3685979613088,99.4302055,0.378179706,99.4302055,41.92532087,13.54762459,-38.07454675,6.5,3.0
2025-01-18 08:15:00,437.47134497660153,38.79568741,20.95638051,106.752191,354.3827914140701,96.45045203,0.369523038,96.45045203,36.15202486,12.28742744,-36.10196176,6.5,3.0
2025-01-18 08:30:00,432.44983860573774,50.31859601,19.06169612,83.63400452,332.6047587924437,120.5071773,0.36275723,120.5071773,47.29153549,14.76791669,-45.45605889,6.5,3.0
2025-01-18 08:45:00,394.12887750220807,38.63984213,22.46326224,109.5782401,331.8438518321775,93.83582892,0.377471305,93.83582892,37.25302733,18.6564014,-38.27576319,6.5,3.0
2025-01-18 09:00:00,365.548206960249,44.95285655,22.81342536,89.51263603,555.6696313328869,112.386262,0.383892044,112.386262,40.2602725,19.47052264,-43.31097175,6.5,3.0
2025-01-18 09:15:00,377.07495618642884,40.5356052,22.39267673,80.48837438,541.0221618686614,110.4099562,0.382788859,110.4099562,33.44967146,20.50954997,-43.0215331,6.5,3.0
2025-01-18 09:30:00,376.94664997901526,46.84293086,12.3925242,89.03233204,559.317015710813,112.2725973,0.392596451,112.2725973,45.25717636,10.54658878,-42.02434515,6.5,3.0
2025-01-18 09:45:00,375.8601868743069,49.34971795,14.57876391,100.4642099,503.1411910876386,107.2476501,0.38357658,107.2476501,39.59258144,8.040482173,-38.48291079,6.5,3.0
2025-01-18 10:00:00,307.8655307041726,48.4835925,22.07587946,103.0528774,619.8579895516157,106.0596065,0.401328577,106.0596065,39.2131503,17.94592282,-40.60238293,6.5,3.0
2025-01-18 10:15:00,306.5636401787969,45.71657279,21.13757877,88.46022962,633.754530012416,117.0586867,0.411334155,117.0586867,40.5723405,16.99788404,-44.42274314,6.5,3.0
2025-01-18 10:30:00,307.859578270109,37.42200273,12.55914087,107.4343289,643.9554392096805,90.91050885,0.428643119,90.91050885,34.39958791,9.545722588,-33.56110961,6.5,3.0
2025-01-18 10:45:00,283.6612508469216,38.4926483,21.93613706,94.00389928,632.3620412262876,110.2876179,0.441077842,110.2876179,33.88293919,19.6307829,-42.19080791,6.5,3.0
2025-01-18 11:00:00,223.0335088454616,43.66219649,21.4731148,79.66509094,341.95460326119905,123.4936676,0.452895918,123.4936676,42.8480035,11.4307287,-44.84783056,6.5,3.0
2025-01-18 11:15:00,222.05718308434146,48.44334136,17.37284779,103.4200911,368.4556551751186,100.1772998,0.448323256,100.1772998,40.77543475,10.616681,-37.37793518,6.5,3.0
2025-01-18 11:30:00,237.24675507487785,47.01068101,23.65097882,84.70782383,364.522725799469,117.5803124,0.44251505,117.5803124,46.63247764,16.09886045,-45.19421666,6.5,3.0
2025-01-18 11:45:00,221.83255299531913,39.60680914,24.69848905,117.7820041,338.31701576421324,90.312851,0.449296287,90.312851,36.60394077,20.70355448,-36.47710945,6.5,3.0
2025-01-18 12:00:00,254.59525879498946,49.68557293,17.01243974,98.73888044,538.4846815402468,103.7208522,0.454925005,103.7208522,47.59446005,8.825341746,-38.90200175,6.5,3.0
2025-01-18 12:15:00,256.6360003958016,42.38870717,23.09404621,93.18206612,495.6385434655293,99.29235117,0.453994231,99.29235117,39.84811082,11.86742344,-37.04454592,6.5,3.0
2025-01-18 12:30:00,262.43375261553757,46.17560468,17.01223629,106.0981849,514.5237701374343,94.96778245,0.459652404,94.96778245,44.190018,15.84360704,-37.92512893,6.5,3.0
2025-01-18 12:45:00,255.8149881936713,37.23491465,24.558199,97.19425892,516.1330048567897,103.5868949,0.458367562,103.5868949,36.12217328,14.83688253,-39.17492031,6.5,3.0
2025-01-18 13:00:00,232.15135656393136,46.41232756,15.71027852,89.86848211,437.87148823281245,118.3937486,0.431827387,118.3937486,37.57860862,15.66520502,-43.93248594,6.5,3.0
2025-01-18 13:15:00,249.44299480758568,39.85882179,12.50706228,104.9327284,439.3336481329532,80.80163923,0.424333963,80.80163923,33.66403746,8.268873878,-30.24362172,6.5,3.0
2025-01-18 13:30:00,250.86226115853424,47.27620258,13.62546605,92.24758208,438.6195999330071,106.079913,0.415531705,106.079913,39.13391606,13.47260894,-40.01716921,6.5,3.0
2025-01-18 13:45:00,224.98338746994875,43.73352663,23.81827203,81.92186434,429.88526370122736,110.1099726,0.418374652,110.1099726,36.38964188,16.64171183,-41.44288073,6.5,3.0
2025-01-18 14:00:00,239.3012294722369,39.86969032,15.53434372,92.66406444,408.0564196419978,123.6447201,0.426170527,123.6447201,35.69957814,13.66048451,-44.49922167,6.5,3.0
2025-01-18 14:15:00,252.50822060000758,39.01698691,13.2234157,96.81804943,389.7140362331833,99.10006641,0.429717073,99.10006641,31.27835778,10.44346273,-35.90277813,6.5,3.0
2025-01-18 14:30:00,232.0695729144079,38.82061864,18.0792216,113.0654775,384.31275395851384,91.84658899,0.417796058,91.84658899,32.1081155,16.20593985,-35.94536893,6.5,3.0
2025-01-18 14:45:00,249.77097701334753,42.66901162,14.53933858,87.31249383,388.30679016630506,111.2064129,0.435645356,111.2064129,35.07408291,14.31339448,-40.96634006,6.5,3.0
2025-01-18 15:00:00,256.90212869874176,40.72109387,18.69360357,84.7486738,445.2497715990937,108.5325228,0.439455281,108.5325228,35.15793762,16.67631102,-41.79245618,6.5,3.0
2025-01-18 15:15:00,257.38767393168047,42.07640991,15.57487672,76.15969194,460.71409110373617,129.9959993,0.440297265,129.9959993,38.89390641,9.995847014,-46.2489878,6.5,3.0
2025-01-18 15:30:00,234.12533233333195,38.42472502,17.02455642,83.0546757,459.532058521287,123.2153482,0.439097679,123.2153482,37.57593894,14.06151571,-44.91411591,6.5,3.0
2025-01-18 15:45:00,235.76486503624585,40.27938705,21.97954047,95.69977393,455.9540787758831,103.7345645,0.429007087,103.7345645,37.9780595,21.92254079,-41.87431666,6.5,3.0
2025-01-18 16:00:00,322.5287172636302,42.93473371,18.53814521,93.91630825,248.10231483201443,115.6656613,0.411415387,115.6656613,38.44243685,14.56699497,-43.48604969,6.5,3.0
2025-01-18 16:15:00,328.87667955793154,46.52885253,22.31054777,78.35095877,249.3916361541608,133.5147476,0.408781798,133.5147476,45.81703825,21.0572574,-50.86702931,6.5,3.0
2025-01-18 16:30:00,317.18816100145915,47.84522035,13.11636375,97.37159706,234.17999445801365,117.9426464,0.408417529,117.9426464,42.1906078,11.30683892,-42.57751241,6.5,3.0
2025-01-18 16:45:00,343.28644217697934,39.538991,17.03742641,93.01491715,237.38605455581103,104.7492925,0.392144037,104.7492925,36.71927017,10.31550697,-38.18444883,6.5,3.0
2025-01-18 17:00:00,455.2273070188984,48.83380169,13.65177005,94.7835495,225.09342633664977,110.7993968,0.400012188,110.7993968,45.0821651,7.363464823,-40.05730907,9.0,3.0
2025-01-18 17:15:00,420.2914475475032,47.55906972,15.76554583,92.53052338,232.86935184620674,113.1495248,0.397291382,113.1495248,38.18677954,8.25295206,-40.63504249,9.0,3.0
2025-01-18 17:30:00,419.1791507256565,41.96166293,13.99873871,98.52688886,233.8100098514164,81.42293107,0.400527102,81.42293107,40.32832429,10.56917504,-31.33023675,9.0,3.0
2025-01-18 17:45:00,448.52209470794196,38.59432091,17.70261662,84.32365423,216.62721196572704,102.4632885,0.39721417,102.4632885,36.68196707,15.58156976,-39.67062314,9.0,3.0
2025-01-18 18:00:00,433.2469080329501,44.99413254,15.0584091,73.36087632,0.0,145.9246034,0.402668519,145.9246034,38.04149226,12.25802586,-51.56503358,9.0,3.0
2025-01-18 18:15:00,418.6793518876205,43.04881162,14.24887764,110.6481947,0.0,86.60890594,0.407979983,86.60890594,42.98162265,10.26415573,-33.34586856,9.0,3.0
2025-01-18 18:30:00,421.99638996778316,46.67235316,19.7493398,85.27757706,0.0,124.0295265,0.412657743,124.0295265,42.15164541,18.55009864,-46.73491444,9.0,3.0
2025-01-18 18:45:00,389.9273501116461,42.93131971,22.38121396,100.3287404,0.0,101.6277606,0.429946219,101.6277606,41.18685192,16.96780271,-40.0093619,9.0,3.0
2025-01-18 19:00:00,425.45034451361335,48.063002,23.71088707,90.93690696,0.0,114.8395436,0.45104866,114.8395436,41.98245296,17.04610287,-43.62767933,9.0,3.0
2025-01-18 19:15:00,438.42359363608546,51.06081752,19.14108336,97.57003508,0.0,111.5968431,0.451660081,111.5968431,48.01029321,16.73863934,-43.3412936,9.0,3.0
2025-01-18 19:30:00,456.34510474432705,43.67656447,15.50104515,103.1250939,0.0,102.8359363,0.430428259,102.8359363,40.63155451,13.14087911,-39.11130344,9.0,3.0
2025-01-18 19:45:00,458.3709571059742,39.38710999,23.55795771,79.24536588,0.0,128.6808606,0.444425434,128.6808606,37.75503352,20.12308163,-49.05852721,9.0,3.0
2025-01-18 20:00:00,400.22121129125924,38.2198875,19.24172849,69.30698938,0.0,137.5068782,0.442637007,137.5068782,36.81126666,17.49443053,-50.11875801,9.0,3.0
2025-01-18 20:15:00,418.59657908764495,47.57812989,17.62953365,85.08576755,0.0,124.8300358,0.425988767,124.8300358,43.33506306,12.94036847,-46.12869594,9.0,3.0
2025-01-18 20:30:00,425.22239149847275,43.20572436,14.65271171,98.32516086,0.0,83.7501282,0.416237574,83.7501282,35.49544211,10.05475901,-32.11531893,9.0,3.0
2025-01-18 20:45:00,426.01981812262306,47.80860927,22.67580566,111.616691,0.0,85.72199561,0.420879559,85.72199561,40.25528023,12.22191364,-33.73093379,9.0,3.0
2025-01-18 21:00:00,229.84723089741254,46.86743509,23.34007554,80.86234307,0.0,128.1141491,0.426653795,128.1141491,44.21922011,19.53543831,-49.21425609,9.0,3.0
2025-01-18 21:15:00,245.84415168761927,48.64233534,16.57183921,78.54364157,0.0,128.6914316,0.426765403,128.6914316,43.83605451,9.430601593,-45.94049677,9.0,3.0
2025-01-18 21:30:00,242.94173962081854,46.55965571,23.5503333,95.91602331,0.0,92.58659473,0.419645944,92.58659473,46.16658436,15.86053877,-37.17443645,9.0,3.0
2025-01-18 21:45:00,235.92687779414962,41.36952508,19.37915167,97.28083623,0.0,113.5527345,0.411980011,113.5527345,34.2870744,18.1488995,-42.6255798,9.0,3.0
2025-01-18 22:00:00,235.41819381304495,38.79888562,21.07347841,70.71484834,0.0,118.53548,0.424857879,118.53548,31.34774457,18.87902512,-43.87397362,6.5,3.0
2025-01-18 22:15:00,233.78083335066736,48.84148237,13.72393085,84.26740934,0.0,129.5668468,0.422129803,129.5668468,47.79250071,8.847914505,-46.31238684,6.5,3.0
2025-01-18 22:30:00,248.90557239190872,47.95279671,15.60742939,83.51435904,0.0,125.2334699,0.415628574,125.2334699,38.92190865,14.22033412,-45.22427808,6.5,3.0
2025-01-18 22:45:00,232.05540044437896,48.67723514,12.75033491,85.49085503,0.0,116.0205029,0.439892499,116.0205029,46.04440592,9.698839147,-42.2187428,6.5,3.0
2025-01-18 23:00:00,249.5561084188211,40.33278909,24.04950561,82.89538386,0.0,122.1137361,0.441578621,122.1137361,35.77523107,22.09348166,-47.08547013,6.5,3.0
2025-01-18 23:15:00,267.01729048287467,43.68750706,20.11344887,78.70870667,0.0,140.0615547,0.438364461,140.0615547,42.5677388,16.31843096,-51.53837251,6.5,3.0
2025-01-18 23:30:00,268.93288975207616,50.46518976,24.84718506,94.9408158,0.0,122.5009102,0.426618583,122.5009102,44.65372248,16.53382376,-46.68879068,6.5,3.0
2025-01-18 23:45:00,255.43371134622816,39.50253487,12.36798559,83.54339624,0.0,120.762246,0.426348986,120.762246,37.67271262,9.864359548,-43.17124977,6.5,3.0
2025-01-19 00:00:00,245.04850216427846,46.04911798,23.79366442,95.13098697,0.0,99.24232289,0.423419887,99.24232289,43.54549007,19.49863871,-39.85374416,6.5,3.0
2025-01-19 00:15:00,254.60555816778108,40.30462362,20.54626659,90.85875485,0.0,113.2368336,0.421155255,113.2368336,36.18961407,18.43789626,-43.30122493,6.5,3.0
2025-01-19 00:30:00,264.3066408758855,46.22430306,22.92836947,83.52211785,0.0,125.8093435,0.431161236,125.8093435,45.84524019,11.63325007,-45.89119825,6.5,3.0
2025-01-19 00:45:00,262.509298792055,47.50269707,15.73755287,79.68858617,0.0,124.0823902,0.445359473,124.0823902,39.80710873,10.11136606,-44.30017209,6.5,3.0
2025-01-19 01:00:00,247.47628951207722,43.28682103,23.12978679,106.7525853,0.0,97.98847531,0.440633866,97.98847531,39.47530356,14.64362004,-38.33755568,6.5,3.0
2025-01-19 01:15:00,235.01253237297246,47.43551209,17.83408178,90.35104457,0.0,118.9176794,0.436118523,118.9176794,41.93436212,10.79126429,-43.28453399,6.5,3.0
2025-01-19 01:30:00,244.1865805605964,44.72003275,12.8602523,99.99240034,0.0,109.1897785,0.425325141,109.1897785,40.1608673,10.82963763,-40.17159447,6.5,3.0
2025-01-19 01:45:00,243.37459755435384,45.40971405,12.60704513,86.33854089,0.0,122.2612823,0.440105521,122.2612823,39.78020556,7.654065347,-42.83129781,6.5,3.0
2025-01-19 02:00:00,217.65621527967068,40.95652653,13.56903484,72.52093819,0.0,137.2730215,0.430427697,137.2730215,36.94764949,7.945633085,-47.31855246,6.5,3.0
2025-01-19 02:15:00,217.28464367269595,39.20989173,20.09214891,98.63775222,0.0,114.3862764,0.414844276,114.3862764,33.90651378,16.24160237,-42.18528284,6.5,3.0
2025-01-19 02:30:00,238.7498198755702,47.94192318,18.15525908,81.045758,0.0,125.9307569,0.41600365,125.9307569,44.82634993,14.88480634,-47.52138588,6.5,3.0
2025-01-19 02:45:00,238.5093211720632,49.11930378,20.24343528,93.37668647,0.0,114.928246,0.424309474,114.928246,47.06076504,12.78342594,-43.13480012,6.5,3.0
2025-01-19 03:00:00,267.6227333645852,49.30906784,15.12824124,67.73772323,0.0,147.4320847,0.431977685,147.4320847,47.89375286,11.35431177,-52.55242462,6.5,3.0
2025-01-19 03:15:00,258.63272506566454,47.7386751,17.32742643,91.27079946,0.0,109.5430005,0.429384098,109.5430005,41.99155938,8.929961443,-40.01969254,6.5,3.0
2025-01-19 03:30:00,246.7047149498326,48.95654759,21.58321966,92.7504276,0.0,95.66163439,0.435598111,95.66163439,43.09634754,16.28065742,-38.1213543,6.5,3.0
2025-01-19 03:45:00,257.0398266199177,37.93764092,22.83400414,107.2980993,0.0,94.59551656,0.440773295,94.59551656,36.96935352,19.48485961,-37.35999307,6.5,3.0
2025-01-19 04:00:00,286.6340299996093,42.9578619,18.07906999,67.98005019,0.0,129.8619678,0.447741394,129.8619678,37.8266969,12.65353014,-46.40011714,6.5,3.0
2025-01-19 04:15:00,289.3362221057549,45.43289554,13.42349415,94.78178135,0.0,111.375833,0.441956068,111.375833,44.11304369,10.30889107,-40.5780257,6.5,3.0
2025-01-19 04:30:00,280.50660221789263,37.19999876,12.24375063,81.2000528,0.0,120.8930543,0.454122925,120.8930543,30.05672466,11.74074211,-42.47586016,6.5,3.0
2025-01-19 04:45:00,302.54314567674305,41.42626755,15.99195102,87.85274953,0.0,108.792694,0.434504606,108.792694,39.40767734,10.25810757,-39.78797978,6.5,3.0
2025-01-19 05:00:00,274.4241119438981,43.48995389,18.89499119,88.30526535,0.0,105.9759432,0.4303884,105.9759432,37.1462367,11.83659402,-39.0868648,6.5,3.0
2025-01-19 05:15:00,258.14396380021066,49.88632623,19.51148809,95.04052239,0.0,101.6912285,0.425973279,101.6912285,48.55040564,12.55963536,-38.98724543,6.5,3.0
2025-01-19 05:30:00,257.57523249975725,44.72878394,21.44764992,89.0241299,0.0,108.1693369,0.436962151,108.1693369,39.27619931,12.01669251,-39.24603998,6.5,3.0
2025-01-19 05:45:00,286.03669175613413,48.85274073,17.10200162,83.40679019,0.0,116.9866691,0.431420475,116.9866691,44.12191247,11.48438215,-42.94066896,6.5,3.0
2025-01-19 06:00:00,400.6224326265141,39.14108277,23.23001651,94.81697642,0.0,109.1111887,0.430993174,109.1111887,37.12839717,14.72565496,-41.03421974,6.5,3.0
2025-01-19 06:15:00,376.00984100419004,38.25428277,17.34292588,79.73200967,0.0,123.7084275,0.432195749,123.7084275,34.59347944,16.55280598,-45.98366349,6.5,3.0
2025-01-19 06:30:00,394.6616356393669,43.22450329,17.37745072,85.40342695,0.0,116.0715936,0.433532789,116.0715936,42.47833722,14.79502758,-43.54681334,6.5,3.0
2025-01-19 06:45:00,401.686090729929,46.00606604,13.51539382,99.22127643,0.0,96.35097768,0.428007135,96.35097768,42.09323485,9.67022869,-35.52043502,6.5,3.0
2025-01-19 07:00:00,353.66897854720645,38.32278462,21.10269911,85.53320996,232.54050555394758,119.3424022,0.43431223,119.3424022,37.72780239,14.65336592,-44.5476756,6.5,3.0
2025-01-19 07:15:00,364.02454530130007,39.39401296,17.40873258,99.2410019,219.803812271998,110.3871029,0.434714671,110.3871029,33.37956117,11.42055965,-39.88051354,6.5,3.0
2025-01-19 07:30:00,371.5034520708954,39.40698685,16.92462206,92.87149378,223.51686938846768,108.2561835,0.433494692,108.2561835,32.03523949,14.3522232,-39.97343457,6.5,3.0
2025-01-19 07:45:00,393.4530240805982,47.48071283,24.37473664,86.78099378,218.1988127855866,107.8388021,0.438822739,107.8388021,42.33569825,19.32974697,-42.57422586,6.5,3.0
2025-01-19 08:00:00,447.5810212164979,43.94210126,19.0844687,60.45296159,413.52111905303894,142.7414096,0.448676067,142.7414096,36.90103971,12.11596442,-50.37811859,6.5,3.0
2025-01-19 08:15:00,441.1511294707994,48.21113345,24.65835868,90.91400197,414.36294474152686,118.934614,0.437395543,118.934614,43.4311145,22.83407541,-46.89680757,6.5,3.0
2025-01-19 08:30:00,441.83705985579155,41.0083065,13.68496701,66.39526407,431.509140826764,139.5380028,0.445461226,139.5380028,40.74430487,11.88723968,-49.6136089,6.5,3.0
2025-01-19 08:45:00,425.1707894569113,51.09858845,25.4579033,95.13825238,401.39679537867005,122.3727811,0.454430587,122.3727811,40.88760666,15.38236112,-46.21117772,6.5,3.0
2025-01-19 09:00:00,390.65118471825224,43.67239486,19.94561979,87.49970683,326.2586291262092,111.9679576,0.460946326,111.9679576,36.54546387,12.6352351,-41.18284428,6.5,3.0
2025-01-19 09:15:00,363.7842073744461,46.33128711,19.02335603,94.22128909,307.3751537942733,109.1013527,0.451472393,109.1013527,44.73179562,13.11287891,-40.847914,6.5,3.0
2025-01-19 09:30:00,379.99267350459957,46.71783872,24.58276686,94.78604314,318.45134455993025,99.3050206,0.448732712,99.3050206,38.86776175,16.71716312,-38.03524133,6.5,3.0
2025-01-19 09:45:00,378.65193440270195,46.40054136,23.83300283,82.03950753,327.9248725195873,123.5320905,0.450836848,123.5320905,37.70555336,20.28372065,-46.90577454,6.5,3.0
2025-01-19 10:00:00,322.91666205268035,37.68329992,22.74504468,84.59809934,546.5548770918792,122.7593749,0.451225506,122.7593749,32.19999617,17.08127171,-45.91217426,6.5,3.0
2025-01-19 10:15:00,320.12603908350377,38.64427108,14.97301368,78.91774689,549.1690504282385,128.6581519,0.456893974,128.6581519,36.35722604,10.22721797,-44.98226482,6.5,3.0
2025-01-19 10:30:00,309.89885546357806,48.35378117,15.77120729,88.51582574,571.5314373969695,120.188836,0.462201008,120.188836,39.72956253,12.17139098,-43.45553213,6.5,3.0
2025-01-19 10:45:00,326.6684434002377,38.95358023,18.79211066,81.30363198,517.7946350829129,119.2367549,0.478100637,119.2367549,32.95674011,11.39842777,-42.22325918,6.5,3.0
2025-01-19 11:00:00,261.30935299433526,41.13262888,14.52771019,66.63386489,417.14232096717615,144.3966648,0.478340917,144.3966648,39.30085161,12.10472282,-51.42644526,6.5,3.0
2025-01-19 11:15:00,274.9247702066777,47.4043706,20.34341055,89.13605495,422.4264705278405,117.3099989,0.496292278,117.3099989,42.49588226,17.48267206,-45.00267457,6.5,3.0
2025-01-19 11:30:00,257.74188308028,40.41285377,23.15373773,91.78130414,428.1360782112921,114.4213819,0.484200971,114.4213819,38.04835411,13.38318018,-42.14539741,6.5,3.0
2025-01-19 11:45:00,258.26399371870707,50.82533857,17.47819641,87.24517885,422.8451302936912,123.0869896,0.499183888,123.0869896,50.38390203,17.08681894,-47.13008264,6.5,3.0
2025-01-19 12:00:00,235.52260715909264,49.19737678,23.13372915,96.18707769,469.38149008587516,110.3076379,0.48920542,110.3076379,42.81262872,21.730379,-43.81172859,6.5,3.0
2025-01-19 12:15:00,227.9814496537507,44.65772783,16.50226537,85.44800586,478.0285162310862,122.8839894,0.471007738,122.8839894,44.20753439,9.466014026,-44.12661416,6.5,3.0
2025-01-19 12:30:00,243.80511396676144,41.02889463,24.06788964,91.30860381,467.4991315597293,118.1288919,0.460861624,118.1288919,33.35771504,22.15903323,-45.28207198,6.5,3.0
2025-01-19 12:45:00,222.45082922039524,43.40080443,22.08062203,84.89858267,432.92086212330923,125.1779238,0.4471567,125.1779238,36.54698902,11.75361451,-44.6913549,6.5,3.0
2025-01-19 13:00:00,259.4269784964372,38.78013835,23.66182269,73.71640727,475.8579485755773,121.4147943,0.468455785,121.4147943,33.44669283,17.7222926,-45.43086916,6.5,3.0
2025-01-19 13:15:00,258.0743736227683,40.22178806,22.31899227,84.70856346,494.51106038197446,122.4950477,0.464952163,122.4950477,40.03981089,16.71694471,-45.19015595,6.5,3.0
2025-01-19 13:30:00,258.832648375923,51.10174842,25.34854049,77.05845778,484.9417461947716,136.2801846,0.468674048,136.2801846,49.00171183,18.92176431,-51.94227071,6.5,3.0
2025-01-19 13:45:00,277.0159995048715,40.53081525,19.94042914,78.38019019,453.6892448476765,131.5231686,0.466333012,131.5231686,33.40806704,15.01693293,-47.45143472,6.5,3.0
2025-01-19 14:00:00,234.76071218416536,48.2768992,12.8234856,76.86774793,432.1324239228965,122.9409403,0.460620008,122.9409403,42.3092446,9.452875495,-44.07784257,6.5,3.0
2025-01-19 14:15:00,245.76273801972653,42.88045196,24.59901634,81.03728518,428.70998308664906,108.6585999,0.463313639,108.6585999,36.56396573,14.62732728,-41.1651671,6.5,3.0
2025-01-19 14:30:00,243.77923892934692,43.66016601,21.71556752,90.05469908,418.09244811354955,126.5033998,0.454748551,126.5033998,38.50744706,14.76569574,-46.32032512,6.5,3.0
2025-01-19 14:45:00,228.98731086676116,39.17091601,14.96847419,79.53614904,405.255144876905,127.7044501,0.430858531,127.7044501,34.18092064,12.38428229,-45.28888582,6.5,3.0
2025-01-19 15:00:00,257.8800172863749,46.12733851,17.08315872,97.03178462,423.20367591912867,105.8205409,0.443224549,105.8205409,43.02374142,9.651838236,-38.9850156,6.5,3.0
2025-01-19 15:15:00,267.2905021509238,38.08505853,14.80376629,81.5772014,462.51768519356324,124.0446704,0.435829666,124.0446704,34.88392755,11.69736716,-44.15485878,6.5,3.0
2025-01-19 15:30:00,253.06582827607522,39.28985328,13.29453891,73.67403609,437.1560622186126,127.4253852,0.428280173,127.4253852,38.89984026,6.80732135,-44.10713222,6.5,3.0
2025-01-19 15:45:00,258.56365228662605,42.11377406,17.34896832,105.3549697,451.1525766686955,105.953636,0.426359897,105.953636,35.92400707,15.97616736,-40.17164894,6.5,3.0
2025-01-19 16:00:00,365.04864666360794,43.36467128,22.52195038,83.58947988,383.25436375557064,120.6893683,0.427636819,120.6893683,39.2257394,13.8402558,-43.90818357,6.5,3.0
2025-01-19 16:15:00,361.4018321336249,37.288215,23.41227776,75.49097413,409.41984223510207,123.0120894,0.430639106,123.0120894,36.9297281,20.67850604,-46.71837846,6.5,3.0
2025-01-19 16:30:00,372.36375270208265,42.65098522,13.70965906,103.1810991,387.41217495725425,101.7003887,0.412801586,101.7003887,39.58175507,12.93472651,-38.26431243,6.5,3.0
2025-01-19 16:45:00,410.13576850068466,41.27070684,23.74430206,94.16058591,400.01361905207295,108.3828728,0.426476768,108.3828728,36.11008235,18.04675957,-41.41326154,6.5,3.0
2025-01-19 17:00:00,420.31858502150646,41.57985397,22.7637925,93.42192165,225.57894400712377,104.0163413,0.419213689,104.0163413,34.5841829,16.98145725,-40.19715856,9.0,3.0
2025-01-19 17:15:00,397.7543544989481,39.38722368,15.67833569,69.12327344,226.71770120393091,132.4090432,0.409032725,132.4090432,37.40817233,10.53188141,-46.45131765,9.0,3.0
2025-01-19 17:30:00,416.7433536563562,44.7780509,21.71104116,69.57236266,231.6447942899123,142.0466634,0.386155783,142.0466634,42.91975893,18.17721305,-52.70998194,9.0,3.0
2025-01-19 17:45:00,403.2537068231891,43.76016497,21.46337388,85.21576746,204.58856049903295,122.4160483,0.392630243,122.4160483,42.72262612,16.98265729,-46.16773267,9.0,3.0
2025-01-19 18:00:00,398.22509953758237,43.66248941,19.80722112,84.25124581,0.0,116.2877253,0.390320024,116.2877253,37.52758235,15.22212501,-42.18884585,9.0,3.0
2025-01-19 18:15:00,409.1410944280205,46.72684976,21.59499777,73.87011821,0.0,140.9212733,0.39916389,140.9212733,40.88415934,21.17299285,-52.33387959,9.0,3.0
2025-01-19 18:30:00,409.8698543767586,40.62785122,23.84222565,100.5243345,0.0,93.70020673,0.392128706,93.70020673,34.010827,22.57221317,-37.34987333,9.0,3.0
2025-01-19 18:45:00,435.0739516576384,43.44419928,13.43242142,104.7197129,0.0,90.80372179,0.394107933,90.80372179,40.42652921,10.35351776,-34.42361732,9.0,3.0
2025-01-19 19:00:00,406.11949700559524,41.55310076,16.80075019,86.86411131,0.0,123.3509989,0.399905317,123.3509989,39.67175074,15.6265029,-45.89558704,9.0,3.0
2025-01-19 19:15:00,404.78249673116716,41.96712316,19.85564541,81.68763415,0.0,140.0046927,0.389684598,140.0046927,39.12710027,12.01586527,-49.56234697,9.0,3.0
2025-01-19 19:30:00,423.46507901489514,42.53747151,16.7322954,79.38739972,0.0,129.4470402,0.369090667,129.4470402,41.31458336,8.829206236,-45.40149206,9.0,3.0
2025-01-19 19:45:00,429.7829272483425,37.98207423,16.17251137,87.22779684,0.0,115.1007759,0.362134715,115.1007759,37.53984031,12.49862258,-41.97373729,9.0,3.0
2025-01-19 20:00:00,446.0286206087938,42.41104779,17.59806916,96.81532633,0.0,116.9474551,0.367434964,116.9474551,41.21954664,10.51238929,-42.3915582,9.0,3.0
2025-01-19 20:15:00,436.1083648344085,49.45861461,16.87082634,72.88768135,0.0,142.5778485,0.351937318,142.5778485,45.04391494,14.15946919,-51.92747537,9.0,3.0
2025-01-19 20:30:00,416.0936195749912,37.41234154,17.21365805,75.2104485,0.0,126.1988417,0.345859842,126.1988417,36.20614231,16.87323905,-46.41385828,9.0,3.0
2025-01-19 20:45:00,449.6093949818064,37.4826911,21.96884721,65.01418185,0.0,146.5043291,0.341280559,146.5043291,32.2885852,17.77342948,-52.49073419,9.0,3.0
2025-01-19 21:00:00,270.83170972127294,42.69393374,14.63789596,71.96294886,0.0,132.8331872,0.343911486,132.8331872,41.47276535,11.71859784,-47.67258272,9.0,3.0
2025-01-19 21:15:00,276.9821526021938,39.69539227,12.34647402,67.54248134,0.0,134.4859138,0.365794578,134.4859138,36.58928636,10.93804883,-47.43905594,9.0,3.0
2025-01-19 21:30:00,284.58846534219856,43.05181436,23.23213926,73.19759523,0.0,132.0738838,0.357861707,132.0738838,39.12236982,17.03934942,-48.86330612,9.0,3.0
2025-01-19 21:45:00,297.4576723343346,49.71961896,23.52444315,91.60736529,0.0,117.1259628,0.34431166,117.1259628,48.72765889,20.76911639,-46.12858077,9.0,3.0
2025-01-19 22:00:00,273.7529067989567,48.11655717,25.05943008,89.0618484,0.0,124.0474504,0.34377075,124.0474504,43.361701,17.27520207,-47.13084199,6.5,3.0
2025-01-19 22:15:00,270.6881997504621,41.18453271,17.19024608,64.85810131,0.0,138.5865935,0.343812858,138.5865935,39.27843525,14.2456232,-49.68418274,6.5,3.0
2025-01-19 22:30:00,280.10936811407146,44.79046076,15.08409374,72.97389939,0.0,127.8606796,0.345918868,127.8606796,39.29046714,7.66812419,-44.5178726,6.5,3.0
2025-01-19 22:45:00,311.58952533650984,46.90636275,18.53450412,80.48765205,0.0,129.0521371,0.336819643,129.0521371,44.40896196,14.87115583,-47.3069854,6.5,3.0
2025-01-19 23:00:00,236.91147966765584,41.34695819,25.01641908,85.86777479,0.0,115.8445233,0.331532023,115.8445233,33.818565,15.37402558,-42.73726389,6.5,3.0
2025-01-19 23:15:00,249.97026062024403,49.31355155,22.65462006,85.7639624,0.0,131.7959634,0.328882724,131.7959634,47.66999739,18.8915592,-50.10341039,6.5,3.0
2025-01-19 23:30:00,242.0331783591045,46.34597371,24.23463963,84.75281049,0.0,126.8124293,0.352483844,126.8124293,43.9647043,19.67233766,-48.6232125,6.5,3.0
2025-01-19 23:45:00,262.70508135299553,44.85225017,16.34441805,64.44412689,0.0,151.3256296,0.35542454,151.3256296,40.2195654,12.83512514,-53.28681452,6.5,3.0
2025-01-20 00:00:00,286.43031285698487,44.84621331,18.41429357,67.68152036,0.0,138.3755237,0.347489644,138.3755237,40.0492767,13.32625347,-49.66123493,6.5,3.0
2025-01-20 00:15:00,296.1000150609128,39.59219215,16.57202572,75.64211514,0.0,141.7503075,0.348235283,141.7503075,33.93120589,11.92461688,-49.64835989,6.5,3.0
2025-01-20 00:30:00,302.00881360050334,45.69279299,14.00092606,82.19157009,0.0,125.5620644,0.335408425,125.5620644,41.27640547,8.566321816,-44.37997139,6.5,3.0
2025-01-20 00:45:00,274.72085848159895,48.10236873,15.15174918,77.82882515,0.0,138.1896008,0.351792866,138.1896008,44.93956404,14.47703023,-50.63961869,6.5,3.0
2025-01-20 01:00:00,267.60755026587447,49.45095064,13.07869655,83.33830122,0.0,128.9736154,0.346762576,128.9736154,41.76116984,7.067708836,-45.07086839,6.5,3.0
2025-01-20 01:15:00,277.7028207583858,48.8397904,17.1681736,79.43327237,0.0,122.2417526,0.353694634,122.2417526,40.54062935,10.8285908,-44.16994133,6.5,3.0
2025-01-20 01:30:00,281.458767307406,44.10272517,23.26892741,74.1172137,0.0,127.5829071,0.342066136,127.5829071,44.08598884,15.50004257,-47.54099058,6.5,3.0
2025-01-20 01:45:00,247.75086166833364,43.62522753,22.09914674,95.11766747,0.0,115.834744,0.327727339,115.834744,43.41078798,17.92724377,-44.10897997,6.5,3.0
2025-01-20 02:00:00,270.5224910643554,49.65189348,18.12137886,78.74424266,0.0,123.262758,0.314313623,123.262758,43.18298097,10.13972281,-44.30973151,6.5,3.0
2025-01-20 02:15:00,275.31220218803696,38.87910434,20.3078882,78.95208656,0.0,132.2703794,0.302522234,132.2703794,34.5603416,11.08103636,-46.64464527,6.5,3.0
2025-01-20 02:30:00,259.8918651964363,38.95574892,17.1364096,70.73173475,0.0,129.7207482,0.305392763,129.7207482,38.52240918,12.62817716,-46.41742332,6.5,3.0
2025-01-20 02:45:00,267.7134415511714,39.26849364,23.41635811,68.48537548,0.0,128.0835327,0.292880754,128.0835327,31.70691494,17.22226149,-46.6399594,6.5,3.0
2025-01-20 03:00:00,257.403134758535,42.27297675,19.48504161,82.01855473,0.0,124.6784807,0.29171219,124.6784807,34.76869381,13.72349124,-45.05665484,6.5,3.0
2025-01-20 03:15:00,254.25227374971385,43.95026596,12.9937536,77.12464654,0.0,120.5946469,0.300451455,120.5946469,41.07633294,8.152549839,-42.79242036,6.5,3.0
2025-01-20 03:30:00,263.4089507316296,46.00128096,20.70788439,88.84177459,0.0,119.1798735,0.303411456,119.1798735,37.13640184,18.02763891,-44.86110603,6.5,3.0
2025-01-20 03:45:00,273.3156407601217,44.60076115,22.93654743,84.54634512,0.0,123.7080351,0.299291934,123.7080351,37.42518913,15.12688159,-45.22544583,6.5,3.0
2025-01-20 04:00:00,327.93267330419815,42.93309749,24.53623657,75.50410621,0.0,129.5713189,0.296910901,129.5713189,41.57532058,21.33015206,-49.13700054,6.5,3.0
2025-01-20 04:15:00,308.0202806598282,40.02291876,20.38247078,75.0520155,0.0,127.9364155,0.294400656,127.9364155,35.021,11.29939493,-45.24491982,6.5,3.0
2025-01-20 04:30:00,319.41174762462856,48.26634685,20.06374285,77.72928903,0.0,127.0767082,0.291362935,127.0767082,40.65263118,11.24627339,-45.46826019,6.5,3.0
2025-01-20 04:45:00,326.64529841134504,42.67638951,19.01302046,86.94511549,0.0,137.4869645,0.316140112,137.4869645,36.30955657,13.19717451,-49.49824726,6.5,3.0
2025-01-20 05:00:00,318.77037292507964,40.99731918,14.77674196,73.710796,0.0,126.3789031,0.307972664,126.3789031,32.91950741,10.5215797,-44.27969092,6.5,3.0
2025-01-20 05:15:00,310.90314804550826,47.06488479,17.0132396,76.2567633,0.0,137.8798513,0.311908412,137.8798513,42.55810792,13.0456502,-49.81792017,6.5,3.0
2025-01-20 05:30:00,325.1801626548504,43.12665322,23.66431092,73.40190881,0.0,132.902686,0.300742866,132.902686,40.09323517,14.04810297,-48.29045603,6.5,3.0
2025-01-20 05:45:00,311.5463163745618,37.37127939,18.34690876,81.96956132,0.0,115.1238923,0.307224815,115.1238923,31.86608258,15.68152066,-42.60822718,6.5,3.0
2025-01-20 06:00:00,488.36825211749743,47.52184384,24.2617919,89.80142247,0.0,120.5914293,0.302890127,120.5914293,42.70339065,15.442691,-45.39681846,6.5,3.0
2025-01-20 06:15:00,466.18191448771546,43.96511647,14.6398705,75.11486712,0.0,128.5359737,0.311183469,128.5359737,42.75765733,9.753447695,-46.05556338,6.5,3.0
2025-01-20 06:30:00,479.12552311337095,48.06553574,15.65345003,58.20450498,0.0,152.2999254,0.296563023,152.2999254,44.67481138,15.44437026,-55.28960079,6.5,3.0
2025-01-20 06:45:00,455.00431028141634,39.91033839,23.76920798,76.78467819,0.0,131.6226369,0.298884161,131.6226369,34.11425214,21.7077218,-49.13200928,6.5,3.0
2025-01-20 07:00:00,462.3154008131204,43.60203448,23.0446383,79.05228613,196.65754443712265,131.7592848,0.313293321,131.7592848,36.50446697,16.92890151,-48.10837744,6.5,3.0
2025-01-20 07:15:00,425.9058628000395,49.54557843,24.32281442,69.89940383,198.99609251901043,138.0786837,0.309522857,138.0786837,48.85503841,13.83403873,-50.90280633,6.5,3.0
2025-01-20 07:30:00,455.17168827536335,46.02733465,19.70141746,66.00096558,196.42701646728355,150.0421766,0.30932652,150.0421766,41.12035999,14.9364499,-52.85218756,6.5,3.0
2025-01-20 07:45:00,421.47704811147673,45.93795908,14.92196482,89.94173143,220.9193465765834,102.53235,0.311464399,102.53235,38.0397794,9.734641205,-37.08753744,6.5,3.0
2025-01-20 08:00:00,405.7229921898392,41.86197898,22.45088878,82.53850553,425.46537086750675,121.7246919,0.315689298,121.7246919,39.67837274,18.91675025,-45.90860523,6.5,3.0
2025-01-20 08:15:00,379.4734478713743,53.26925113,19.17726065,77.69459235,425.9883125446837,144.8045551,0.338138365,144.8045551,43.25202697,11.20204651,-50.9576685,6.5,3.0
2025-01-20 08:30:00,396.5719987576191,43.93563523,21.4361761,85.50976757,400.26868376563294,121.2893089,0.334630211,121.2893089,37.10597078,11.58455102,-43.84832339,6.5,3.0
2025-01-20 08:45:00,384.1115611811674,38.61294922,21.36553513,64.06934389,375.15763282217677,144.2687752,0.342665913,144.2687752,33.85811213,11.32736977,-50.12582145,6.5,3.0
2025-01-20 09:00:00,357.24969652185075,49.27026013,13.70013389,73.61318316,488.4383503185071,147.4608422,0.347204367,147.4608422,45.69880335,9.07206548,-51.50732524,6.5,3.0
2025-01-20 09:15:00,362.82770531784195,42.58584495,24.98952878,56.11997847,473.6992607835853,166.8885258,0.339749461,166.8885258,34.69357624,13.94225891,-57.92299202,6.5,3.0
2025-01-20 09:30:00,357.89661815103204,39.87200189,19.82911516,92.28734187,450.07563333233526,116.6553034,0.342146122,116.6553034,36.20468549,18.82474484,-44.47744969,6.5,3.0
2025-01-20 09:45:00,414.8359800092753,45.35742966,19.54096242,76.641045,461.3967555655722,136.9222456,0.324060587,136.9222456,41.76975358,16.12286895,-49.90186593,6.5,3.0
2025-01-20 10:00:00,367.1453611598082,40.39459589,18.04400393,54.14547597,546.4152539210747,164.5437224,0.318886007,164.5437224,39.60333604,9.390022289,-56.24673438,6.5,3.0
2025-01-20 10:15:00,383.3800278216519,37.50956236,12.84142739,84.39066458,565.0053264750833,130.9852161,0.310058977,130.9852161,34.50758508,9.55167934,-45.78345962,6.5,3.0
2025-01-20 10:30:00,364.5469079888155,47.32111682,23.71419279,63.55018211,585.2426587607276,144.6356298,0.303620151,144.6356298,45.38735997,16.78467546,-52.97965706,6.5,3.0
2025-01-20 10:45:00,406.6977030297244,45.70154705,23.94753123,68.12096147,571.6967608431144,137.6563609,0.308870119,137.6563609,41.21392772,20.14849227,-50.93970312,6.5,3.0
2025-01-20 11:00:00,262.3036590137053,48.57774101,15.20364106,92.23159047,474.2566463728953,108.7014531,0.305313156,108.7014531,42.30799471,13.21058581,-40.78936915,6.5,3.0
2025-01-20 11:15:00,263.5370688203725,46.30615209,26.2006518,69.49920094,488.61963568635787,161.2205311,0.30574976,161.2205311,43.01693243,17.63530493,-58.42672084,6.5,3.0
2025-01-20 11:30:00,242.0941801087279,41.98312534,21.89003295,74.16055636,466.4856429861908,137.1516801,0.298774644,137.1516801,34.0422806,19.62449456,-50.8545459,6.5,3.0
2025-01-20 11:45:00,238.0750920571943,50.774555,24.89897388,108.1351712,523.4980749545559,112.8785239,0.290176806,112.8785239,46.3149107,18.02428883,-43.9339091,6.5,3.0
2025-01-20 12:00:00,260.83383067913644,38.64292153,20.53544722,76.73766544,483.2907699393994,128.2826964,0.289040217,128.2826964,33.72670057,10.34293948,-45.19302864,6.5,3.0
2025-01-20 12:15:00,257.54472323281857,48.84360941,12.39780447,83.39398945,460.4618156206615,127.4769408,0.278549055,127.4769408,47.79553717,11.59720874,-46.58514828,6.5,3.0
2025-01-20 12:30:00,275.7328998856017,42.02657144,18.52536012,61.98549211,472.45015872428326,156.4793935,0.260819577,156.4793935,35.27441205,18.46097379,-55.62853116,6.5,3.0
2025-01-20 12:45:00,270.19854620244325,41.48127012,20.76277504,71.75934302,449.81725571565585,133.5437319,0.26659143,133.5437319,36.59156983,10.40573608,-46.40794539,6.5,3.0
2025-01-20 13:00:00,280.1610274462752,44.96368901,23.16571792,67.19566858,427.9221044965773,141.404503,0.262410876,141.404503,42.41487516,22.53854023,-53.63189907,6.5,3.0
2025-01-20 13:15:00,269.56414080415993,42.62034519,23.67769834,67.7856508,424.0458530860078,129.1272611,0.259211884,129.1272611,38.47972958,14.55918406,-46.68552763,6.5,3.0
2025-01-20 13:30:00,281.21516150469205,45.19285117,22.47072861,76.81386288,406.28121901050173,146.7781929,0.263923509,146.7781929,38.3311566,20.41906891,-54.77977575,6.5,3.0
2025-01-20 13:45:00,249.1496702448726,44.72726253,17.87906183,78.92775969,428.15082340691333,132.9389582,0.271294499,132.9389582,37.43112222,9.979776043,-46.71891631,6.5,3.0
2025-01-20 14:00:00,291.00034498455904,40.40184301,22.38405115,48.72142935,471.04571171671813,163.347702,0.276789864,163.347702,37.86950874,21.61731694,-59.65220212,6.5,3.0
2025-01-20 14:15:00,304.4397028947124,41.67952341,13.25405138,80.4097679,472.8097153194431,144.8682295,0.280538301,144.8682295,36.7923745,11.57554947,-50.55642517,6.5,3.0
2025-01-20 14:30:00,301.66490526849736,49.18046056,12.96585044,75.30504124,471.5853656816041,127.8024283,0.269883269,127.8024283,48.34097859,9.937853074,-46.05034806,6.5,3.0
2025-01-20 14:45:00,300.6150468522312,49.98718259,19.01260571,95.44661955,480.0792072822346,114.7354623,0.263562294,114.7354623,45.46069992,11.50373537,-42.39800896,6.5,3.0
2025-01-20 15:00:00,267.3932996957129,39.86501304,14.71197043,71.92660098,611.0801130254871,147.7201512,0.254482654,147.7201512,38.08992051,7.816830852,-50.45644142,6.5,3.0
2025-01-20 15:15:00,261.93092301729314,38.43765954,24.73938473,73.61621306,571.1656880410977,141.7304975,0.249024706,141.7304975,34.43956441,16.93671125,-51.51448117,6.5,3.0
2025-01-20 15:30:00,280.6267076640292,39.42275895,23.67379407,76.14361012,593.5231518176488,135.2836848,0.243351487,135.2836848,35.93943288,18.84440493,-49.90588109,6.5,3.0
2025-01-20 15:45:00,283.7990696229647,38.6263793,24.47838149,82.18974786,601.3110471157663,131.7575777,0.258959366,131.7575777,35.83901499,19.26841784,-49.15236396,6.5,3.0
2025-01-20 16:00:00,354.54674217700637,44.20263706,21.27483821,63.97931702,289.3104766793396,145.9624049,0.259248306,145.9624049,41.26749909,12.00596917,-51.73304589,6.5,3.0
2025-01-20 16:15:00,363.6904826443543,38.42611531,16.0230165,84.02738202,267.931761520691,119.7451423,0.26345217,119.7451423,38.17688346,15.45140215,-43.89991075,6.5,3.0
2025-01-20 16:30:00,344.1824861585259,43.1027524,20.71979587,71.19283859,268.15182887274983,145.3339097,0.269289401,145.3339097,36.05223731,11.65320389,-50.53216202,6.5,3.0
2025-01-20 16:45:00,374.1302890201134,48.42918819,14.49333953,46.93829022,293.2859329272196,170.5612495,0.270648792,170.5612495,45.43306441,8.667401482,-58.22052004,6.5,3.0
2025-01-20 17:00:00,496.5546892154725,39.84850441,14.30063869,66.8516722,223.15132005166396,134.093383,0.274308299,134.093383,35.73487931,11.87714859,-47.27128545,9.0,3.0
2025-01-20 17:15:00,492.41543685174673,37.69023256,23.8545382,65.1495809,219.79971215672268,150.6098748,0.297948623,150.6098748,35.52596561,12.44374144,-52.50440325,9.0,3.0
2025-01-20 17:30:00,510.0701198874644,48.50659792,20.45200002,65.33019312,209.30631428857572,144.2063698,0.308176691,144.2063698,40.11387583,10.75764662,-50.70081439,9.0,3.0
2025-01-20 17:45:00,459.84975404531656,41.94472383,17.84545156,71.06430044,218.73265350303768,142.4308259,0.294137038,142.4308259,35.36793451,13.45313208,-50.12578285,9.0,3.0
2025-01-20 18:00:00,507.89567060236516,41.10079591,14.40941084,77.88504002,0.0,136.1893737,0.295117118,136.1893737,38.30780118,10.48608706,-47.9831738,9.0,3.0
2025-01-20 18:15:00,513.0112270118661,41.99619328,13.64924753,71.82454428,0.0,135.6150088,0.283673865,135.6150088,37.47903223,10.63686448,-47.40096269,9.0,3.0
2025-01-20 18:30:00,468.92307731996397,45.80693111,15.78664867,82.62869225,0.0,121.0450227,0.285162974,121.0450227,42.0108505,11.31947622,-43.63577516,9.0,3.0
2025-01-20 18:45:00,468.9000250658048,45.60795371,22.61162053,82.57287034,0.0,147.3447951,0.272766796,147.3447951,45.39693191,17.6858904,-53.96172393,9.0,3.0
2025-01-20 19:00:00,450.4962337237092,39.7265824,18.20107486,77.03801925,0.0,131.4929058,0.261271418,131.4929058,36.58485278,14.63776335,-47.29922748,9.0,3.0
2025-01-20 19:15:00,474.52875254053885,47.48236396,15.32765555,68.33601123,0.0,151.6042785,0.259224506,151.6042785,45.36829028,8.014108238,-52.28726115,9.0,3.0
2025-01-20 19:30:00,461.50034807922816,49.85494874,17.0307968,67.45569314,0.0,146.6620179,0.246770016,146.6620179,44.79281015,9.277401844,-51.44328112,9.0,3.0
2025-01-20 19:45:00,501.0746656565236,39.20147001,20.61935792,64.58362412,0.0,136.0560678,0.232932442,136.0560678,36.516701,20.50563047,-50.3464373,9.0,3.0
2025-01-20 20:00:00,490.5896374052315,48.65599854,19.02316874,80.37540395,0.0,138.2603965,0.248099265,138.2603965,48.22861176,11.1597076,-50.0800416,9.0,3.0
2025-01-20 20:15:00,465.07944110881465,46.18508308,14.11846224,75.4042903,0.0,137.2388506,0.262767632,137.2388506,45.99671873,14.02069918,-50.41206247,9.0,3.0
2025-01-20 20:30:00,479.9426228143552,44.50327058,16.95334708,53.61874151,0.0,150.1139311,0.273156643,150.1139311,40.87893092,9.982142267,-52.08742109,9.0,3.0
2025-01-20 20:45:00,492.18829867159866,44.84310124,23.15748538,62.24469799,0.0,147.8728248,0.279449608,147.8728248,36.23172876,19.54616105,-54.67930719,9.0,3.0
2025-01-20 21:00:00,259.6627327037695,45.47480314,14.02813808,82.09551156,0.0,133.8712538,0.283699326,133.8712538,37.39688914,12.17987577,-47.16376817,9.0,3.0
2025-01-20 21:15:00,242.62684690551973,38.07044248,12.7680983,92.04436536,0.0,124.9582913,0.300351855,124.9582913,37.1538796,12.03993782,-44.92603447,9.0,3.0
2025-01-20 21:30:00,259.3537198171797,51.92545455,20.25249435,83.8954038,0.0,131.2904853,0.281034986,131.2904853,44.82701443,10.42597957,-47.26890398,9.0,3.0
2025-01-20 21:45:00,239.0467005735311,40.40669751,13.18565001,73.38354201,0.0,127.2056473,0.271999784,127.2056473,37.3484887,12.08260315,-45.72104211,9.0,3.0
2025-01-20 22:00:00,335.6422247953442,42.97961006,25.33991083,76.46994976,0.0,144.2901786,0.282277628,144.2901786,41.45418796,16.13466751,-52.47511157,6.5,3.0
2025-01-20 22:15:00,318.22236307440295,40.85889768,22.32092417,74.47422196,0.0,142.7250108,0.280630947,142.7250108,34.33249033,20.74260946,-51.98718099,6.5,3.0
2025-01-20 22:30:00,336.4682694188848,39.58759631,13.7676161,77.52951776,0.0,140.5152344,0.28076359,140.5152344,31.77670569,10.85576738,-48.51613995,6.5,3.0
2025-01-20 22:45:00,307.6771427113681,51.74673425,20.13365512,76.21326123,0.0,148.2156218,0.278900275,148.2156218,50.14431091,16.08422298,-54.76730917,6.5,3.0
2025-01-20 23:00:00,278.5412461884887,47.83823622,13.51628111,86.55420019,0.0,127.3154719,0.284499989,127.3154719,46.55980141,8.235199518,-45.17786891,6.5,3.0
2025-01-20 23:15:00,260.6369214805603,38.71385617,12.93534069,67.51372993,0.0,138.1834338,0.285244068,138.1834338,34.73407516,12.0583038,-48.71005299,6.5,3.0
2025-01-20 23:30:00,270.12674099535025,51.23475998,16.15620445,72.2345619,0.0,159.6053201,0.281708354,159.6053201,45.75340043,12.69570711,-56.05360403,6.5,3.0
2025-01-20 23:45:00,274.96509133560073,49.54555453,19.00136819,75.79689354,0.0,130.9870952,0.274929759,130.9870952,43.8209974,11.70373804,-46.8693017,6.5,3.0
2025-01-21 00:00:00,242.5818513097101,42.42371572,16.98984587,63.16517049,0.0,149.155359,0.2761973,149.155359,34.70530446,16.52339514,-53.16626541,6.5,3.0
2025-01-21 00:15:00,242.44144268520617,40.57241429,22.13293635,64.30740475,0.0,158.7434437,0.266098277,158.7434437,35.15072751,21.35433939,-57.64598364,6.5,3.0
2025-01-21 00:30:00,251.99147280529644,44.07289808,24.0552222,73.83231295,0.0,138.7712152,0.261878859,138.7712152,40.07369204,23.07315585,-52.36631542,6.5,3.0
2025-01-21 00:45:00,281.60523319978734,40.47549355,19.40750497,53.23554403,0.0,158.5106167,0.259971739,158.5106167,37.7092222,13.49004802,-55.34195662,6.5,3.0
2025-01-21 01:00:00,285.04919214236577,40.05789978,22.9368882,62.56841708,0.0,159.183325,0.26589096,159.183325,37.92608926,11.79042689,-55.00974237,6.5,3.0
2025-01-21 01:15:00,286.9698473964148,45.31758191,20.13856102,76.58856119,0.0,134.1545131,0.27185003,134.1545131,44.13285401,16.36047206,-49.6239262,6.5,3.0
2025-01-21 01:30:00,273.68280288510044,41.06971768,13.96544485,71.14493799,0.0,154.4036835,0.278403973,154.4036835,35.26466143,8.810614125,-52.46524499,6.5,3.0
2025-01-21 01:45:00,291.77815757611893,37.50386081,13.73995112,63.0078255,0.0,150.2378223,0.287556223,150.2378223,36.6388535,8.849634998,-51.33857378,6.5,3.0
2025-01-21 02:00:00,265.546988999169,39.55066046,16.37923865,65.41632838,0.0,159.1015267,0.292496196,159.1015267,37.64011085,13.15274666,-55.46665652,6.5,3.0
2025-01-21 02:15:00,256.2189553825432,45.90346416,14.10727974,58.75556999,0.0,148.1493094,0.288732466,148.1493094,40.52355273,7.054421829,-50.71925247,6.5,3.0
2025-01-21 02:30:00,254.94584809348186,45.7544201,22.22225225,62.49032904,0.0,149.8606822,0.291853261,149.8606822,37.28019958,13.19267903,-52.89712744,6.5,3.0
2025-01-21 02:45:00,261.99820752480605,46.41141311,24.67289232,69.89970888,0.0,139.2758943,0.283087238,139.2758943,39.09406733,19.40559194,-51.88419998,6.5,3.0
2025-01-21 03:00:00,251.5839376117711,43.50620242,18.83434414,64.82170932,0.0,146.4675739,0.28389836,146.4675739,35.93132315,9.866506921,-50.64427861,6.5,3.0
2025-01-21 03:15:00,259.2103740090493,44.56980444,13.76659914,77.68318597,0.0,137.4694007,0.295111982,137.4694007,38.21903692,6.886571735,-47.01289184,6.5,3.0
2025-01-21 03:30:00,260.7925534887303,47.47080715,16.84418484,75.14556165,0.0,132.6438459,0.291120224,132.6438459,39.60760317,13.77035688,-47.9588848,6.5,3.0
2025-01-21 03:45:00,274.1131348904494,42.08849125,20.09317997,76.04619016,0.0,141.7340281,0.281072557,141.7340281,38.8003911,14.48921328,-50.78401648,6.5,3.0
2025-01-21 04:00:00,299.204860993232,38.03575238,19.25475095,79.24386949,0.0,131.1663913,0.289181416,131.1663913,31.9365678,9.975667701,-45.5840079,6.5,3.0
2025-01-21 04:15:00,295.231100491465,46.23132241,15.76346665,59.57203003,0.0,148.6504469,0.286179887,148.6504469,40.5251895,14.61921744,-52.58285534,6.5,3.0
2025-01-21 04:30:00,298.18858141085474,44.12952629,18.55723565,82.95082534,0.0,127.9592962,0.286722648,127.9592962,35.615705,11.69787306,-45.60414289,6.5,3.0
2025-01-21 04:45:00,297.05545710444835,45.62816917,20.28453804,68.03913559,0.0,152.2341299,0.289802675,152.2341299,44.17329388,19.41292042,-56.27395157,6.5,3.0
2025-01-21 05:00:00,279.21730239072565,46.77731047,25.11729763,72.46196382,0.0,137.4118737,0.28563659,137.4118737,46.18724239,22.21887608,-52.06552662,6.5,3.0
2025-01-21 05:15:00,282.2753181557906,38.04061255,13.66544961,82.8653468,0.0,131.4680626,0.286279329,131.4680626,33.31318118,9.770135945,-45.66261205,6.5,3.0
2025-01-21 05:30:00,273.6159770566283,47.21978033,15.80868345,94.09083327,0.0,125.9874969,0.305376117,125.9874969,40.94249206,14.54120115,-45.92396733,6.5,3.0
2025-01-21 05:45:00,282.7714023968556,44.75000446,23.83057472,55.66731752,0.0,158.9026201,0.310456493,158.9026201,36.85715887,18.19330985,-57.3136123,6.5,3.0
2025-01-21 06:00:00,500.67193007717214,46.26771101,13.48308923,83.53526944,0.0,135.9305823,0.326376442,135.9305823,41.98225786,7.365471799,-47.51037483,6.5,3.0
2025-01-21 06:15:00,482.41001260523853,45.10983834,12.77120878,47.06169909,0.0,172.2333142,0.342042607,172.2333142,40.16941735,10.24937095,-58.86295634,6.5,3.0
2025-01-21 06:30:00,504.10491881790006,45.49236392,15.25196789,62.94718133,0.0,147.661105,0.335101897,147.661105,38.88775586,14.24834299,-51.98542971,6.5,3.0
2025-01-21 06:45:00,473.74313849968917,39.4527951,19.09692722,75.79539656,0.0,133.631977,0.337379544,133.631977,39.23763709,12.47624917,-47.9815291,6.5,3.0
2025-01-21 07:00:00,418.61062779216155,44.0164283,13.61609545,86.00968343,209.78070236822046,123.9747643,0.352883889,123.9747643,37.23865721,9.996991458,-43.95425355,6.5,3.0
2025-01-21 07:15:00,451.9789203664482,50.18878587,20.33100821,61.47435506,210.56682570812725,164.4490595,0.342255496,164.4490595,46.24677988,16.15955973,-59.37701204,6.5,3.0
2025-01-21 07:30:00,417.6469183786076,42.73537065,23.84528859,74.40275542,209.23103666576907,140.3174025,0.351989158,140.3174025,35.34606079,14.79914774,-50.12601774,6.5,3.0
2025-01-21 07:45:00,442.3135334627825,41.96192896,22.93966911,58.96132549,213.6914352578832,148.9924753,0.348981356,148.9924753,36.63115411,11.95298383,-51.66058443,6.5,3.0
2025-01-21 08:00:00,439.3131120387883,42.05477354,20.8409279,64.28188147,376.6047097124539,159.6798012,0.345200565,159.6798012,35.3533002,18.0330195,-57.21094223,6.5,3.0
2025-01-21 08:15:00,454.9705740191939,40.72510758,14.12574159,69.54409071,362.0419741595788,157.7787398,0.332232775,157.7787398,33.82366087,9.853854725,-53.97103561,6.5,3.0
2025-01-21 08:30:00,428.1905958133309,38.64843772,19.55038468,70.49243285,374.86055261800016,149.0916667,0.336775966,149.0916667,32.60677534,17.89722883,-53.56516067,6.5,3.0
2025-01-21 08:45:00,413.9157181286871,49.66978766,14.1755663,66.89254891,334.062763509967,150.8580546,0.35468622,150.8580546,48.55464746,12.26473557,-53.73510877,6.5,3.0
2025-01-21 09:00:00,355.3996803038937,51.12680405,13.94877,64.18865343,523.7414256324168,168.1111356,0.359874618,168.1111356,43.86667045,10.19776852,-58.06978477,6.5,3.0
2025-01-21 09:15:00,348.5862440087381,39.59225664,20.43889114,75.92670267,526.393621933069,153.1663984,0.365277742,153.1663984,35.26149527,11.21033904,-52.85877466,6.5,3.0
2025-01-21 09:30:00,354.4865188910852,49.30893271,18.09579216,59.02926907,534.2104198928805,151.9157684,0.348208797,151.9157684,39.89988315,16.56301744,-54.43938828,6.5,3.0
2025-01-21 09:45:00,312.4175567962832,45.85201676,21.59293498,58.85106338,596.3545325416335,153.2328057,0.336888228,153.2328057,45.44514412,12.44733553,-53.94583803,6.5,3.0
2025-01-21 10:00:00,319.2929684909498,48.47417368,13.28202215,66.508588,684.0214818882249,161.433384,0.354446862,161.433384,40.6034639,7.002628433,-54.85563206,6.5,3.0
2025-01-21 10:15:00,333.2908759308033,40.57260647,16.19109752,76.73154162,655.4662025363518,129.4538654,0.350447392,129.4538654,33.3592876,15.82141291,-46.99424092,6.5,3.0
2025-01-21 10:30:00,325.49693559666747,46.65515273,12.8469332,87.91796683,646.3855843362384,136.405362,0.351060707,136.405362,38.15354509,10.29657539,-47.92821081,6.5,3.0
2025-01-21 10:45:00,338.0192199815792,46.28671822,17.53183793,73.98308956,623.4467312391848,130.2070027,0.345912928,130.2070027,39.20047632,9.527960098,-45.49245768,6.5,3.0
2025-01-21 11:00:00,287.7097272196383,50.86380378,22.9039465,73.93891232,629.067773309968,149.0388724,0.35829665,149.0388724,41.18458852,16.0093763,-53.63715902,6.5,3.0
2025-01-21 11:15:00,284.39750225867124,46.12872867,19.77630017,79.90775183,594.7360470098242,137.831214,0.362960664,137.831214,40.57202734,10.29752669,-48.22386468,6.5,3.0
2025-01-21 11:30:00,296.992043118231,42.96287707,14.39810222,63.51960284,602.435801397105,147.5806856,0.362069279,147.5806856,42.826775,12.51731571,-52.29717997,6.5,3.0
2025-01-21 11:45:00,280.8207274034595,41.24266231,25.65032406,69.50754482,630.0003782831027,160.0521981,0.358395468,160.0521981,35.19625085,25.13633987,-59.67015471,6.5,3.0
2025-01-21 12:00:00,293.97060253109066,43.69060871,19.96434268,72.79927551,579.4971911880671,141.4600931,0.335040811,141.4600931,35.33133669,17.80131922,-51.54908645,6.5,3.0
2025-01-21 12:15:00,292.54658949700104,40.94591609,14.7650903,62.87999389,582.3217515256797,155.2375715,0.338954402,155.2375715,38.31451843,10.22388644,-53.56573925,6.5,3.0
2025-01-21 12:30:00,291.4684329035316,44.07447192,18.37558876,64.1949981,571.64154400002,154.168951,0.340033372,154.168951,36.61748873,16.00039502,-55.19615723,6.5,3.0
2025-01-21 12:45:00,254.0143750683767,51.68852741,19.24064491,71.69620807,518.989513286233,146.9480602,0.327431586,146.9480602,47.82421536,17.28608047,-53.83868785,6.5,3.0
2025-01-21 13:00:00,276.743923125303,48.10095176,23.70867809,53.77142368,459.45385000252696,171.8664239,0.325515196,171.8664239,42.28428361,21.3473097,-62.33279115,6.5,3.0
2025-01-21 13:15:00,270.68198692631125,48.90907046,13.98393732,73.73867849,430.4418674793706,156.4109492,0.321927152,156.4109492,40.92683283,7.258832038,-53.10216058,6.5,3.0
2025-01-21 13:30:00,256.89178082123937,39.65400311,20.95532053,71.30300076,453.8696621672383,147.4564707,0.323095117,147.4564707,33.87149055,13.59662682,-51.17888914,6.5,3.0
2025-01-21 13:45:00,268.95230912714646,39.6320601,19.14683871,57.74731141,465.8846203508642,156.8071917,0.340536229,156.8071917,35.19162421,15.47558707,-55.34901538,6.5,3.0
2025-01-21 14:00:00,286.47154499798637,38.80555758,16.71123484,58.29596367,587.0830542209159,158.1232683,0.33948389,158.1232683,31.63698135,9.331444571,-53.42902718,6.5,3.0
2025-01-21 14:15:00,281.52420851580314,39.17139077,22.17019751,55.52747083,633.0963545372655,163.7046281,0.357427161,163.7046281,33.49898401,16.18503152,-57.20221675,6.5,3.0
2025-01-21 14:30:00,279.84444865734616,45.08873728,23.06157368,61.19550786,594.6770422896519,152.1923207,0.366435416,152.1923207,44.80193204,18.52339471,-55.9354076,6.5,3.0
2025-01-21 14:45:00,264.5197978288643,47.47594058,24.27827353,63.1284343,608.3335489521669,151.2864977,0.367695828,151.2864977,38.6661033,19.23142532,-54.98909073,6.5,3.0
2025-01-21 15:00:00,309.21830141488596,44.93162158,24.43065211,68.13072659,583.0650032659204,148.3186546,0.381983813,148.3186546,44.5178482,14.44911977,-53.64126186,6.5,3.0
2025-01-21 15:15:00,299.8724363324587,39.56830073,20.98244166,62.43269931,591.7719180093192,155.5509762,0.382884882,155.5509762,36.12238987,11.49925591,-53.5408791,6.5,3.0
2025-01-21 15:30:00,300.5313165849895,43.10837823,24.44057239,70.99401955,612.4517077091517,158.9866018,0.373591216,158.9866018,37.22761463,19.5939204,-57.26397484,6.5,3.0
2025-01-21 15:45:00,271.797945667666,40.55709889,22.53823573,76.54426944,628.8613710156087,141.3022372,0.387039627,141.3022372,33.56118718,15.42051937,-49.88145502,6.5,3.0
2025-01-21 16:00:00,375.5108203687944,38.29600906,16.59432833,62.7257958,375.87722512382385,151.3854429,0.38116842,151.3854429,36.03004402,15.11181753,-53.1995646,6.5,3.0
2025-01-21 16:15:00,376.567202201299,49.17268608,20.14979188,64.1390715,369.94838887873135,155.2950196,0.362996926,155.2950196,43.00702114,11.30661511,-54.1834504,6.5,3.0
2025-01-21 16:30:00,372.18232558114715,40.07045978,20.81055246,65.83911075,366.87934539773727,157.3731409,0.369076333,157.3731409,39.32990229,15.79452805,-56.25178518,6.5,3.0
2025-01-21 16:45:00,312.6796518487595,50.71852065,18.2186619,71.42416349,367.3050405997076,142.390926,0.381384299,142.390926,50.26327259,13.87976843,-52.24324467,6.5,3.0
2025-01-21 17:00:00,440.9257613932558,43.13895279,24.99964951,76.47562895,187.46134088728004,147.931404,0.37970287,147.931404,36.68305887,15.42299083,-52.48722455,9.0,3.0
2025-01-21 17:15:00,463.0794325375992,43.49118067,22.26325196,68.67953752,197.3389951879859,145.3631311,0.375648683,145.3631311,36.93228192,14.36022113,-51.33129724,9.0,3.0
2025-01-21 17:30:00,455.1212122084173,49.80091213,19.07581282,71.84860485,184.71978415757496,151.2162158,0.370463824,151.2162158,40.6971988,18.51789148,-55.01945326,9.0,3.0
2025-01-21 17:45:00,466.0335938607277,40.94091168,21.6167463,52.91559162,194.7398797671591,171.3482447,0.383692121,171.3482447,35.35003967,15.61728979,-60.04098039,9.0,3.0
2025-01-21 18:00:00,478.17058087688406,43.37553097,22.82620692,52.55916154,0.0,162.2765436,0.37434118,162.2765436,40.1967099,12.35921786,-56.86604911,9.0,3.0
2025-01-21 18:15:00,469.0747632510825,40.53216564,19.45014004,62.43340892,0.0,169.3463847,0.379619317,169.3463847,36.29303199,10.83253566,-57.55613751,9.0,3.0
2025-01-21 18:30:00,506.1385055064969,45.61478725,15.97342959,75.24418771,0.0,141.7801257,0.379498359,141.7801257,39.36213267,14.8231467,-50.48755018,9.0,3.0
2025-01-21 18:45:00,477.7161503655366,47.2953832,13.88085447,56.03386647,0.0,158.0342522,0.376387223,158.0342522,38.50658517,9.499523081,-54.35220293,9.0,3.0
2025-01-21 19:00:00,488.9124804981725,44.42844539,22.20810986,67.71202111,0.0,145.4967544,0.37817984,145.4967544,36.73416448,16.67983187,-52.50455793,9.0,3.0
2025-01-21 19:15:00,485.6493251886218,43.50200607,14.73664639,59.28172653,0.0,157.6579689,0.381916378,157.6579689,37.89555374,8.953723073,-53.72141444,9.0,3.0
2025-01-21 19:30:00,487.523692862189,49.69298293,20.72289925,61.80369291,0.0,171.1416737,0.407084743,171.1416737,44.54131705,16.81015445,-60.7698332,9.0,3.0
2025-01-21 19:45:00,403.22450145101675,44.47988835,19.31693273,55.59517002,0.0,163.6558842,0.389021454,163.6558842,43.35271985,14.07033013,-58.03958625,9.0,3.0
2025-01-21 20:00:00,448.1881324271173,49.22922283,17.67310395,68.9874957,0.0,160.4305359,0.391484223,160.4305359,47.88979694,10.56710218,-56.50585612,9.0,3.0
2025-01-21 20:15:00,467.42493830554173,47.24515173,18.22556134,67.0922448,0.0,150.7325617,0.403392474,150.7325617,44.42653903,15.27289483,-54.09837089,9.0,3.0
2025-01-21 20:30:00,439.5885189529058,42.68538738,16.2917226,72.81401664,0.0,161.9289885,0.40539791,161.9289885,37.41446406,8.921132854,-54.97985426,9.0,3.0
2025-01-21 20:45:00,484.3584103144351,50.28770505,18.20371613,72.77621893,0.0,152.0728724,0.399013239,152.0728724,40.40334429,12.46815817,-53.27204624,9.0,3.0
2025-01-21 21:00:00,314.1490269117818,50.53777663,16.26360625,59.35935883,0.0,175.231198,0.391161719,175.231198,40.75499273,14.82189939,-61.06660056,9.0,3.0
2025-01-21 21:15:00,312.4713939964524,41.68969406,17.39838001,43.48097293,0.0,182.990445,0.386557131,182.990445,37.33724862,9.742796923,-61.62978163,9.0,3.0
2025-01-21 21:30:00,296.79666995384105,44.5306083,21.451832,63.65306391,0.0,156.7048103,0.394453481,156.7048103,42.99422641,14.01218544,-55.85380764,9.0,3.0
2025-01-21 21:45:00,310.0329091379249,49.28771705,19.94469861,56.40050439,0.0,161.0125766,0.408309503,161.0125766,42.59309136,11.60709749,-55.89391181,9.0,3.0
2025-01-21 22:00:00,317.60231301418946,48.49232717,21.26319537,59.56589796,0.0,157.3224901,0.403236228,157.3224901,46.27031282,14.25176671,-56.24205168,6.5,3.0
2025-01-21 22:15:00,314.95955627235304,38.05184212,18.87112693,70.15791811,0.0,148.7812001,0.390578186,148.7812001,37.85369762,15.88120255,-53.69758562,6.5,3.0
2025-01-21 22:30:00,307.4229028645936,42.79843013,16.28017405,71.01510697,0.0,172.355395,0.380752779,172.355395,34.67018505,14.23389946,-59.75834144,6.5,3.0
2025-01-21 22:45:00,318.20522784886384,43.7646462,15.68053702,62.96968397,0.0,155.6490601,0.40340634,155.6490601,37.36243723,10.0672469,-53.41658334,6.5,3.0
2025-01-21 23:00:00,270.30091579570336,47.15510141,25.58821949,49.56129332,0.0,190.5950706,0.410304398,190.5950706,46.30436901,24.02851201,-69.43525349,6.5,3.0
2025-01-21 23:15:00,268.9545622972204,45.41804887,17.13063252,68.70792776,0.0,168.7031724,0.404896053,168.7031724,37.24748168,14.43405364,-58.68891174,6.5,3.0
2025-01-21 23:30:00,280.08369051738947,44.77743131,13.43316739,65.62154885,0.0,164.9699735,0.414394459,164.9699735,40.69671562,8.372940175,-56.17844828,6.5,3.0
2025-01-21 23:45:00,254.6608313896868,42.52900334,21.92797256,74.07284695,0.0,144.5726404,0.421256111,144.5726404,40.83533862,15.97957823,-52.53070978,6.5,3.0
2025-01-22 00:00:00,311.54768839137984,41.60418534,16.54415433,73.60098997,0.0,157.4131672,0.423585677,157.4131672,40.58617511,14.6599639,-55.9514778,6.5,3.0
2025-01-22 00:15:00,313.5358531085044,47.9314738,24.71120236,59.90826268,0.0,167.6672057,0.42910549,167.6672057,46.93372299,16.28432844,-60.06046239,6.5,3.0
2025-01-22 00:30:00,309.68287304259763,41.11403844,12.9201811,68.85045808,0.0,156.6954638,0.424115789,156.6954638,39.55893522,10.24204829,-54.28797057,6.5,3.0
2025-01-22 00:45:00,265.5835854575181,42.00583679,16.27918108,59.42656807,0.0,169.6221026,0.44069278,169.6221026,41.94829944,9.23956571,-58.05482032,6.5,3.0
2025-01-22 01:00:00,257.37205709169467,39.88702697,23.60862554,57.08656158,0.0,160.0139691,0.453137018,160.0139691,38.71470202,20.35558523,-58.46627141,6.5,3.0
2025-01-22 01:15:00,253.58215257889822,47.44087447,19.19309887,52.24632817,0.0,167.0684494,0.450322853,167.0684494,44.43235567,17.06057655,-59.48337147,6.5,3.0
2025-01-22 01:30:00,270.7302697717412,45.45717274,18.70161663,56.44813705,0.0,165.833643,0.458824768,165.833643,42.24671527,10.9865837,-57.0990679,6.5,3.0
2025-01-22 01:45:00,257.1255205576658,41.19486715,21.90611479,56.4325362,0.0,172.435788,0.464286577,172.435788,38.81272141,16.79969336,-60.98975327,6.5,3.0
2025-01-22 02:00:00,283.6060269888104,39.43280582,17.81896256,69.5537881,0.0,145.0167119,0.472647256,145.0167119,38.4730522,9.584759688,-50.19989345,6.5,3.0
2025-01-22 02:15:00,270.1549453797046,47.33353551,20.31174183,59.179675,0.0,169.2331031,0.475183667,169.2331031,46.13920452,11.35861112,-58.90521961,6.5,3.0
2025-01-22 02:30:00,277.0661975616236,40.9294998,19.96510735,59.45546898,0.0,162.9570115,0.469395821,162.9570115,38.40653386,10.55029207,-55.77849434,6.5,3.0
2025-01-22 02:45:00,251.7228300698614,48.79526882,21.6080881,61.61790232,0.0,163.9820271,0.464444747,163.9820271,41.6648071,15.15208216,-58.3144123,6.5,3.0
2025-01-22 03:00:00,252.91626440914663,40.29076283,22.00112655,70.99619984,0.0,145.0623902,0.464026952,145.0623902,36.02582715,16.3746309,-52.35911667,6.5,3.0
2025-01-22 03:15:00,269.48110452097853,52.2919082,22.1457354,67.83615459,0.0,156.0449896,0.459304867,156.0449896,47.2958544,19.5563308,-57.46639063,6.5,3.0
2025-01-22 03:30:00,255.6000073221361,43.65141096,15.19917177,67.31896676,0.0,165.3490003,0.470109103,165.3490003,41.36565815,13.45280434,-57.84376054,6.5,3.0
2025-01-22 03:45:00,263.6026237477387,46.97517186,16.98781202,58.2844456,0.0,168.2176125,0.464325139,168.2176125,43.50359399,11.02742026,-58.06096878,6.5,3.0
2025-01-22 04:00:00,282.76371948832673,43.21147991,17.62902595,54.13285719,0.0,166.4967575,0.446085528,166.4967575,41.84490519,11.2984006,-58.05960889,6.5,3.0
2025-01-22 04:15:00,266.5807610675826,45.90238011,21.98932096,62.08627103,0.0,166.4695136,0.457690928,166.4695136,37.06999346,18.44177553,-59.21721554,6.5,3.0
2025-01-22 04:30:00,274.11952965791716,38.51371191,25.24219747,71.52078587,0.0,156.8874766,0.461356912,156.8874766,32.97818003,17.52963693,-55.87804755,6.5,3.0
2025-01-22 04:45:00,261.5959897861735,50.20411372,20.6459703,52.58278795,0.0,176.9332968,0.454066695,176.9332968,42.43333885,15.27720153,-61.7360682,6.5,3.0
2025-01-22 05:00:00,294.6808880365174,50.69443002,24.30535901,66.76608985,0.0,162.6282185,0.453283648,162.6282185,48.70626684,18.5866721,-59.80842566,6.5,3.0
2025-01-22 05:15:00,290.55209363422347,43.91165884,25.48161759,62.54078156,0.0,170.9860087,0.453699678,170.9860087,41.216481,15.34850035,-60.25429147,6.5,3.0
2025-01-22 05:30:00,303.71372923885116,49.01191953,14.22768844,48.11303631,0.0,163.6505606,0.457032527,163.6505606,47.1559448,12.26127364,-58.08735093,6.5,3.0
2025-01-22 05:45:00,313.4732890904081,43.42713782,13.27505364,44.51142826,0.0,174.1582709,0.462330352,174.1582709,41.99334838,12.78243636,-60.67914992,6.5,3.0
2025-01-22 06:00:00,493.6998945988596,49.15236928,23.84443269,58.3564426,0.0,161.3628718,0.468979504,161.3628718,48.19382204,12.67476366,-57.0986994,6.5,3.0
2025-01-22 06:15:00,475.63737345542324,40.63810659,20.22342492,70.92274506,0.0,146.1917276,0.478452816,146.1917276,35.85619336,15.70712858,-52.39100139,6.5,3.0
2025-01-22 06:30:00,483.1806506333373,49.38341443,17.10233599,59.94852487,0.0,171.8202892,0.487664289,171.8202892,45.10177133,14.3823331,-60.51731357,6.5,3.0
2025-01-22 06:45:00,502.64208131238,52.37815485,21.29651183,51.78586662,0.0,179.1646128,0.483789335,179.1646128,46.67613176,15.91353825,-63.42217246,6.5,3.0
2025-01-22 07:00:00,458.0977979193113,43.6280308,24.48456841,60.62851338,208.02834208826403,173.1134113,0.482915525,173.1134113,38.6974245,14.45769773,-59.75021535,6.5,3.0
2025-01-22 07:15:00,467.5890273895272,43.44471645,14.70320573,62.65852466,217.8698429972028,158.0608846,0.497481333,158.0608846,36.54958629,9.244802977,-54.19344103,6.5,3.0
2025-01-22 07:30:00,450.2081753268508,43.45812563,18.82715237,55.95090602,212.6735269360019,177.9755933,0.495291116,177.9755933,38.26420292,15.77395306,-62.65041758,6.5,3.0
2025-01-22 07:45:00,474.8049993643108,49.56419634,24.56480286,57.66972596,206.59828797853118,161.780009,0.49541899,161.780009,39.91955488,21.41666243,-58.95918057,6.5,3.0
2025-01-22 08:00:00,398.7136300896988,38.1940922,16.79256916,60.57713883,355.36725653576264,155.4696362,0.504004311,155.4696362,36.54348426,9.894651277,-53.48676908,6.5,3.0
2025-01-22 08:15:00,387.01921893139604,44.63702199,26.05009386,64.9881594,353.76986183345656,182.4563588,0.513397349,182.4563588,39.89610169,24.92984273,-65.89049792,6.5,3.0
2025-01-22 08:30:00,396.005588059064,40.00597517,19.16831298,49.0159114,342.63606932914007,193.1172758,0.525054276,193.1172758,33.15106511,19.02241937,-67.21294617,6.5,3.0
2025-01-22 08:45:00,445.8115629198412,38.61424229,16.74919603,68.7264806,388.3868123016407,156.6618221,0.535971533,156.6618221,37.55012039,13.38744494,-55.02467644,6.5,3.0
2025-01-22 09:00:00,409.0576678679359,43.84098427,20.87208137,71.56269521,529.1362813054261,155.8333936,0.524605549,155.8333936,36.11596773,11.79533546,-54.13779989,6.5,3.0
2025-01-22 09:15:00,411.5763186461086,50.22421536,19.12014804,36.99891982,524.97747776055,196.1942015,0.519650541,196.1942015,48.06573677,14.37985029,-68.11864183,6.5,3.0
2025-01-22 09:30:00,419.4344378176269,47.4609863,19.09575348,69.43084637,534.3610115783072,162.207024,0.527840298,162.207024,43.99395976,14.84560963,-57.85524951,6.5,3.0
2025-01-22 09:45:00,450.38157566832865,49.18726996,19.22985226,48.68141096,519.9652293557169,180.9968718,0.508640079,180.9968718,39.60274697,10.08904172,-61.74581743,6.5,3.0
2025-01-22 10:00:00,317.2704523555457,46.11372696,19.42959993,71.64277935,677.7142290660097,150.8270382,0.521506964,150.8270382,42.28616303,15.3433577,-54.22496523,6.5,3.0
2025-01-22 10:15:00,314.18054096674996,40.64060281,23.28978382,63.99942717,666.8267243565341,175.440704,0.509184188,175.440704,39.27570419,13.15444356,-60.67155042,6.5,3.0
2025-01-22 10:30:00,330.7822820132928,39.73955942,24.9898898,38.34265876,680.4728479498607,187.0925831,0.514071151,187.0925831,35.05161135,17.45127868,-65.4286157,6.5,3.0
2025-01-22 10:45:00,347.0567246644116,50.39809277,22.96460359,82.14950282,575.0461986275955,146.1069085,0.510839131,146.1069085,43.56582502,17.4712298,-53.94503354,6.5,3.0
2025-01-22 11:00:00,276.493427159202,41.34327249,18.45435664,52.69359986,564.0310353756875,179.7033657,0.504110431,179.7033657,40.28837574,13.26531642,-61.88258966,6.5,3.0
2025-01-22 11:15:00,274.95432066998825,41.2491904,14.42942361,66.82506113,536.1361184308654,174.5730111,0.51112678,174.5730111,37.877957,10.43647997,-59.32475899,6.5,3.0
2025-01-22 11:30:00,289.2716391293628,49.62442547,21.91569831,60.04209253,584.9535183277677,167.2986719,0.514439638,167.2986719,42.96034518,14.49811354,-58.84566858,6.5,3.0
2025-01-22 11:45:00,281.3306130414469,47.82882135,13.79333569,73.01507203,561.0293278656795,155.5304196,0.526076098,155.5304196,42.38962645,8.349758504,-53.40392231,6.5,3.0
2025-01-22 12:00:00,285.7973372946857,46.81038112,17.24246529,54.99086004,507.3805896285552,178.8062774,0.530543309,178.8062774,45.29435398,10.48270975,-61.5502212,6.5,3.0
2025-01-22 12:15:00,279.0634153189477,48.93081156,20.12405916,70.83057019,521.5769176203909,159.8275744,0.5246061,159.8275744,45.5933393,16.06227955,-57.16287481,6.5,3.0
2025-01-22 12:30:00,295.8979850944433,49.56920312,17.10374267,68.37882393,507.3342683867878,157.2478121,0.53725067,157.2478121,46.0344435,9.819280839,-54.72651241,6.5,3.0
2025-01-22 12:45:00,310.0412622919232,43.00877112,18.05761366,74.48880221,588.1882243642663,154.1401848,0.544665227,154.1401848,37.47419562,9.112638625,-52.59221167,6.5,3.0
2025-01-22 13:00:00,274.7504095009139,50.49793983,17.49671987,65.5573947,444.3068622513577,157.5932173,0.550064974,157.5932173,49.02382515,15.10220951,-56.96168021,6.5,3.0
2025-01-22 13:15:00,277.5926719923439,41.10511517,15.22989567,69.29894831,469.7560828832129,174.5225628,0.551181855,174.5225628,33.29541334,10.20947453,-58.61218286,6.5,3.0
2025-01-22 13:30:00,281.4493920059129,49.09590886,15.64521888,71.74967907,472.02245387463745,161.5429713,0.551621564,161.5429713,45.51688782,13.16285261,-57.54912462,6.5,3.0
2025-01-22 13:45:00,264.16752650082935,53.86874526,13.49204194,52.10479443,470.09460099079206,187.9626452,0.557951047,187.9626452,45.09888242,11.575649,-64.35695384,6.5,3.0
2025-01-22 14:00:00,263.3489904305962,42.76861441,18.62242712,80.72678546,431.34906506727623,151.3527353,0.566123097,151.3527353,35.19773239,13.55857313,-53.05399808,6.5,3.0
2025-01-22 14:15:00,263.4083847820308,41.58820539,13.49534323,39.9087684,401.52599250816854,184.232854,0.567636187,184.232854,34.502773,9.272185341,-61.89384603,6.5,3.0
2025-01-22 14:30:00,250.0344805090901,43.35176565,21.21761826,59.20983026,428.3642935319325,170.5781685,0.575386671,170.5781685,36.99245446,12.11032851,-59.14308139,6.5,3.0
2025-01-22 14:45:00,272.04814427828273,45.59394262,23.3659777,59.0509859,382.7906488926226,180.8273605,0.583528012,180.8273605,44.27441959,17.64985503,-64.39402403,6.5,3.0
2025-01-22 15:00:00,282.5178421561891,46.88814714,19.56554994,57.80420987,607.5967726061909,170.1612191,0.572308208,170.1612191,42.43752635,13.04788139,-59.8473733,6.5,3.0
2025-01-22 15:15:00,289.98965955961665,51.91915039,14.68830001,55.00335152,608.4511924884102,185.0632481,0.560941603,185.0632481,49.54018833,8.13896156,-62.75777679,6.5,3.0
2025-01-22 15:30:00,282.4823931354056,46.29882363,25.60991579,68.92789359,595.0355466768085,168.8954853,0.561846338,168.8954853,42.50842242,21.61305635,-61.65900308,6.5,3.0
2025-01-22 15:45:00,313.6701051487887,39.18470065,14.76085065,61.68792472,680.2864882285901,169.1006876,0.558974056,169.1006876,37.61666049,10.45672469,-57.95869501,6.5,3.0
2025-01-22 16:00:00,416.6920894822799,41.49824131,24.35892409,55.39485134,379.98436428962884,170.7957744,0.544349678,170.7957744,40.93789153,16.78059093,-60.39780054,6.5,3.0
2025-01-22 16:15:00,391.27174882332184,52.37462824,25.65581239,52.26015527,384.6599570933498,186.8489989,0.542619018,186.8489989,50.22346134,12.95200293,-65.14261944,6.5,3.0
2025-01-22 16:30:00,385.3083148577034,47.96474409,14.46037222,63.25910836,373.7615240168842,167.3199658,0.530367014,167.3199658,41.82594843,8.767669278,-57.11909108,6.5,3.0
2025-01-22 16:45:00,412.59784683669477,47.01404392,23.07583368,42.67745522,355.1341546001372,192.596057,0.519393387,192.596057,39.47850303,17.74120042,-67.63629644,6.5,3.0
2025-01-22 17:00:00,461.74396734043313,38.81797227,20.5241957,51.38337893,209.3942339804783,179.7413623,0.529192908,179.7413623,34.38137604,11.72460705,-61.3909428,9.0,3.0
2025-01-22 17:15:00,475.67348357179606,39.91906007,13.3268561,58.58277243,214.07795466294593,171.4457902,0.527006782,171.4457902,33.96240335,10.85821393,-58.65844366,9.0,3.0
2025-01-22 17:30:00,462.92405427066325,49.4067492,20.3686521,53.06921728,216.5823761862796,162.3185308,0.529745488,162.3185308,47.95059016,10.95012873,-57.15359052,9.0,3.0
2025-01-22 17:45:00,490.94849481710753,42.98430259,19.45109794,44.66674798,211.4954351702961,182.9147541,0.536193061,182.9147541,37.76943657,12.69739831,-62.81620409,9.0,3.0
2025-01-22 18:00:00,475.4103543269181,52.17118552,23.26934904,66.01693158,0.0,164.1648582,0.548120172,164.1648582,48.23618846,17.36310524,-59.55901684,9.0,3.0
2025-01-22 18:15:00,468.30522269240845,39.3808478,21.30074594,70.34202331,0.0,161.9792812,0.562291795,161.9792812,31.54608029,15.30492792,-56.47902263,9.0,3.0
2025-01-22 18:30:00,442.44698525034295,44.53947122,20.55275667,58.18239634,0.0,166.5930786,0.560609503,166.5930786,39.71717672,17.21373482,-59.52493356,9.0,3.0
2025-01-22 18:45:00,471.6974377303304,50.61207764,19.70492696,52.83664349,0.0,176.4380413,0.574879211,176.4380413,49.57341432,17.32468744,-62.43254899,9.0,3.0
2025-01-22 19:00:00,469.7790472033853,46.89930288,13.58674434,31.2657658,0.0,195.5343569,0.578590601,195.5343569,45.69147421,9.992673067,-66.61146128,9.0,3.0
2025-01-22 19:15:00,463.65173233964583,43.79859787,19.53099038,53.48782512,0.0,179.1415533,0.580053045,179.1415533,40.51840825,11.8568981,-61.57325845,9.0,3.0
2025-01-22 19:30:00,491.85639966848896,41.53965251,14.00648911,58.95278321,0.0,167.7474572,0.591765275,167.7474572,38.80439338,10.20935138,-57.63154013,9.0,3.0
2025-01-22 19:45:00,456.7128207884798,42.95584153,19.84878107,69.12183473,0.0,169.7504248,0.580951304,169.7504248,41.39612594,16.41040274,-60.35892541,9.0,3.0
2025-01-22 20:00:00,468.0273397114798,51.61886907,23.48640407,58.00276975,0.0,178.6064461,0.583346422,178.6064461,46.91381583,15.60652972,-63.29883929,9.0,3.0
2025-01-22 20:15:00,460.8996261515759,46.62111276,24.29806175,72.11254854,0.0,162.7349967,0.58971076,162.7349967,45.99802595,18.40424884,-59.18450448,9.0,3.0
2025-01-22 20:30:00,470.6138792890744,43.28898713,20.87771878,76.34945576,0.0,155.9555281,0.575568252,155.9555281,41.06947765,14.51708138,-55.25072551,9.0,3.0
2025-01-22 20:45:00,444.22915484786995,47.41086293,15.07976655,68.85468347,0.0,167.7032735,0.570117979,167.7032735,42.45269653,13.15637855,-58.42811556,9.0,3.0
2025-01-22 21:00:00,300.34751272717824,40.1230556,13.54832933,61.90280914,0.0,169.3717766,0.563376479,169.3717766,32.45898618,7.917346125,-56.477321,9.0,3.0
2025-01-22 21:15:00,315.15097342300714,50.40381668,15.29377976,60.07988016,0.0,181.6623888,0.574438484,181.6623888,49.64741,10.02761905,-62.75109111,9.0,3.0
2025-01-22 21:30:00,314.48466604007615,47.92961621,17.72123387,67.69009099,0.0,166.8837995,0.560376833,166.8837995,39.79637942,15.18752559,-58.67199728,9.0,3.0
2025-01-22 21:45:00,314.8368478097384,40.19214724,16.88377244,67.54058436,0.0,172.0351127,0.563196609,172.0351127,39.68586071,12.03961173,-59.25927444,9.0,3.0
2025-01-22 22:00:00,317.2525145214937,45.06156562,16.89299132,56.58095238,0.0,179.8282399,0.548230415,179.8282399,39.83636386,12.64943712,-61.59007789,6.5,3.0
2025-01-22 22:15:00,302.4472317699758,43.41237131,18.5795058,52.02450319,0.0,177.6349369,0.541949373,177.6349369,36.1846392,10.77920039,-60.35861722,6.5,3.0
2025-01-22 22:30:00,311.92151587292443,40.24004773,17.74763103,77.42361919,0.0,169.8695054,0.538093399,169.8695054,35.92758842,8.881455828,-57.65237604,6.5,3.0
2025-01-22 22:45:00,326.54873783560606,49.52590386,13.94216117,66.23026579,0.0,175.1205167,0.544910031,175.1205167,45.54033344,10.40557803,-60.84515751,6.5,3.0
2025-01-22 23:00:00,251.23364786019076,43.71156156,16.47716427,79.91825628,0.0,152.2934867,0.532995016,152.2934867,36.37450444,16.19285626,-54.75943678,6.5,3.0
2025-01-22 23:15:00,266.1376110554882,44.67887939,25.53685463,50.56312365,0.0,186.0254168,0.521119167,186.0254168,37.07252835,22.34945868,-66.78391576,6.5,3.0
2025-01-22 23:30:00,258.843882000125,41.66754876,25.87894438,59.44553801,0.0,169.5011791,0.525712485,169.5011791,41.30932759,14.24607502,-59.72388348,6.5,3.0
2025-01-22 23:45:00,274.09485908419606,50.02230559,14.76429584,41.81511803,0.0,197.2204556,0.521467514,197.2204556,47.13665632,11.82268623,-67.92286156,6.5,3.0
2025-01-23 00:00:00,240.69439295751081,41.63168459,20.94084614,60.11898103,0.0,186.1346714,0.525698305,186.1346714,37.90478042,20.4606003,-66.13760439,6.5,3.0
2025-01-23 00:15:00,259.49370242133733,43.69516977,19.73420108,54.09458887,0.0,183.771069,0.505437739,183.771069,37.60125681,11.48808148,-62.68345595,6.5,3.0
2025-01-23 00:30:00,254.03213539184836,46.69471659,14.96003956,59.09767998,0.0,180.7479465,0.502635627,180.7479465,43.06838039,12.92363642,-62.53297433,6.5,3.0
2025-01-23 00:45:00,248.0297692293035,45.34240638,13.62005824,78.24852718,0.0,160.5365471,0.512323711,160.5365471,39.52345476,8.561843894,-54.55732692,6.5,3.0
2025-01-23 01:00:00,281.90817282788055,44.44832739,13.16404834,61.4718201,0.0,176.0333216,0.501577318,176.0333216,44.09351591,7.027672509,-59.6672272,6.5,3.0
2025-01-23 01:15:00,283.3006496051444,46.08949398,25.24346659,75.60567185,0.0,152.2462602,0.507468174,152.2462602,42.32711921,16.8710332,-55.21604785,6.5,3.0
2025-01-23 01:30:00,276.4340062962828,49.58316521,17.41405122,62.88193704,0.0,176.3119098,0.506468642,176.3119098,47.08840966,15.94114439,-62.83774406,6.5,3.0
2025-01-23 01:45:00,259.19717127069225,49.25843789,17.55718744,51.93322227,0.0,183.6874021,0.511549776,183.6874021,39.91160085,17.42429836,-64.61756357,6.5,3.0
2025-01-23 02:00:00,322.90458397959435,38.01436672,24.55728902,50.33549746,0.0,179.3552283,0.513423366,179.3552283,37.43797026,15.21438604,-62.61390404,6.5,3.0
2025-01-23 02:15:00,297.7633309580261,41.7958923,14.79205084,57.72306405,0.0,187.4705411,0.506308879,187.4705411,38.01593018,11.44094105,-63.8151992,6.5,3.0
2025-01-23 02:30:00,314.25130393263555,43.66269398,14.04695264,54.44507998,0.0,194.7852461,0.518348438,194.7852461,40.50987709,11.19489128,-66.30030852,6.5,3.0
2025-01-23 02:45:00,304.33078112974397,48.51872893,19.28580271,47.11215953,0.0,182.648465,0.508813279,182.648465,43.67986899,12.69733747,-62.79890122,6.5,3.0
2025-01-23 03:00:00,323.16117380811124,53.35025688,25.6959506,76.34199149,0.0,164.0358126,0.496548125,164.0358126,42.89987962,19.50914121,-59.90287669,6.5,3.0
2025-01-23 03:15:00,313.02805816894335,51.76423409,19.29342901,54.20832354,0.0,182.3508804,0.477272207,182.3508804,46.55419989,13.31754556,-63.73149911,6.5,3.0
2025-01-23 03:30:00,327.35567727556815,49.68256124,23.50450937,62.35832399,0.0,174.2144321,0.472283722,174.2144321,40.4733769,22.14167194,-63.77828523,6.5,3.0
2025-01-23 03:45:00,288.2050907473773,51.71474181,16.01971457,44.14278148,0.0,206.1605452,0.465711164,206.1605452,46.59091072,8.873761378,-69.46532552,6.5,3.0
2025-01-23 04:00:00,269.4345736876275,41.78061466,16.20710797,62.6582988,0.0,194.7640614,0.465315542,194.7640614,41.22808193,11.33602266,-66.05840815,6.5,3.0
2025-01-23 04:15:00,265.7001369875271,47.79389983,16.61117537,68.81012041,0.0,167.3437006,0.46199606,167.3437006,39.82815284,15.59642025,-59.29814591,6.5,3.0
2025-01-23 04:30:00,258.2660091393101,46.55855129,15.96084223,73.21830744,0.0,176.0216912,0.444182242,176.0216912,37.74767974,10.40841838,-60.17988951,6.5,3.0
2025-01-23 04:45:00,248.09928018553535,43.82990612,23.63480316,49.08009313,0.0,194.1943699,0.444841878,194.1943699,38.4705677,15.81257226,-68.02655885,6.5,3.0
2025-01-23 05:00:00,320.08058541260084,41.37449185,25.04058355,49.89596074,0.0,191.3037586,0.461657516,191.3037586,36.5573418,21.39980837,-69.0208782,6.5,3.0
2025-01-23 05:15:00,299.81789719912325,42.39270486,25.51858936,57.38510668,0.0,184.1456807,0.447946258,184.1456807,36.93871245,22.74097524,-66.69455006,6.5,3.0
2025-01-23 05:30:00,302.7474603079503,42.92142746,18.14189376,65.69639889,0.0,181.460433,0.440641277,181.460433,36.7210867,17.9496624,-63.81986543,6.5,3.0
2025-01-23 05:45:00,309.6540570803255,43.9043342,22.46285837,69.27248006,0.0,165.888225,0.447494106,165.888225,37.19393724,14.49752005,-58.1991477,6.5,3.0
2025-01-23 06:00:00,397.51661340419554,42.20994239,18.33191387,56.18011956,0.0,186.5161491,0.444945134,186.5161491,37.41815351,9.944603873,-63.14802198,6.5,3.0
2025-01-23 06:15:00,388.17724036049265,39.64913618,15.00956095,71.97168854,0.0,167.5068728,0.449731147,167.5068728,36.77153443,8.60335377,-56.79680692,6.5,3.0
2025-01-23 06:30:00,387.8051408646077,51.75857481,20.31301403,56.44125173,0.0,194.5667136,0.444827133,194.5667136,48.31297593,10.76773878,-66.85702789,6.5,3.0
2025-01-23 06:45:00,384.3510053707041,45.31390839,15.53349608,66.04311029,0.0,178.6682257,0.434557129,178.6682257,44.30822295,14.07581903,-62.78153809,6.5,3.0
2025-01-23 07:00:00,417.34533750199176,40.10177355,24.68143266,50.37641362,165.18363364854469,177.7488654,0.434980275,177.7488654,32.91484736,18.64072355,-62.72578547,6.5,3.0
2025-01-23 07:15:00,405.2921206770088,43.28855197,14.33903437,64.16481671,160.09030846440527,177.9532717,0.433075779,177.9532717,37.21389634,8.726916544,-59.97677314,6.5,3.0
2025-01-23 07:30:00,412.67832184108926,51.95483313,18.93114201,52.43088259,170.5396971242239,186.0444422,0.426704494,186.0444422,51.29795703,11.25209501,-64.73051998,6.5,3.0
2025-01-23 07:45:00,360.9842199799102,46.40224775,24.55566213,55.29608587,156.29636076282617,191.3551313,0.404519619,191.3551313,39.57028713,13.6513714,-66.21710749,6.5,3.0
2025-01-23 08:00:00,434.59565586984166,47.86074196,19.78801791,60.20507906,405.757539551064,184.5805765,0.403287341,184.5805765,40.27621806,14.49077938,-64.11081571,6.5,3.0
2025-01-23 08:15:00,451.336674058515,40.47474656,24.20167335,67.17561972,398.960246126944,167.1614064,0.410931194,167.1614064,39.93345548,13.59030159,-58.66987172,6.5,3.0
2025-01-23 08:30:00,470.09094161373105,51.86328413,15.22094652,71.18984724,400.6975488194321,163.7244165,0.405542404,163.7244165,43.69148144,12.92575551,-57.45132324,6.5,3.0
2025-01-23 08:45:00,453.8067284579122,43.66032418,22.64962625,59.92223201,454.8646655025598,183.1404333,0.406628391,183.1404333,37.28787356,13.73100718,-63.2690568,6.5,3.0
2025-01-23 09:00:00,323.98201749658637,43.3460814,14.33245668,53.97558397,486.9928041072826,178.9006105,0.420003001,178.9006105,36.80971116,9.482554227,-60.45394941,6.5,3.0
2025-01-23 09:15:00,326.7795716750764,42.39468227,18.8270759,50.54898383,482.9793482331134,183.0919163,0.412246136,183.0919163,42.12538463,15.27429627,-64.24353294,6.5,3.0
2025-01-23 09:30:00,348.4452494902609,43.56762445,15.88250804,76.74617582,498.51015000439327,172.6747118,0.423489313,172.6747118,38.47561159,11.96629229,-59.21880294,6.5,3.0
2025-01-23 09:45:00,328.6531613380762,40.78151412,26.09605319,48.66731837,546.0976976552106,189.5040668,0.4168267,189.5040668,36.66943339,22.72451803,-68.42631119,6.5,3.0
2025-01-23 10:00:00,348.7745387690574,50.39977485,18.65420454,62.1804369,600.0538967856265,189.377598,0.418813963,189.377598,43.12711827,17.85476648,-66.98695603,6.5,3.0
2025-01-23 10:15:00,335.5978962476246,49.5999936,23.89623172,39.64926342,616.532221642316,223.3646761,0.417270938,223.3646761,44.12326286,19.38393901,-78.17103793,6.5,3.0
2025-01-23 10:30:00,363.3901560214979,49.15976037,24.02240266,50.6062974,609.0248405899918,189.8147499,0.43265171,189.8147499,45.1202071,14.59559058,-65.66464938,6.5,3.0
2025-01-23 10:45:00,360.48740896182017,46.3523959,17.69143843,59.69949355,661.5690409820656,195.3219757,0.4210149,195.3219757,41.9534485,10.27397849,-66.47494936,6.5,3.0
2025-01-23 11:00:00,243.93806697129838,52.34079511,13.67551537,51.22401137,485.5393973703992,194.866548,0.418526183,194.866548,52.28834406,13.57951209,-68.65608573,6.5,3.0
2025-01-23 11:15:00,255.01402177965113,52.65377125,26.34157831,54.83118097,457.5713003913203,203.9873206,0.422611232,203.9873206,46.99906325,21.573048,-72.98348679,6.5,3.0
2025-01-23 11:30:00,264.58096581468885,43.38546114,24.59212632,39.79974325,444.15001739670436,207.1110035,0.42549741,207.1110035,40.15613327,19.12778216,-72.63938495,6.5,3.0
2025-01-23 11:45:00,258.8369454343616,51.22746622,18.01807242,53.7828932,472.47928484157615,191.5972593,0.44429811,191.5972593,42.68015505,15.91622182,-66.84643324,6.5,3.0
2025-01-23 12:00:00,272.0825063300704,46.44577167,26.83916673,61.83744323,449.5866646633704,187.7016528,0.437936555,187.7016528,37.35680844,22.55482658,-66.77618459,6.5,3.0
2025-01-23 12:15:00,264.4157753873283,39.95946813,13.85338218,60.52583253,441.74182634787354,182.7674726,0.439815921,182.7674726,34.25979615,13.52093524,-62.66330789,6.5,3.0
2025-01-23 12:30:00,282.4364141089064,45.13832089,13.4949463,56.04252594,423.6547542292809,187.4603594,0.445969099,187.4603594,39.3875929,10.21975942,-63.26720342,6.5,3.0
2025-01-23 12:45:00,265.7653041736951,43.03971274,19.07299035,66.68591642,465.7167547594752,179.7322049,0.438960343,179.7322049,39.92841519,10.34698376,-61.56228453,6.5,3.0
2025-01-23 13:00:00,282.678279144821,51.53141278,16.65069296,52.9105739,463.82309834581554,182.5446969,0.427877502,182.5446969,50.8221301,14.62010899,-64.89288934,6.5,3.0
2025-01-23 13:15:00,288.682649303625,49.84795918,17.43615138,70.40372839,501.2528552245992,171.282319,0.41317556,171.282319,46.92703629,14.96573888,-60.71303155,6.5,3.0
2025-01-23 13:30:00,297.4289015958513,44.63611661,16.38769717,56.56595261,505.0678273326444,201.302749,0.421428869,201.302749,43.96081747,14.12729183,-69.34287402,6.5,3.0
2025-01-23 13:45:00,268.4401699557027,47.29371132,16.61753553,50.31113691,479.26621909694086,199.8785329,0.4210154,199.8785329,42.1099004,10.38926339,-67.85039741,6.5,3.0
2025-01-23 14:00:00,300.593292632957,43.21550998,14.30872893,52.60144517,556.9417111666355,201.2742723,0.414210915,201.2742723,35.62149579,12.30741781,-68.14096385,6.5,3.0
2025-01-23 14:15:00,298.35830840094565,52.94561278,21.30511122,54.77114406,563.8577420129756,186.5213049,0.416269865,186.5213049,45.94904361,11.29646175,-63.97436286,6.5,3.0
2025-01-23 14:30:00,309.14933044016914,49.19107749,26.66326859,60.21720907,544.7835517339294,176.9517505,0.421281372,176.9517505,44.61569989,24.71947344,-65.84956365,6.5,3.0
2025-01-23 14:45:00,291.7790685259283,48.30879058,21.23660617,52.49365309,620.7369950864595,197.4029632,0.426329968,197.4029632,43.78131423,12.81514399,-67.75515583,6.5,3.0
2025-01-23 15:00:00,286.9991870386657,41.79480225,20.28166926,68.45118266,484.46793293117605,189.7498062,0.452433291,189.7498062,35.26904765,15.72620537,-65.12521114,6.5,3.0
2025-01-23 15:15:00,273.85770802603923,47.91455623,20.9934959,43.53759236,476.6918954951684,213.9696643,0.447897517,213.9696643,45.01943618,17.03649509,-74.64902029,6.5,3.0
2025-01-23 15:30:00,295.4710771390206,46.21017396,19.66317378,70.61709552,468.6848934114641,167.7909918,0.467153818,167.7909918,41.15249929,17.92595564,-60.9011996,6.5,3.0
2025-01-23 15:45:00,289.24202779627433,50.12246064,22.35795785,52.80630969,430.2652781621914,192.976738,0.460350421,192.976738,41.94197014,21.52230975,-69.4309153,6.5,3.0
2025-01-23 16:00:00,355.09657713145793,50.56014694,20.84450217,41.41085102,321.15715018112917,215.8092486,0.45701644,215.8092486,40.56956501,11.98191659,-72.64417285,6.5,3.0
2025-01-23 16:15:00,371.80519635758975,39.84613667,22.68178773,53.97773848,324.1353610915633,193.9687933,0.457073408,193.9687933,33.15419716,19.4545984,-68.67264435,6.5,3.0
2025-01-23 16:30:00,363.9878681946358,51.40760051,15.54568069,56.5931782,325.09471841679164,202.4917004,0.446817595,202.4917004,43.46630768,10.03350567,-68.43577965,6.5,3.0
2025-01-23 16:45:00,393.5903583163167,52.63474682,20.01198588,68.56985551,380.0927703105158,195.3030167,0.436945681,195.3030167,49.0200067,16.57671398,-69.07152988,6.5,3.0
2025-01-23 17:00:00,492.4489683783753,47.88548204,24.50070327,40.72955991,218.58792045064834,204.4782096,0.447249933,204.4782096,42.76104025,19.99414535,-72.36986229,9.0,3.0
2025-01-23 17:15:00,487.2133472391995,52.23561094,23.48489674,72.50157607,217.18006716406805,177.7333002,0.448723342,177.7333002,47.2857065,22.29119121,-65.69442931,9.0,3.0
2025-01-23 17:30:00,464.7257154653133,39.24139451,15.12768697,74.42642348,226.6653329333373,169.7410483,0.447415325,169.7410483,35.25083174,10.58021414,-57.88244975,9.0,3.0
2025-01-23 17:45:00,490.0619689171119,42.55674888,22.78700842,54.97537683,215.2666794519464,198.3989951,0.438341235,198.3989951,39.89064312,17.47834461,-70.02556096,9.0,3.0
2025-01-23 18:00:00,493.3253441354229,44.30776925,17.82657531,76.76199408,0.0,179.0123268,0.432777986,179.0123268,41.46278868,14.34792905,-62.89264289,9.0,3.0
2025-01-23 18:15:00,472.2427910593057,44.38399863,21.52308761,53.28008971,0.0,196.1458638,0.42859888,196.1458638,35.74927456,12.45639866,-66.38748546,9.0,3.0
2025-01-23 18:30:00,479.6031697987054,49.92534949,22.28908125,47.85605091,0.0,215.9432219,0.445964826,215.9432219,42.15115354,17.23377524,-75.07510717,9.0,3.0
2025-01-23 18:45:00,521.2486950065661,48.47568075,18.59200706,55.80504911,0.0,183.6864111,0.441612918,183.6864111,47.45393166,11.33443779,-63.58307847,9.0,3.0
2025-01-23 19:00:00,478.87177717626304,41.28921144,25.10277874,64.38631519,0.0,188.7453447,0.41622672,188.7453447,34.61504525,23.54637839,-67.67896828,9.0,3.0
2025-01-23 19:15:00,445.2677256442479,54.76125693,15.67373888,72.86018092,0.0,188.9317334,0.422485707,188.9317334,48.09321671,14.39527061,-65.97610425,9.0,3.0
2025-01-23 19:30:00,468.3733653945281,40.54851406,24.20871965,65.7122367,0.0,184.1937541,0.429247085,184.1937541,40.12832233,18.18639023,-65.7498914,9.0,3.0
2025-01-23 19:45:00,471.79713178496104,53.7725055,24.42092889,64.82484898,0.0,197.5965048,0.434329199,197.5965048,50.04029637,18.76558598,-71.31844104,9.0,3.0
2025-01-23 20:00:00,493.4814969112439,51.52499088,23.85242634,63.59059516,0.0,182.7744131,0.423658828,182.7744131,46.86219582,13.50671427,-63.86488823,9.0,3.0
2025-01-23 20:15:00,478.9952852884437,50.37173121,13.31346092,69.93352214,0.0,174.6530879,0.399585066,174.6530879,47.52075573,10.22170675,-60.88181097,9.0,3.0
2025-01-23 20:30:00,492.90522506882485,49.05355054,24.26484888,57.46364964,0.0,195.8544788,0.423163277,195.8544788,44.99307278,17.48555175,-69.33110393,9.0,3.0
2025-01-23 20:45:00,484.37799273148744,48.25447439,23.61781651,54.6513784,0.0,199.1378591,0.421055693,199.1378591,47.60317831,12.0435334,-68.84840346,9.0,3.0
2025-01-23 21:00:00,311.0056765894161,49.7596561,22.70749673,73.35302244,0.0,177.7622289,0.415268477,177.7622289,44.55967556,11.52114437,-62.02230214,9.0,3.0
2025-01-23 21:15:00,295.9940538149475,48.44877733,20.98058502,63.38580434,0.0,185.7956863,0.396405263,185.7956863,42.03400755,19.23422834,-65.80447181,9.0,3.0
2025-01-23 21:30:00,303.2294166208068,44.82397275,17.54794499,74.55912391,0.0,182.4154429,0.389842346,182.4154429,42.07251595,15.31938005,-64.09690798,9.0,3.0
2025-01-23 21:45:00,330.1908529748297,42.34007165,23.956009,58.2779304,0.0,190.9337786,0.376486138,190.9337786,35.24883448,16.72467788,-66.17942337,9.0,3.0
2025-01-23 22:00:00,291.36033444174615,43.78116504,24.59584505,70.84713363,0.0,183.3413755,0.374256597,183.3413755,43.72864462,16.23184601,-64.76302284,6.5,3.0
2025-01-23 22:15:00,283.4983111636992,51.22314456,16.6055574,61.12486098,0.0,195.7686315,0.36711574,195.7686315,45.48626688,14.86397312,-68.03680765,6.5,3.0
2025-01-23 22:30:00,283.90011954706733,40.65451228,25.50449771,58.65175445,0.0,192.3500843,0.359011123,192.3500843,40.41151066,19.58087967,-67.95692745,6.5,3.0
2025-01-23 22:45:00,288.62123484748736,41.49728872,20.30570389,70.89017091,0.0,173.6039568,0.35885178,173.6039568,37.34874639,15.94219455,-60.99104335,6.5,3.0
2025-01-23 23:00:00,313.6453742410335,41.68474567,25.15909914,60.68708046,0.0,191.0951736,0.354398935,191.0951736,34.48846522,25.05636793,-68.70655917,6.5,3.0
2025-01-23 23:15:00,325.058463937262,47.40002277,25.93970289,63.6974233,0.0,188.0503419,0.362953243,188.0503419,39.61612284,15.01789492,-65.61227299,6.5,3.0
2025-01-23 23:30:00,317.19836731753156,43.78330285,26.83850226,59.29759318,0.0,192.0324657,0.37817056,192.0324657,43.03743148,25.0798032,-70.35611535,6.5,3.0
2025-01-23 23:45:00,312.00779450417303,45.58505631,22.47355859,44.91733544,0.0,214.1864231,0.383805288,214.1864231,38.5597313,12.11349141,-72.01958992,6.5,3.0
2025-01-24 00:00:00,267.3292170904567,45.0588817,26.41612494,64.06854107,0.0,201.6391549,0.393801036,201.6391549,44.40971669,19.71674265,-72.30399152,6.5,3.0
2025-01-24 00:15:00,261.5686937458776,46.46692632,22.17192791,60.44591869,0.0,182.8001463,0.397270892,182.8001463,43.69860574,14.0593526,-64.20014291,6.5,3.0
2025-01-24 00:30:00,271.8113662647177,52.54747395,23.35105792,55.91607288,0.0,194.5492258,0.411303685,194.5492258,52.28064155,12.69024668,-68.0551289,6.5,3.0
2025-01-24 00:45:00,242.460722898948,42.6475653,20.1837163,36.18313309,0.0,213.1960563,0.408410064,213.1960563,35.2973847,18.22863558,-73.70417639,6.5,3.0
2025-01-24 01:00:00,324.4180892629861,41.37747736,26.65144491,58.78810895,0.0,188.9273706,0.4039299,188.9273706,39.33150302,25.46794689,-69.84526146,6.5,3.0
2025-01-24 01:15:00,300.5216653745014,52.94163673,22.15772812,62.19585277,0.0,185.5832823,0.418718354,185.5832823,47.4521124,19.13237875,-67.09044328,6.5,3.0
2025-01-24 01:30:00,319.5722754748057,47.90874234,26.04956377,62.08552959,0.0,194.8221213,0.424281599,194.8221213,38.75051601,14.51063915,-67.49391128,6.5,3.0
2025-01-24 01:45:00,319.2079698877068,42.14465721,22.86752415,72.74312172,0.0,183.4463575,0.437933368,183.4463575,38.25445989,22.53663932,-66.61540497,6.5,3.0
2025-01-24 02:00:00,268.10032245656726,51.50129714,17.90516554,53.8239585,0.0,207.829811,0.431868333,207.829811,45.82820589,17.08111865,-72.21474936,6.5,3.0
2025-01-24 02:15:00,258.5414552489364,51.50789403,22.91752362,59.76422622,0.0,191.5629856,0.429711375,191.5629856,51.41543335,15.49759673,-67.85237881,6.5,3.0
2025-01-24 02:30:00,255.8934108490348,46.56611934,17.04936565,48.51709837,0.0,208.8431832,0.436448334,208.8431832,42.52053769,16.05920909,-72.16467254,6.5,3.0
2025-01-24 02:45:00,246.2948114454614,49.26830619,26.92349697,71.29055415,0.0,195.127771,0.454238606,195.127771,47.41279647,21.19818735,-70.69410185,6.5,3.0
2025-01-24 03:00:00,264.7173616214452,45.71444763,14.50774095,54.33911789,0.0,199.5078955,0.455862267,199.5078955,43.25477805,13.0493376,-68.62692818,6.5,3.0
2025-01-24 03:15:00,267.66019278501966,40.9034095,21.50426979,67.96306083,0.0,186.1652176,0.435312329,186.1652176,40.46979501,15.97673728,-65.91363544,6.5,3.0
2025-01-24 03:30:00,257.98456338313997,43.47748311,21.41069339,48.43626304,0.0,203.1332263,0.443209598,203.1332263,37.16939524,11.58253438,-68.74681738,6.5,3.0
2025-01-24 03:45:00,255.69788221039505,39.76895711,16.38052596,68.16481257,0.0,180.5148635,0.437687528,180.5148635,36.97895863,15.97765795,-63.75005917,6.5,3.0
2025-01-24 04:00:00,298.21109211848716,44.61874644,20.09217387,51.32303421,0.0,209.423227,0.438610836,209.423227,37.6672896,16.3015398,-72.19227604,6.5,3.0
2025-01-24 04:15:00,297.0356192603217,49.03568656,24.29488139,59.13456178,0.0,204.5656911,0.423289453,204.5656911,44.86108925,20.47095871,-73.12717842,6.5,3.0
2025-01-24 04:30:00,295.25976615567254,43.96727899,21.65389645,68.70874865,0.0,191.8981449,0.41290355,191.8981449,35.64289994,14.27577717,-66.34160284,6.5,3.0
2025-01-24 04:45:00,269.6435224655187,45.55982756,19.23380153,86.90739958,0.0,180.5504657,0.415892124,180.5504657,43.38650595,18.74287134,-64.79412376,6.5,3.0
2025-01-24 05:00:00,249.58490811219173,50.94537015,22.04951692,53.85021708,0.0,212.505577,0.425261096,212.505577,44.41573905,21.29400112,-75.25773219,6.5,3.0
2025-01-24 05:15:00,250.62794231240377,49.56496937,24.80994645,56.54009779,0.0,197.3813433,0.42587845,197.3813433,43.91680555,24.2595788,-71.93978901,6.5,3.0
2025-01-24 05:30:00,246.03600787547975,41.64909444,23.81787625,46.93288701,0.0,207.3201596,0.427362278,207.3201596,33.35412522,14.75213286,-70.10419141,6.5,3.0
2025-01-24 05:45:00,274.0111416999248,46.79108172,27.02485468,52.20671086,0.0,214.6859293,0.442255362,214.6859293,39.47279333,22.06473872,-76.09730862,6.5,3.0
2025-01-24 06:00:00,392.54882213657334,51.82024418,17.16828122,83.29444301,0.0,170.3593604,0.431715933,170.3593604,45.38480669,10.21087237,-59.30836248,6.5,3.0
2025-01-24 06:15:00,370.6334882492611,49.3499465,15.29395599,77.61194856,0.0,181.4488069,0.43854795,181.4488069,44.34465983,13.45493551,-63.81240949,6.5,3.0
2025-01-24 06:30:00,377.6183907291096,47.32528224,21.55086911,51.37889272,0.0,196.253756,0.423271873,196.253756,40.38303898,18.96311462,-70.13125518,6.5,3.0
2025-01-24 06:45:00,385.5992988850562,54.13205127,15.71392961,52.19454315,0.0,199.3641629,0.405257149,199.3641629,52.01604945,12.29507925,-69.16445501,6.5,3.0
2025-01-24 07:00:00,494.8916979816477,49.43984954,18.10004945,63.00629753,189.35079425341044,210.7780407,0.401647894,210.7780407,44.98795551,15.74046901,-73.4817319,6.5,3.0
2025-01-24 07:15:00,474.6035277881783,47.80951672,25.92423241,49.47028817,196.936140618243,212.3652352,0.396568802,212.3652352,40.19124013,22.39597983,-76.03228392,6.5,3.0
2025-01-24 07:30:00,455.99659010646235,55.31185889,24.48469788,71.08457351,193.88075393045293,196.1540906,0.395508822,196.1540906,45.83072944,19.62485164,-70.33850685,6.5,3.0
2025-01-24 07:45:00,461.8181841237115,54.72987738,16.38095787,80.67850876,177.12231119789362,185.1199705,0.38919064,185.1199705,47.64052361,11.82735939,-64.23578738,6.5,3.0
2025-01-24 08:00:00,490.0877466881572,48.91487779,24.44904031,70.44470862,236.4164567086803,186.980742,0.386309274,186.980742,48.72640502,16.7690844,-66.46346494,6.5,3.0
2025-01-24 08:15:00,496.45531141015687,47.278932,21.92968177,56.37928927,236.68035099485888,199.9046728,0.377319818,199.9046728,46.73118356,17.52638386,-70.92324163,6.5,3.0
2025-01-24 08:30:00,494.341589100659,48.34057289,21.46873657,42.33050995,250.63888179584683,214.9679387,0.363342579,214.9679387,41.81521362,13.87312444,-73.74617794,6.5,3.0
2025-01-24 08:45:00,430.67535280102675,43.30917922,26.58206229,62.57166478,231.994310500614,205.2566066,0.362210932,205.2566066,38.74650099,14.45272381,-70.43293088,6.5,3.0
2025-01-24 09:00:00,406.54681840998296,49.1479586,22.03452187,46.02426625,530.8983417611253,210.3851747,0.370443894,210.3851747,47.67554049,16.55230613,-73.92451503,6.5,3.0
2025-01-24 09:15:00,407.46079767531967,49.32709543,14.55275318,74.5931198,525.2604391642598,184.5768981,0.377293057,184.5768981,46.11818643,13.53001035,-64.76280086,6.5,3.0
2025-01-24 09:30:00,407.6278593226455,50.6653501,23.6974408,71.52446646,488.1734834839553,188.7461174,0.397947429,188.7461174,41.31898012,20.39973726,-67.96563455,6.5,3.0
2025-01-24 09:45:00,422.68452459205173,55.00053273,22.38757901,66.26284252,498.1977355906595,194.2047261,0.396797984,194.2047261,49.98874043,19.38338831,-69.69636682,6.5,3.0
2025-01-24 10:00:00,423.34857369077685,49.20660736,26.54204793,63.03799062,451.2549231104185,193.5492179,0.381370578,193.5492179,40.31449368,21.36294759,-70.0009974,6.5,3.0
2025-01-24 10:15:00,390.63858719680593,43.926649,15.01000305,69.21349981,456.27870279744485,184.9809632,0.39000433,184.9809632,43.60928809,10.32093973,-63.43428919,6.5,3.0
2025-01-24 10:30:00,392.9586176863196,41.92461008,21.88103435,77.71458913,460.77879061948545,183.9760623,0.395853176,183.9760623,39.81793527,12.68639465,-63.82657389,6.5,3.0
2025-01-24 10:45:00,420.73422142609775,47.58297146,18.5079081,56.62345614,490.99758347265106,214.054,0.39399955,214.054,43.07511286,17.21669862,-74.60227197,6.5,3.0
2025-01-24 11:00:00,289.13694346019577,47.8074594,23.00066847,75.87311909,605.7736250890614,190.3626339,0.39751025,190.3626339,40.43681296,20.89342679,-68.84999447,6.5,3.0
2025-01-24 11:15:00,285.1690300725185,46.48650804,25.97169239,67.45533926,626.8875643345217,192.8091247,0.399520818,192.8091247,38.87222495,23.66713713,-70.06990759,6.5,3.0
2025-01-24 11:30:00,289.2485846034668,42.31604409,17.15763478,67.50087196,583.1910289521196,206.7321304,0.4132734,206.7321304,34.26836274,13.92302006,-70.49141854,6.5,3.0
2025-01-24 11:45:00,284.005441863819,42.7680753,26.93900174,63.24682737,593.5977816242971,194.2730095,0.427048272,194.2730095,41.52610998,25.42620298,-71.76447901,6.5,3.0
2025-01-24 12:00:00,267.06105702428164,48.60467123,16.03079343,69.90746145,563.9349000338393,205.9786738,0.418868484,205.9786738,39.86852586,10.27722366,-69.45564689,6.5,3.0
2025-01-24 12:15:00,262.77689397170946,44.21256728,15.18386139,57.63214346,547.9224820807276,205.4256677,0.427192493,205.4256677,41.27456665,13.11182633,-70.43460309,6.5,3.0
2025-01-24 12:30:00,280.91521615887757,47.73799689,22.06991813,64.73574226,567.469507955269,194.9274187,0.417838781,194.9274187,39.33585035,13.90563433,-67.34921035,6.5,3.0
2025-01-24 12:45:00,290.0868328451312,52.62915791,24.95090679,76.06227622,556.4431099301642,186.9983507,0.412120352,186.9983507,42.94828986,20.00270692,-67.51901225,6.5,3.0
2025-01-24 13:00:00,266.8219798244488,54.63948816,19.10571574,66.14503894,530.34447128974,196.8233415,0.408797096,196.8233415,49.75615445,17.00572393,-69.91385636,6.5,3.0
2025-01-24 13:15:00,268.5707180184409,43.063253,21.30311902,68.00349903,553.2348098161345,198.2906839,0.414894211,198.2906839,36.69166061,17.47953588,-69.97264641,6.5,3.0
2025-01-24 13:30:00,257.4095859423801,52.4232363,15.18099551,47.88358399,514.8539844585623,208.3516766,0.414438398,208.3516766,44.74162286,14.45988845,-72.07627283,6.5,3.0
2025-01-24 13:45:00,280.77771621473016,47.6281902,21.19375183,53.92317085,552.6167344355633,208.1344701,0.416045708,208.1344701,46.18448212,11.93346284,-71.30284998,6.5,3.0
2025-01-24 14:00:00,300.22241583706926,56.36831958,19.21060529,69.19635836,497.5429404769441,206.2671927,0.414936328,206.2671927,46.23982941,16.51180444,-72.44288353,6.5,3.0
2025-01-24 14:15:00,290.3235026012128,45.52086525,19.70445477,62.47874196,530.3197772920798,190.7473811,0.428231949,190.7473811,37.56408684,15.95697619,-65.9482992,6.5,3.0
2025-01-24 14:30:00,287.410973376551,51.52635029,23.90678044,73.56061593,513.1317451999179,178.3207177,0.404122044,178.3207177,42.25148854,20.39969562,-64.63365111,6.5,3.0
2025-01-24 14:45:00,272.3431081851668,49.25988158,14.33534105,58.09410988,532.3855370310584,210.4921491,0.403076564,210.4921491,45.22402994,12.68953497,-72.24296686,6.5,3.0
2025-01-24 15:00:00,250.0823316740607,49.75312759,25.68630641,61.27672732,491.12526093507205,199.7573408,0.399890558,199.7573408,43.16128921,14.15347396,-69.14493831,6.5,3.0
2025-01-24 15:15:00,258.48909027396854,53.58205161,13.84258801,79.80451062,500.9949305627127,175.4038969,0.413602927,175.4038969,48.00431467,7.965234882,-60.32896446,6.5,3.0
2025-01-24 15:30:00,251.33335244337968,52.27717896,16.6438036,62.57650079,514.584069618947,199.9794193,0.428750407,199.9794193,46.59950935,9.130119278,-67.8810946,6.5,3.0
2025-01-24 15:45:00,275.3552256085911,51.60155547,22.48313549,61.74295206,500.7857388832683,207.3660194,0.433744725,207.3660194,44.91209589,15.90451396,-72.11248155,6.5,3.0
2025-01-24 16:00:00,349.3880030293398,51.15866177,26.2708533,76.70605001,336.3428735618304,179.5732755,0.416816061,179.5732755,47.65353506,19.92227795,-65.77757446,6.5,3.0
2025-01-24 16:15:00,354.93536803997813,48.15010965,24.90714248,61.70033571,344.7921230399811,201.1066115,0.424689555,201.1066115,44.97330407,17.76181232,-71.28078481,6.5,3.0
2025-01-24 16:30:00,348.2152630976586,49.40960062,22.70804517,73.44014103,344.8063060325573,196.6468686,0.416298702,196.6468686,45.52107865,13.43650535,-68.16678102,6.5,3.0
2025-01-24 16:45:00,406.86136583302346,44.19493225,15.16864866,66.73310594,353.13869736563106,199.3034651,0.428866871,199.3034651,41.84778641,14.64911414,-69.6005165,6.5,3.0
2025-01-24 17:00:00,474.2654983089593,50.95306388,16.20209296,52.08425874,194.899353312809,212.907241,0.418510796,212.907241,40.93963866,15.93853186,-73.95277258,9.0,3.0
2025-01-24 17:15:00,488.38899235486593,48.71161025,26.44551087,57.22248984,196.49197419377444,217.737206,0.414074421,217.737206,45.34431989,21.92126493,-78.57703051,9.0,3.0
2025-01-24 17:30:00,461.11214097377854,50.38500596,20.18304434,67.56152893,203.5549114384325,203.8749459,0.425260343,203.8749459,45.66715665,14.97487474,-71.14981592,9.0,3.0
2025-01-24 17:45:00,506.9433683623961,48.58765317,13.71089567,59.06441094,210.4137610549841,201.4760582,0.451557273,201.4760582,46.96201877,11.99335242,-69.7434522,9.0,3.0
2025-01-24 18:00:00,503.68722424004784,49.1173564,15.37234987,64.59441758,0.0,203.4952893,0.461236541,203.4952893,41.48782523,10.82061259,-68.94486932,9.0,3.0
2025-01-24 18:15:00,501.1734030393336,47.9462452,27.62828516,62.80866658,0.0,208.1553676,0.466754111,208.1553676,40.58485465,20.55780002,-73.76987117,9.0,3.0
2025-01-24 18:30:00,499.10807876723976,45.01040294,25.10682062,65.24126959,0.0,186.9430396,0.457948465,186.9430396,39.42458887,12.71150859,-64.52098734,9.0,3.0
2025-01-24 18:45:00,471.0512939533787,44.91575102,25.81108049,75.10292533,0.0,185.1156796,0.455127109,185.1156796,36.68040156,18.55131954,-65.68189196,9.0,3.0
2025-01-24 19:00:00,464.2112772173362,50.81039156,23.71156254,66.40605373,0.0,196.8774786,0.437973624,196.8774786,42.85677907,18.08571673,-70.28058162,9.0,3.0
2025-01-24 19:15:00,465.66088917592407,43.77868083,21.71730377,90.03910548,0.0,188.9364856,0.420876959,188.9364856,39.03546798,15.84761459,-66.29057795,9.0,3.0
2025-01-24 19:30:00,472.33824602951876,51.45937231,20.86478803,46.94972627,0.0,226.1339299,0.431422631,226.1339299,42.39664051,12.35920955,-76.24257999,9.0,3.0
2025-01-24 19:45:00,436.24958757722106,50.32617329,27.80208161,68.86754263,0.0,202.6803112,0.425633275,202.6803112,43.80426163,22.03562869,-72.20178431,9.0,3.0
2025-01-24 20:00:00,480.9659793871133,55.29374389,24.0312171,74.64756679,0.0,196.5310243,0.43055325,196.5310243,54.94626232,15.66846858,-70.63457844,9.0,3.0
2025-01-24 20:15:00,481.0161794781403,49.85163772,19.46158804,67.93860538,0.0,195.4288067,0.429608626,195.4288067,43.37576164,11.93750179,-67.53869286,9.0,3.0
2025-01-24 20:30:00,480.7516864933277,48.83481358,20.00075922,71.08662372,0.0,202.1132781,0.412910195,202.1132781,45.85826602,11.80523631,-69.6437855,9.0,3.0
2025-01-24 20:45:00,401.42615464141886,53.35418027,22.52945522,72.99704413,0.0,204.0857592,0.433686477,204.0857592,45.7478161,12.19816908,-70.37193138,9.0,3.0
2025-01-24 21:00:00,303.07419852135354,48.27296547,20.85822907,73.16347463,0.0,195.7269333,0.422359526,195.7269333,44.67390431,12.76219789,-67.95501168,9.0,3.0
2025-01-24 21:15:00,302.1734087223475,43.32204647,23.64644977,62.64208072,0.0,207.9606388,0.411947381,207.9606388,39.0614812,13.5090039,-71.41892302,9.0,3.0
2025-01-24 21:30:00,298.45415753526953,46.31526658,25.30129868,73.41739726,0.0,195.1379953,0.401983366,195.1379953,44.08344807,13.28631747,-67.18839317,9.0,3.0
2025-01-24 21:45:00,293.1182352210294,54.83233104,14.95087504,74.68520312,0.0,191.8060457,0.405149141,191.8060457,54.04774926,9.145632832,-65.90724461,9.0,3.0
2025-01-24 22:00:00,282.9929467558347,55.38755675,20.76344392,50.70771919,0.0,214.8842675,0.388760472,214.8842675,50.85552003,19.38713841,-76.70886881,6.5,3.0
2025-01-24 22:15:00,265.96480443614297,55.27700753,19.7524286,68.69201032,0.0,214.8880289,0.38782793,214.8880289,46.05326873,13.18417581,-74.03632262,6.5,3.0
2025-01-24 22:30:00,259.4864892920663,53.96264692,27.91648026,71.4371476,0.0,201.2215705,0.371712477,201.2215705,46.32302939,16.43592841,-70.64376116,6.5,3.0
2025-01-24 22:45:00,278.285759515956,44.49756355,18.06759603,62.56156448,0.0,208.4191196,0.380824371,208.4191196,40.47219891,16.69952029,-73.02856874,6.5,3.0
2025-01-24 23:00:00,319.9354827503868,48.70428657,24.1699508,70.79018049,0.0,183.3446493,0.378871283,183.3446493,46.66560696,12.76814506,-64.23094912,6.5,3.0
2025-01-24 23:15:00,314.95924178801096,53.46386585,22.32288443,67.33967736,0.0,208.9285203,0.3762177,208.9285203,46.08426523,19.58112634,-74.93991966,6.5,3.0
2025-01-24 23:30:00,299.4452748451483,49.9147066,15.65500057,60.66155883,0.0,211.2885481,0.376006606,211.2885481,49.23977958,14.10153595,-73.75332952,6.5,3.0
2025-01-24 23:45:00,286.0800006164541,46.93198653,14.51812266,78.04073884,0.0,181.3156893,0.384537218,181.3156893,44.82010883,8.282797586,-62.14465716,6.5,3.0
2025-01-25 00:00:00,270.2391428249976,54.89409198,24.93487943,44.27703352,0.0,228.3513386,0.406740258,228.3513386,45.88709929,24.0191615,-83.13761946,6.5,3.0
2025-01-25 00:15:00,252.81395078483493,45.24623674,14.5812037,71.79198842,0.0,201.270474,0.401116648,201.270474,40.03893488,10.41715985,-67.96456871,6.5,3.0
2025-01-25 00:30:00,261.9962865774126,46.4458776,15.06518937,51.13687492,0.0,213.3502026,0.395489159,213.3502026,38.15062163,13.99985687,-72.89857936,6.5,3.0
2025-01-25 00:45:00,267.88061981275496,43.55730358,17.03350146,48.13583585,0.0,232.191088,0.396915752,232.191088,41.64932054,11.32974725,-78.13417472,6.5,3.0
2025-01-25 01:00:00,265.5806251263117,42.54689916,20.15346777,73.06045579,0.0,202.6558943,0.411952456,202.6558943,37.08955151,15.63366329,-70.75053112,6.5,3.0
2025-01-25 01:15:00,255.34546176889032,53.1871064,23.55943167,61.03563936,0.0,222.7747469,0.41248644,222.7747469,50.72672783,19.01951227,-78.8489562,6.5,3.0
2025-01-25 01:30:00,268.26287652594675,51.55250967,24.62590917,56.00454364,0.0,215.0093409,0.418844369,215.0093409,49.63020278,19.29970386,-76.32329913,6.5,3.0
2025-01-25 01:45:00,259.56103657885114,50.28187694,22.18711372,65.26823352,0.0,200.520571,0.412726797,200.520571,40.78145584,19.59244279,-72.20756735,6.5,3.0
2025-01-25 02:00:00,279.65806676869755,48.42456823,15.31879035,68.80180845,0.0,208.0370797,0.409098708,208.0370797,46.63782338,12.92029717,-71.73364612,6.5,3.0
2025-01-25 02:15:00,273.75490908939497,48.69328075,15.58144198,76.99412998,0.0,201.7440861,0.395089993,201.7440861,41.84534705,11.65670292,-68.91905479,6.5,3.0
2025-01-25 02:30:00,283.0259389311666,47.73128339,15.68391145,67.16504955,0.0,212.5495889,0.397640539,212.5495889,46.31189128,13.16605492,-73.87660561,6.5,3.0
2025-01-25 02:45:00,287.2710852107409,49.77546766,27.47569906,65.75644746,0.0,217.4308426,0.404264256,217.4308426,44.42486602,20.31877521,-77.5145257,6.5,3.0
2025-01-25 03:00:00,275.5101865122527,55.08006084,17.98849487,74.22003338,0.0,201.2545843,0.400426252,201.2545843,49.08585565,16.03900372,-71.57838871,6.5,3.0
2025-01-25 03:15:00,284.2843296576961,54.1187283,22.21832716,63.90485344,0.0,217.9494248,0.384636456,217.9494248,45.99673095,11.3516367,-74.15259881,6.5,3.0
2025-01-25 03:30:00,261.6997662351575,47.29372137,17.19775714,60.27563926,0.0,225.9205142,0.382042341,225.9205142,38.37025107,10.72091139,-75.67081131,6.5,3.0
2025-01-25 03:45:00,270.3457175948936,44.30863253,27.16259344,66.95539385,0.0,201.9503494,0.370221666,201.9503494,39.75192231,26.16236085,-73.9568601,6.5,3.0
2025-01-25 04:00:00,232.12864975857332,44.85643162,20.98264476,70.91110654,0.0,200.7866512,0.38131768,200.7866512,40.09256089,11.47220746,-68.57399561,6.5,3.0
2025-01-25 04:15:00,233.87354461782638,48.41937652,27.10801883,76.04836017,0.0,198.7816912,0.390596707,198.7816912,39.02753319,17.26696138,-69.98740762,6.5,3.0
2025-01-25 04:30:00,222.34701479100937,54.04221293,24.30718758,47.56693046,0.0,218.6701212,0.389027444,218.6701212,47.37076741,23.47676249,-78.75614733,6.5,3.0
2025-01-25 04:45:00,218.83079083259088,47.17584703,24.01994881,62.50931573,0.0,214.6347627,0.375174749,214.6347627,44.88828613,13.00090105,-74.09863089,6.5,3.0
2025-01-25 05:00:00,235.01007326175056,51.15835167,24.59380626,75.21083418,0.0,200.4362997,0.392183925,200.4362997,44.99293628,13.42807789,-69.26144744,6.5,3.0
2025-01-25 05:15:00,220.84247236658038,53.97601895,20.81341372,69.3078774,0.0,220.2992466,0.392681288,220.2992466,47.12702209,14.3161698,-75.96106597,6.5,3.0
2025-01-25 05:30:00,226.0728081672191,51.99269607,14.17330193,70.26311962,0.0,194.4966833,0.389722291,194.4966833,43.42339821,9.312051218,-66.14935268,6.5,3.0
2025-01-25 05:45:00,231.4246462044499,51.60217385,23.23732289,64.21190255,0.0,211.8814929,0.396934676,211.8814929,44.44083002,18.64915315,-74.18706698,6.5,3.0
2025-01-25 06:00:00,419.22422979706573,51.78233977,18.21745383,68.27138239,0.0,214.138974,0.386999184,214.138974,46.7619255,13.91457056,-73.84862017,6.5,3.0
2025-01-25 06:15:00,395.90938187568355,55.85403336,21.75627324,65.09398848,0.0,215.0189846,0.367822625,215.0189846,54.54210624,17.22501943,-75.67747093,6.5,3.0
2025-01-25 06:30:00,424.46011596363957,54.91738268,16.90815359,82.77465276,0.0,193.1552839,0.361814538,193.1552839,47.45660819,13.312755,-67.84394374,6.5,3.0
2025-01-25 06:45:00,381.1062723636112,46.01491169,25.20008446,65.24532448,0.0,224.4353571,0.366022312,224.4353571,39.52101279,17.1208463,-78.08641521,6.5,3.0
2025-01-25 07:00:00,365.5843210493717,52.96032376,28.10928828,67.38929912,231.27399920803046,209.1626191,0.355556783,209.1626191,44.33658378,14.80211164,-72.50024652,6.5,3.0
2025-01-25 07:15:00,400.13553387075234,44.92893222,25.77383855,63.98414109,210.60994067172442,216.8899528,0.348580529,216.8899528,42.27548817,24.38513611,-77.85832895,6.5,3.0
2025-01-25 07:30:00,395.47877145605645,47.09699965,18.61524477,72.73302337,214.81973256069512,216.9396002,0.351479512,216.9396002,40.67687725,15.29312888,-75.16005367,6.5,3.0
2025-01-25 07:45:00,377.20137362381956,49.94928694,16.14233119,72.51393077,228.17632755955003,193.9777674,0.356671959,193.9777674,49.91655589,15.0069939,-68.33672023,6.5,3.0
2025-01-25 08:00:00,400.2486345369334,44.29285788,22.3051068,79.77980992,354.3332174873105,188.0433452,0.36557766,188.0433452,43.45166558,21.93074886,-68.83259485,6.5,3.0
2025-01-25 08:15:00,394.98903435771695,47.1916512,26.61039667,83.64059298,363.4859619444625,189.4684539,0.36547291,189.4684539,46.91654832,13.80503496,-67.20011191,6.5,3.0
2025-01-25 08:30:00,381.7096686457109,43.66801563,21.54051645,67.07881763,366.97101448245786,202.8973268,0.361601582,202.8973268,36.08881387,13.00725662,-69.18037072,6.5,3.0
2025-01-25 08:45:00,425.6026624596386,56.77963002,28.34938037,86.59069801,338.76980608576923,188.8826275,0.344818663,188.8826275,49.72225655,22.29022273,-69.82803224,6.5,3.0
2025-01-25 09:00:00,341.3724263419183,46.22710472,16.29941661,69.42525987,504.2268134810677,208.1209958,0.336492409,208.1209958,45.34693308,12.90282661,-72.02542845,6.5,3.0
2025-01-25 09:15:00,349.8759397808383,54.90963064,21.1696264,86.19832484,492.8032094428556,194.2824138,0.322688977,194.2824138,44.45583611,19.83289807,-69.71116699,6.5,3.0
2025-01-25 09:30:00,331.73123734194183,45.82445001,18.28078275,71.89760967,499.52440185268654,212.0524124,0.312191635,212.0524124,42.7427219,12.09481213,-72.4030412,6.5,3.0
2025-01-25 09:45:00,334.91039653530174,43.51725339,27.7269188,63.96135757,557.2855752233904,214.0099517,0.300510148,214.0099517,35.55077735,26.09528208,-76.77847744,6.5,3.0
2025-01-25 10:00:00,350.8233327473415,46.53978722,28.37955665,74.80074715,332.43461602609204,202.1858235,0.28519185,202.1858235,43.68975924,18.80432223,-71.67408418,6.5,3.0
2025-01-25 10:15:00,341.0668756572269,48.48082662,15.85932415,95.98548907,348.7230177199724,191.1965848,0.278732474,191.1965848,43.0431329,9.665621626,-65.45227731,6.5,3.0
2025-01-25 10:30:00,370.79837313652007,49.87933647,22.3370431,71.79430298,328.89245879820754,215.1820934,0.284357077,215.1820934,41.8118567,21.97792987,-77.03900205,6.5,3.0
2025-01-25 10:45:00,350.9014184589114,48.60788056,26.54326072,76.7317185,324.70990745572794,192.8109364,0.302348386,192.8109364,39.06446112,16.45126425,-67.90681718,6.5,3.0
2025-01-25 11:00:00,240.1625907913111,52.33151123,24.04750359,53.31009702,467.93532506035893,224.7102825,0.312720166,224.7102825,46.51092669,12.54720612,-77.04564432,6.5,3.0
2025-01-25 11:15:00,225.8537201863572,49.51672975,26.22924199,84.44924448,431.5638373552963,205.1267105,0.312427274,205.1267105,49.42247099,13.99046494,-71.7153644,6.5,3.0
2025-01-25 11:30:00,231.94684571561658,52.71959896,17.50674836,82.48290332,430.55129762470114,211.631715,0.338341189,211.631715,52.46397964,14.70363022,-74.57638087,6.5,3.0
2025-01-25 11:45:00,240.24684330671516,47.68227092,18.48150754,83.92918136,460.8695399596436,196.9187967,0.343251089,196.9187967,42.55322897,15.27356419,-69.51859334,6.5,3.0
2025-01-25 12:00:00,224.1105218955612,54.96271196,21.12708722,69.61816678,474.34655328134477,211.1110139,0.329042431,211.1110139,50.28999179,13.89161845,-73.527776,6.5,3.0
2025-01-25 12:15:00,238.65717669112564,48.12420865,16.02709271,79.76715297,462.88229243994516,203.7438511,0.33117377,203.7438511,47.72604282,15.3987071,-71.55560505,6.5,3.0
2025-01-25 12:30:00,240.65871013327822,41.61944602,14.0769284,67.42753668,465.7413584612772,205.722679,0.347722076,205.722679,34.88453342,8.043153987,-68.17439903,6.5,3.0
2025-01-25 12:45:00,227.52359128003502,50.55086393,20.40886915,84.07133653,416.9397958174329,208.0027294,0.351826443,208.0027294,44.64942513,15.41544985,-72.73169166,6.5,3.0
2025-01-25 13:00:00,245.57310500812952,53.95849126,17.33318405,73.25282233,390.11928825447336,215.2571193,0.353889736,215.2571193,47.47894279,9.191227491,-72.62335764,6.5,3.0
2025-01-25 13:15:00,241.69609164756807,47.33813656,22.40389227,78.43055982,400.50212860215595,213.1708966,0.346487026,213.1708966,41.35047429,16.79177972,-74.64399701,6.5,3.0
2025-01-25 13:30:00,247.2031415182399,54.92739249,16.10410898,59.25694115,377.46292652748247,230.0932592,0.35616965,230.0932592,45.78040934,12.51596841,-78.57941503,6.5,3.0
2025-01-25 13:45:00,251.22766182606256,50.89940843,14.57334191,70.76689054,368.73565661588805,226.0652583,0.34455725,226.0652583,48.70147991,13.87472112,-77.86829698,6.5,3.0
2025-01-25 14:00:00,231.54531391529122,45.08825198,25.26459665,59.75111748,440.3738265968034,231.4391092,0.350799351,231.4391092,44.84941626,22.44957922,-82.89418524,6.5,3.0
2025-01-25 14:15:00,228.48420577102434,52.85495688,23.61975935,78.88419263,410.4871240645983,208.6673392,0.339594603,208.6673392,45.50421999,12.44508683,-72.31805813,6.5,3.0
2025-01-25 14:30:00,245.77468485568747,50.4915511,23.93290185,68.43376615,424.8738368311858,229.2343548,0.335858811,229.2343548,47.17101154,23.40906594,-82.2379736,6.5,3.0
2025-01-25 14:45:00,232.92579545799697,49.68776236,19.37981211,60.65061621,405.5952125074125,225.8931597,0.35795143,225.8931597,46.21998915,15.89220863,-77.93769347,6.5,3.0
2025-01-25 15:00:00,265.90497981062924,49.59107726,24.12527909,79.72919401,377.01059540632167,201.7389726,0.353976108,201.7389726,41.73173129,22.40547986,-73.40562468,6.5,3.0
2025-01-25 15:15:00,262.2349263402793,48.09296272,26.5996894,90.79842137,386.6358609764819,185.4018809,0.347794363,185.4018809,44.33077223,21.65590715,-68.64028168,6.5,3.0
2025-01-25 15:30:00,266.63392942247276,45.34944559,26.22987385,84.76592408,403.49164708268984,209.3186431,0.339202979,209.3186431,40.97174043,20.54793511,-74.56736224,6.5,3.0
2025-01-25 15:45:00,227.5361644266187,56.14945502,17.27298011,74.27544575,396.10189653450675,208.2578587,0.314980381,208.2578587,50.04377716,9.725965181,-70.96436717,6.5,3.0
2025-01-25 16:00:00,324.00370727591513,58.11067913,15.68399504,75.92247984,356.0172732628486,208.7914365,0.333379496,208.7914365,52.95275531,9.170953854,-71.58224719,6.5,3.0
2025-01-25 16:15:00,296.797457406389,45.95581767,14.78697427,65.28537014,353.6858412549768,200.348135,0.33940547,200.348135,45.81167646,9.889870494,-68.22336494,6.5,3.0
2025-01-25 16:30:00,322.0348955633571,50.54954879,24.1666241,79.96110561,364.5235669364304,194.9241315,0.328811399,194.9241315,46.74679531,14.84617743,-68.62702287,6.5,3.0
2025-01-25 16:45:00,301.6739397543388,54.98847121,23.56362167,77.15753427,317.8233185457441,208.6916207,0.321196242,208.6916207,48.03723989,13.16382029,-72.36267056,6.5,3.0
2025-01-25 17:00:00,417.4094490759763,46.02365034,27.46760553,69.14880922,201.465557746238,202.0949822,0.314066402,202.0949822,37.24772789,22.29906729,-72.84501718,9.0,3.0
2025-01-25 17:15:00,431.38391785354366,50.56595529,14.92810866,82.02240078,202.14239923090776,210.0868186,0.296794333,210.0868186,43.24411834,13.4578006,-72.35666362,9.0,3.0
2025-01-25 17:30:00,431.3238171237171,52.03488287,28.22789067,65.58872962,193.17766431980897,228.1654275,0.327302244,228.1654275,49.65806221,16.76872758,-80.54346751,9.0,3.0
2025-01-25 17:45:00,364.122815946763,48.69893838,26.87731872,71.79972966,195.28437870304526,213.8319871,0.325472863,213.8319871,44.19263028,17.49593864,-75.10713179,9.0,3.0
2025-01-25 18:00:00,441.95983398161434,47.38729322,17.78482834,72.7109847,0.0,223.7354096,0.351535633,223.7354096,43.86074053,13.4050416,-76.94311991,9.0,3.0
2025-01-25 18:15:00,434.86779658513876,51.84335868,27.58485781,78.27122777,0.0,214.3845839,0.359028385,214.3845839,44.30509678,14.10076478,-74.41573588,9.0,3.0
2025-01-25 18:30:00,441.0155045117723,53.65428317,25.65334162,75.63179239,0.0,230.0097544,0.373609798,230.0097544,49.05744978,14.76811012,-79.70842498,9.0,3.0
2025-01-25 18:45:00,367.09686492147466,56.98038581,18.74588138,89.17211323,0.0,197.9975459,0.391495153,197.9975459,46.53559618,11.4062782,-68.91744239,9.0,3.0
2025-01-25 19:00:00,425.10647034748547,56.7248271,15.04699513,79.31179681,0.0,211.4360788,0.373400827,211.4360788,46.461157,10.99654993,-72.12347307,9.0,3.0
2025-01-25 19:15:00,403.8063203141127,58.85182863,23.68050926,78.76717575,0.0,209.1766404,0.379273225,209.1766404,48.64959316,13.61000106,-73.03630728,9.0,3.0
2025-01-25 19:30:00,397.5617093766056,51.19666588,15.9952525,63.16238429,0.0,230.1214955,0.371266916,230.1214955,41.71012638,10.5219854,-77.24915145,9.0,3.0
2025-01-25 19:45:00,441.19549996179626,50.08732814,16.89745105,61.51415139,0.0,225.8478896,0.382366433,225.8478896,47.5164934,11.48600373,-77.01979365,9.0,3.0
2025-01-25 20:00:00,414.46917290602005,57.74203864,24.64745322,83.65453018,0.0,213.3047094,0.392750243,213.3047094,57.53106277,14.64480219,-75.53124866,9.0,3.0
2025-01-25 20:15:00,445.04921217957565,59.96046725,21.55782687,100.4495024,0.0,188.8032082,0.396386222,188.8032082,54.21907351,13.8656963,-67.0991756,9.0,3.0
2025-01-25 20:30:00,422.67986350981005,54.46425996,15.47136804,92.09587826,0.0,207.5194305,0.398232195,207.5194305,48.92937287,14.28304596,-72.16026686,9.0,3.0
2025-01-25 20:45:00,447.69175140459424,49.68768512,22.49373014,55.69936528,0.0,232.1062408,0.404785308,232.1062408,47.77701797,14.89096846,-79.87122611,9.0,3.0
2025-01-25 21:00:00,235.7070436345499,44.08431849,19.1024693,81.20276507,0.0,207.4690094,0.416125373,207.4690094,42.54095989,11.10382571,-71.01616003,9.0,3.0
2025-01-25 21:15:00,227.72253220084514,52.25684007,25.31905441,62.96417088,0.0,222.9691102,0.41965607,222.9691102,44.71116288,12.74403464,-76.83070741,9.0,3.0
2025-01-25 21:30:00,236.22635755706176,55.12371316,24.14091375,86.59492171,0.0,198.4833637,0.416034131,198.4833637,51.6869364,14.79523681,-70.41051031,9.0,3.0
2025-01-25 21:45:00,255.8040666075433,58.02562904,18.29711337,70.49150298,0.0,217.9583156,0.393527355,217.9583156,51.13680698,17.42679651,-77.05473963,9.0,3.0
2025-01-25 22:00:00,271.6217962630094,50.08635222,19.50142032,73.03462644,0.0,222.5452769,0.378876662,222.5452769,48.02004451,15.87179488,-77.50672027,6.5,3.0
2025-01-25 22:15:00,293.99429421216405,45.09564787,27.44969201,73.62086033,0.0,207.4497378,0.363250978,207.4497378,44.93289345,19.98396747,-74.40876287,6.5,3.0
2025-01-25 22:30:00,289.13456947891365,46.89878297,26.75246396,68.11294332,0.0,221.1548504,0.355429197,221.1548504,43.16001849,17.85748698,-77.38449953,6.5,3.0
2025-01-25 22:45:00,285.10934004591286,46.9885026,17.20218296,72.77673296,0.0,211.4379217,0.356775012,211.4379217,46.81753835,9.510610407,-71.97725464,6.5,3.0
2025-01-25 23:00:00,294.3162806099093,49.13889811,29.30648725,84.0738843,0.0,226.6330301,0.368569895,226.6330301,40.28904782,20.17395273,-79.70359803,6.5,3.0
2025-01-25 23:15:00,277.5380998449593,47.97702239,18.89893933,81.803892,0.0,219.5962568,0.362408718,219.5962568,44.78348473,14.18991104,-75.66357017,6.5,3.0
2025-01-25 23:30:00,286.84612677134135,52.19998935,29.25618204,74.11285992,0.0,219.8251452,0.35038063,219.8251452,47.01285908,26.02219876,-80.16719187,6.5,3.0
2025-01-25 23:45:00,292.3094927737901,50.1106547,28.7035016,85.3665236,0.0,212.4798927,0.350831208,212.4798927,45.89975087,23.66344549,-77.81728357,6.5,3.0
2025-01-26 00:00:00,231.0741659233911,47.24655541,26.23698335,78.38893182,0.0,211.5885775,0.355413698,211.5885775,41.48798214,14.05230648,-72.90949483,6.5,3.0
2025-01-26 00:15:00,231.0829377661369,46.93818124,22.224814,63.9837288,0.0,224.4767383,0.354497711,224.4767383,37.69759708,21.87234591,-79.78001034,6.5,3.0
2025-01-26 00:30:00,234.53537128313326,43.79624584,21.85667082,66.42160247,0.0,223.0888382,0.355858131,223.0888382,42.53201897,20.10169677,-79.32218248,6.5,3.0
2025-01-26 00:45:00,230.25752502733883,43.70547031,26.37953303,80.01985375,0.0,209.6332283,0.367705813,209.6332283,35.80970724,17.90652358,-73.00937641,6.5,3.0
2025-01-26 01:00:00,236.5487533803733,45.97312171,22.1231684,73.07097821,0.0,228.5435866,0.354462189,228.5435866,41.93944141,16.17492729,-78.99803964,6.5,3.0
2025-01-26 01:15:00,239.11474016946005,52.3396517,23.91667855,60.8854514,0.0,235.3785386,0.356858768,235.3785386,49.01901244,15.48175659,-81.53856693,6.5,3.0
2025-01-26 01:30:00,243.37360483906713,48.27716758,17.57161433,86.27403512,0.0,202.6932609,0.35489242,202.6932609,46.99475323,13.1213775,-70.53502728,6.5,3.0
2025-01-26 01:45:00,209.9629016110996,56.53348358,20.98614691,61.83182537,0.0,236.5475076,0.350642164,236.5475076,53.11979962,17.55770839,-83.40329837,6.5,3.0
2025-01-26 02:00:00,223.82875014151335,44.99124977,18.89348489,70.75751226,0.0,218.0499884,0.34839558,218.0499884,37.44916861,11.47692644,-73.71377625,6.5,3.0
2025-01-26 02:15:00,231.63724591339962,52.80626919,17.44765498,76.11603177,0.0,219.6430117,0.35218154,219.6430117,52.13782256,9.224247061,-74.52698451,6.5,3.0
2025-01-26 02:30:00,222.73216071357433,55.23651488,28.60622807,84.9377362,0.0,206.0073061,0.355259818,206.0073061,52.24421645,16.06391453,-73.9902089,6.5,3.0
2025-01-26 02:45:00,252.94184323151273,49.42470126,27.67820696,76.92818487,0.0,223.6372467,0.343559477,223.6372467,42.63413677,26.40395579,-81.58326192,6.5,3.0
2025-01-26 03:00:00,261.16962955198085,53.32812018,29.65012542,78.9704183,0.0,224.4192908,0.349809206,224.4192908,46.78678024,18.71380432,-79.24528592,6.5,3.0
2025-01-26 03:15:00,256.34251512425004,54.99890064,24.84321231,70.62094623,0.0,213.4514304,0.362029204,213.4514304,51.01924511,19.07102767,-76.85503438,6.5,3.0
2025-01-26 03:30:00,270.6717473763515,45.28668326,23.77175134,84.55008207,0.0,215.5091737,0.365841639,215.5091737,38.2719276,16.1226423,-75.04483797,6.5,3.0
2025-01-26 03:45:00,279.0961079474175,52.21366141,26.71929199,70.41864437,0.0,230.136456,0.36033193,230.136456,51.89266056,17.17763236,-80.8696557,6.5,3.0
2025-01-26 04:00:00,242.46598199489029,50.54999,25.73128743,79.32439354,0.0,228.4694383,0.3757921,228.4694383,45.04528973,13.98908154,-78.21841715,6.5,3.0
2025-01-26 04:15:00,232.22474468760785,57.19175134,16.58024059,83.77133718,0.0,203.4025623,0.36663635,203.4025623,52.26185755,8.796955445,-69.88091085,6.5,3.0
2025-01-26 04:30:00,223.51785407547243,50.86554441,29.24229362,77.96347925,0.0,220.1204166,0.383175805,220.1204166,44.44705971,27.65710591,-81.35547942,6.5,3.0
2025-01-26 04:45:00,234.72141924202936,53.2581104,15.99454165,92.35721767,0.0,208.0593903,0.3860253,208.0593903,51.80523361,13.28609921,-72.46432545,6.5,3.0
2025-01-26 05:00:00,269.69990503735556,51.69911766,19.52861044,88.77061878,0.0,210.284098,0.375654389,210.284098,45.70323474,18.85057608,-75.69627256,6.5,3.0
2025-01-26 05:15:00,292.52648505526133,55.7747313,28.24808521,76.37277801,0.0,234.3487759,0.379356445,234.3487759,53.76573641,27.24100469,-87.90721429,6.5,3.0
2025-01-26 05:30:00,275.3649868174428,49.7887288,20.83897195,83.3069954,0.0,211.7863442,0.367800915,211.7863442,42.23804548,12.93923423,-72.53047641,6.5,3.0
2025-01-26 05:45:00,292.5486230899405,57.36710631,19.41076317,86.40797342,0.0,207.9095498,0.375900357,207.9095498,55.92502111,12.36501806,-72.95456932,6.5,3.0
2025-01-26 06:00:00,426.6279440154165,52.29873947,26.2183892,74.84557819,0.0,222.5777058,0.369621382,222.5777058,46.09212495,25.52470682,-81.55020988,6.5,3.0
2025-01-26 06:15:00,407.7468725957233,58.42624492,16.07190953,65.40620916,0.0,231.4232887,0.37009832,231.4232887,52.97768159,8.255158174,-77.55886622,6.5,3.0
2025-01-26 06:30:00,415.0955392093146,44.93982482,15.73661543,69.90651066,0.0,230.7093544,0.362794977,230.7093544,38.94320084,13.39577565,-78.55429712,6.5,3.0
2025-01-26 06:45:00,439.94964417954566,56.87760536,20.00200652,63.79689171,0.0,228.1332255,0.356556045,228.1332255,46.30198867,17.26993219,-79.98503753,6.5,3.0
2025-01-26 07:00:00,438.0643305019576,53.00666052,26.39538975,66.14853804,157.82668102482063,231.4465468,0.346883518,231.4465468,48.57918151,25.87494494,-84.55581195,6.5,3.0
2025-01-26 07:15:00,453.25943464570173,53.15739054,16.18271998,83.91095026,162.8226567067859,213.51177,0.326382472,213.51177,52.33037828,10.88337372,-73.77764586,6.5,3.0
2025-01-26 07:30:00,450.34842946999544,52.83520495,27.48469614,66.00917494,167.81458019033022,237.2082533,0.337703688,237.2082533,51.70272141,19.325085,-84.531961,6.5,3.0
2025-01-26 07:45:00,456.82780538234533,58.99794222,27.07744075,93.72790007,153.78608207806326,208.6928453,0.343462553,208.6928453,54.49560433,20.90131208,-76.59677157,6.5,3.0
2025-01-26 08:00:00,378.6115462521816,56.47265738,17.65842292,77.40887358,363.9503148960906,220.3172616,0.359461803,220.3172616,54.51812083,13.19127288,-77.07023835,6.5,3.0
2025-01-26 08:15:00,368.69252276596177,58.71053788,20.34424803,61.7160615,371.01580985735137,231.4712493,0.34640301,231.4712493,54.71867089,17.92431858,-82.38861507,6.5,3.0
2025-01-26 08:30:00,388.96548323305416,46.97025682,16.78781398,77.80647344,374.92361544239935,215.5340317,0.346489515,215.5340317,42.22594888,10.57650008,-73.2181015,6.5,3.0
2025-01-26 08:45:00,359.50044774880257,45.27235782,25.17817536,86.1780417,415.73025980415855,212.3480753,0.352774762,212.3480753,37.82315826,22.78165036,-76.52027095,6.5,3.0
2025-01-26 09:00:00,365.54509414213425,48.99551287,23.53299873,99.21297978,551.4544203632223,193.799545,0.367370185,193.799545,44.92317719,12.44345561,-68.08670096,6.5,3.0
2025-01-26 09:15:00,362.30518674772793,47.15459273,28.62010403,73.04902027,549.9938580973434,231.9886787,0.361589237,231.9886787,38.77419041,21.05012625,-81.96421993,6.5,3.0
2025-01-26 09:30:00,380.27804822904125,60.46790386,20.30462045,87.14496824,540.9916865144994,215.253919,0.355115362,215.253919,59.39021279,19.57123094,-78.70222226,6.5,3.0
2025-01-26 09:45:00,352.10167088109665,52.66257611,21.57994911,67.32769121,583.5200350249349,243.6285183,0.350010017,243.6285183,43.3295597,14.02365861,-82.60617517,6.5,3.0
2025-01-26 10:00:00,345.0325500316399,51.36739768,16.72477106,74.45494803,681.6959599074942,231.7132572,0.349907068,231.7132572,47.06254825,14.71815389,-80.36693583,6.5,3.0
2025-01-26 10:15:00,335.2784825076006,51.22358971,20.36503799,62.22936033,687.5484339617826,240.5827891,0.353597976,240.5827891,46.78545338,10.70739895,-81.25054049,6.5,3.0
2025-01-26 10:30:00,326.5495050210132,47.68083941,15.31132305,89.20472055,649.7949000291146,206.317964,0.346153656,206.317964,41.15673285,8.604925768,-69.67920515,6.5,3.0
2025-01-26 10:45:00,342.64946243974623,55.24574146,22.25896957,92.35727674,632.1007061016085,204.9942681,0.340080361,204.9942681,48.13937066,14.90219018,-72.71660173,6.5,3.0
2025-01-26 11:00:00,232.69843391836142,54.09879481,20.04314857,102.6521325,468.81862711379415,198.1802022,0.355104043,198.1802022,51.54861708,19.24571941,-71.6723225,6.5,3.0
2025-01-26 11:15:00,247.7480652546743,52.41572846,28.5867606,76.90627089,451.1649283633476,240.9293438,0.356790174,240.9293438,41.96253477,27.29375969,-87.51837137,6.5,3.0
2025-01-26 11:30:00,250.42736924820642,51.33653895,17.12090077,81.87165053,445.52228127083947,220.225068,0.36298614,220.225068,47.14042957,13.84408671,-75.91646113,6.5,3.0
2025-01-26 11:45:00,237.65613157875782,54.6978068,19.0787307,76.49948143,422.2041632520188,214.0656234,0.356613917,214.0656234,50.09065889,13.41819721,-74.77597393,6.5,3.0
2025-01-26 12:00:00,237.0736266666042,56.86133226,24.37390054,67.04216238,389.5515513777557,227.4690809,0.364635817,227.4690809,51.5582426,23.16271105,-82.25762518,6.5,3.0
2025-01-26 12:15:00,238.5946378807736,55.90408672,15.29640125,90.19738937,395.1369460617276,200.3271285,0.372805181,200.3271285,47.63428533,10.79481479,-68.93275549,6.5,3.0
2025-01-26 12:30:00,227.69353505522932,50.26943856,21.85361976,71.65537468,380.32967302387135,235.0321062,0.380861497,235.0321062,44.19704517,12.81806438,-80.30074313,6.5,3.0
2025-01-26 12:45:00,219.68820039739285,55.91132232,21.48391441,84.27994949,432.6918295366454,227.6440955,0.381845558,227.6440955,46.7567547,17.98718504,-80.68219629,6.5,3.0
2025-01-26 13:00:00,234.82923258607912,61.5038653,17.8499187,92.00711483,367.8525616654114,218.447388,0.384842307,218.447388,52.72509704,17.30306394,-77.4436271,6.5,3.0
2025-01-26 13:15:00,227.83948244337063,52.87061605,14.96740857,100.2849375,379.27542641677724,195.2245585,0.388263822,195.2245585,51.13086763,8.635701892,-67.37038124,6.5,3.0
2025-01-26 13:30:00,235.2480521121622,57.85106292,24.61228087,67.35877142,353.2683567992602,222.287573,0.379069916,222.287573,47.19191025,13.03660603,-76.55968356,6.5,3.0
2025-01-26 13:45:00,220.67323285838813,50.99838285,19.61641249,83.13651685,370.4236551185511,217.1463429,0.38056314,217.1463429,47.50201928,13.67414436,-75.56838848,6.5,3.0
2025-01-26 14:00:00,252.9118264890174,50.10112376,15.09748381,90.26665918,396.828410667396,206.4782988,0.409664264,206.4782988,45.60329488,12.4476351,-71.95385604,6.5,3.0
2025-01-26 14:15:00,236.22445450950698,58.84424168,15.25595964,90.57184892,386.2133017731205,214.4681205,0.405320855,214.4681205,56.98403007,7.708133545,-73.19247355,6.5,3.0
2025-01-26 14:30:00,246.37703241668316,54.5479073,17.2967071,71.48547327,366.5211063306284,229.5273686,0.397114209,229.5273686,48.21812913,9.221269034,-77.39905586,6.5,3.0
2025-01-26 14:45:00,229.04668658479238,58.63933202,27.94547924,79.9914194,367.0971812288551,234.2688149,0.409783379,234.2688149,52.43041529,27.51804753,-87.22513134,6.5,3.0
2025-01-26 15:00:00,262.8700396618945,59.74892433,24.63098608,81.88069071,467.19477237533914,210.4577183,0.407780279,210.4577183,50.36932902,24.27962529,-78.84714067,6.5,3.0
2025-01-26 15:15:00,246.39087746592062,49.20684177,23.46075483,88.91211072,482.93176728798653,210.7043807,0.399486911,210.7043807,43.18348346,17.44681708,-74.11673024,6.5,3.0
2025-01-26 15:30:00,253.42386341010555,59.05338107,29.7336643,84.8577196,472.3439652839969,220.5430542,0.378776508,220.5430542,49.70367701,21.29389745,-79.30748478,6.5,3.0
2025-01-26 15:45:00,251.28521946207934,55.10046021,28.87538023,87.70251138,515.5794950526772,228.0386273,0.373050925,228.0386273,53.5117347,16.65865571,-80.01987675,6.5,3.0
2025-01-26 16:00:00,339.6139850437972,46.71864623,29.08859958,82.92045224,369.8653873891804,219.8229971,0.373387174,219.8229971,42.65290108,23.03179956,-79.20436207,6.5,3.0
2025-01-26 16:15:00,335.6720412211611,54.97751341,23.16534939,94.23859173,381.70275639286496,215.4293428,0.385625999,215.4293428,48.95902897,13.69303131,-75.40115259,6.5,3.0
2025-01-26 16:30:00,316.38294005558544,57.92291894,19.66124173,91.97853082,354.6274270268707,217.0517864,0.371686153,217.0517864,47.15915999,12.49304242,-74.95574133,6.5,3.0
2025-01-26 16:45:00,319.2710336794563,45.83923452,21.79826863,76.0573782,377.494429191084,231.5001563,0.375038763,231.5001563,37.90785393,17.44436382,-80.521164,6.5,3.0
2025-01-26 17:00:00,421.30905395861606,60.40277093,26.06061997,71.33213186,212.22720953336508,223.4881265,0.345847626,223.4881265,54.91654756,19.37998023,-79.88221409,9.0,3.0
2025-01-26 17:15:00,442.9211347692538,52.89273937,16.39849027,66.19190407,207.05861670117395,242.7969998,0.356479055,242.7969998,50.64401085,11.15148267,-82.32061163,9.0,3.0
2025-01-26 17:30:00,417.53827444983915,55.04272583,20.09621787,70.08028949,212.73863548234897,232.5092307,0.355698267,232.5092307,51.54541974,19.3126429,-82.61435789,9.0,3.0
2025-01-26 17:45:00,440.461536822291,60.51095621,26.56966971,72.95080318,222.075538283112,240.9451032,0.360189475,240.9451032,51.63156383,15.85877767,-83.94748623,9.0,3.0
2025-01-26 18:00:00,426.7216409200511,56.86793013,22.86748041,91.84035115,0.0,219.8163615,0.362106077,219.8163615,49.80464129,17.80445469,-77.6511968,9.0,3.0
2025-01-26 18:15:00,412.47782776213097,60.39372295,28.48752569,93.94491632,0.0,213.8207465,0.367458195,213.8207465,49.37019457,22.26412575,-78.7267283,9.0,3.0
2025-01-26 18:30:00,443.3137927214402,57.24869471,22.8471092,97.38848047,0.0,211.0872601,0.383534651,211.0872601,52.28063865,16.22867397,-75.46436614,9.0,3.0
2025-01-26 18:45:00,437.27673859637775,57.18437157,27.3017983,63.81047213,0.0,236.3086289,0.371814695,236.3086289,54.84693212,24.96022352,-87.52493855,9.0,3.0
2025-01-26 19:00:00,401.58055347292634,56.5005925,17.58686364,94.32851958,0.0,202.0672776,0.370108385,202.0672776,53.63223763,13.40908939,-71.20761156,9.0,3.0
2025-01-26 19:15:00,413.1378419773758,55.30793492,27.39520703,63.86159561,0.0,241.2911019,0.369406624,241.2911019,49.10796928,27.26553318,-87.98776006,9.0,3.0
2025-01-26 19:30:00,423.38710425036754,58.59186777,21.99225754,89.26871937,0.0,210.4086643,0.377774424,210.4086643,52.64403164,12.41822111,-73.60825191,9.0,3.0
2025-01-26 19:45:00,450.0445002993306,56.58835548,18.16483908,93.66532366,0.0,206.816771,0.377441612,206.816771,55.197171,13.60112627,-73.01817663,9.0,3.0
2025-01-26 20:00:00,420.99992741878697,53.12696939,28.19781192,80.75686656,0.0,217.3863999,0.365292661,217.3863999,43.20735432,22.84867643,-78.75201242,9.0,3.0
2025-01-26 20:15:00,398.56826066814784,47.41579807,28.64656806,75.68336049,0.0,232.8737457,0.355715882,232.8737457,46.703013,26.70875921,-85.849117,9.0,3.0
2025-01-26 20:30:00,412.31389839235766,50.76723432,20.2253009,78.86134505,0.0,221.6368402,0.351209136,221.6368402,49.79460023,15.98301842,-77.97673186,9.0,3.0
2025-01-26 20:45:00,405.15791352070755,50.53084767,22.26222682,76.58235034,0.0,234.6752927,0.349695381,234.6752927,49.15236216,19.40172944,-82.56175829,9.0,3.0
2025-01-26 21:00:00,243.58990002473075,50.43227539,25.33691565,85.00514966,0.0,229.9422042,0.340373948,229.9422042,43.01736774,19.35383429,-80.89585314,9.0,3.0
2025-01-26 21:15:00,233.56650106923314,60.50456326,28.09627554,88.75604057,0.0,210.4901343,0.333204896,210.4901343,49.49328163,15.29688564,-74.02710913,9.0,3.0
2025-01-26 21:30:00,240.5130613646069,48.54019792,15.97829486,77.45290161,0.0,222.1375256,0.335832248,222.1375256,42.31526757,9.060041114,-74.74678158,9.0,3.0
2025-01-26 21:45:00,227.1705375414292,57.17158831,17.12758184,79.20852486,0.0,230.6103981,0.335568706,230.6103981,52.29117653,16.6070284,-81.50055233,9.0,3.0
2025-01-26 22:00:00,262.65776053440226,56.87066163,16.04530426,87.71980767,0.0,224.2417559,0.327770217,224.2417559,46.28470182,8.852816977,-75.61661045,6.5,3.0
2025-01-26 22:15:00,266.57140324096804,55.85131946,17.15746546,100.8042455,0.0,216.3465029,0.319001055,216.3465029,52.39195623,14.73427716,-76.07603676,6.5,3.0
2025-01-26 22:30:00,260.62365496090285,52.89289417,20.93010862,80.23065965,0.0,225.2062476,0.31002985,225.2062476,44.84814825,17.58390355,-79.20759969,6.5,3.0
2025-01-26 22:45:00,305.3871812637268,49.09445136,17.7332778,82.1008386,0.0,228.0070891,0.314234223,228.0070891,44.33233423,12.67263452,-78.28901516,6.5,3.0
2025-01-26 23:00:00,240.2127929563472,60.12797482,15.48485388,79.22390679,0.0,217.6073401,0.326887044,217.6073401,52.65260154,13.68779811,-75.77187047,6.5,3.0
2025-01-26 23:15:00,247.22938496688906,53.13831387,29.13072505,78.54807289,0.0,237.3939524,0.328520681,237.3939524,44.35679624,24.69456507,-86.22007964,6.5,3.0
2025-01-26 23:30:00,255.69547964465835,54.2285821,16.73939786,87.59300088,0.0,201.3249832,0.342652552,201.3249832,45.49266126,10.04586455,-68.95735772,6.5,3.0
2025-01-26 23:45:00,261.9223424321053,52.12570215,28.09709277,97.41703449,0.0,216.3266272,0.349355007,216.3266272,48.22344945,22.17775616,-78.83984315,6.5,3.0
2025-01-27 00:00:00,264.11662312891957,51.30000316,21.43979881,80.61205508,0.0,227.5614366,0.346894281,227.5614366,45.39710854,15.99634036,-79.74354674,6.5,3.0
2025-01-27 00:15:00,253.57699478823895,48.85575869,26.33253716,81.10098849,0.0,235.2369272,0.35744412,235.2369272,46.84709009,23.82126847,-85.04182931,6.5,3.0
2025-01-27 00:30:00,277.890919002369,52.34949342,27.44730152,74.40455256,0.0,225.3549037,0.344299661,225.3549037,49.87979521,15.0161986,-79.11503109,6.5,3.0
2025-01-27 00:45:00,268.7754630804725,51.14562245,25.58028434,72.34303452,0.0,222.9033437,0.356238108,222.9033437,41.32362881,14.64319033,-77.41522336,6.5,3.0
2025-01-27 01:00:00,285.02907378265604,50.80635471,20.82026618,83.65423016,0.0,224.9680872,0.34538674,224.9680872,43.5996657,20.48346531,-80.42462523,6.5,3.0
2025-01-27 01:15:00,302.2988410872508,54.32178714,23.13431775,93.56839468,0.0,204.5086635,0.328889207,204.5086635,48.78631742,21.6544359,-75.1707564,6.5,3.0
2025-01-27 01:30:00,303.24771758370497,46.95683919,23.02992083,80.27840625,0.0,221.1376394,0.31042266,221.1376394,38.92323624,20.08782388,-78.59562218,6.5,3.0
2025-01-27 01:45:00,278.22436754638807,50.34326447,17.32706813,99.10738955,0.0,210.3547336,0.293950382,210.3547336,45.26248993,11.87620348,-72.79771118,6.5,3.0
2025-01-27 02:00:00,306.9773386537981,62.90521279,23.60798935,95.45284704,0.0,217.3164002,0.290570383,217.3164002,53.81774667,21.12929737,-79.51802511,6.5,3.0
2025-01-27 02:15:00,301.1294292033677,49.58776873,29.46658046,86.58608068,0.0,214.7635717,0.282881832,214.7635717,45.893803,22.19290203,-78.66356331,6.5,3.0
2025-01-27 02:30:00,317.8969187727803,45.73023945,24.01418237,78.8272642,0.0,225.3790783,0.272330359,225.3790783,43.62398853,18.07450425,-79.67627705,6.5,3.0
2025-01-27 02:45:00,300.656313370054,60.5665822,19.52162187,91.93926932,0.0,215.0471584,0.271511266,215.0471584,54.07673128,19.09519369,-77.8704748,6.5,3.0
2025-01-27 03:00:00,261.81070874265447,60.71765672,31.8016621,76.92893708,0.0,237.1163028,0.267223679,237.1163028,57.38131932,22.38021683,-86.17914847,6.5,3.0
2025-01-27 03:15:00,256.9632760189105,56.03052326,28.63289397,74.39371413,0.0,241.9287874,0.247801106,241.9287874,54.61265295,21.28668351,-86.54202525,6.5,3.0
2025-01-27 03:30:00,258.78637229215826,53.36781336,20.45401249,85.25558282,0.0,224.1156727,0.246844446,224.1156727,46.2514262,10.47241373,-76.01641067,6.5,3.0
2025-01-27 03:45:00,299.6696429462768,56.65266679,20.34485852,90.601058,0.0,210.0816609,0.240799527,210.0816609,50.94461079,11.84872934,-73.58244377,6.5,3.0
2025-01-27 04:00:00,305.54638376210124,49.23991143,24.79790655,86.60959817,0.0,213.5719694,0.230382759,213.5719694,47.98802272,17.5981152,-76.07167606,6.5,3.0
2025-01-27 04:15:00,318.27997260829727,45.45569606,25.67673021,72.16916166,0.0,229.5126358,0.247335079,229.5126358,37.25797492,22.72137192,-82.25822764,6.5,3.0
2025-01-27 04:30:00,319.5525345744786,60.17686247,16.68306929,102.6321564,0.0,216.6774493,0.253028001,216.6774493,59.61574004,14.68217312,-76.77900474,6.5,3.0
2025-01-27 04:45:00,304.6611090551228,47.93597924,30.60294705,103.2633697,0.0,205.1752957,0.23395775,205.1752957,38.77775829,15.98224272,-72.27819089,6.5,3.0
2025-01-27 05:00:00,320.7984067371575,49.12368377,17.57802615,82.85610985,0.0,232.250558,0.236446731,232.250558,45.40226089,15.5646907,-80.31373445,6.5,3.0
2025-01-27 05:15:00,326.2327088286534,54.26244761,17.93712641,81.03720225,0.0,224.7971268,0.257918067,224.7971268,45.52661866,11.77128413,-76.63230973,6.5,3.0
2025-01-27 05:30:00,312.6851516149989,52.66510122,19.88004839,74.76890271,0.0,231.6862764,0.256987701,231.6862764,45.19127501,13.40083367,-79.78780364,6.5,3.0
2025-01-27 05:45:00,318.53373281919016,49.25405525,16.05633151,100.8315909,0.0,201.449911,0.249517438,201.449911,41.99702046,13.91518816,-70.40357259,6.5,3.0
2025-01-27 06:00:00,471.18547684302274,54.42314938,17.23341203,88.18211897,0.0,224.8033578,0.23847834,224.8033578,53.82924436,14.39286992,-78.70730774,6.5,3.0
2025-01-27 06:15:00,435.86311624144594,46.68631991,15.93705601,96.39500284,0.0,213.1747054,0.236199412,213.1747054,38.55630506,13.52451245,-72.7378692,6.5,3.0
2025-01-27 06:30:00,435.56264508893963,61.94187956,21.67619218,90.83006465,0.0,232.4046582,0.245507918,232.4046582,51.38304953,17.53210772,-81.60677867,6.5,3.0
2025-01-27 06:45:00,456.08876182659174,53.77305391,23.69920652,94.26922416,0.0,217.785841,0.224336752,217.785841,45.84416007,12.48723614,-75.68359863,6.5,3.0
2025-01-27 07:00:00,472.1814994887735,52.30460708,30.34455694,81.08174442,221.69776725537807,228.3060277,0.221135788,228.3060277,48.28033177,21.64798283,-82.62143535,6.5,3.0
2025-01-27 07:15:00,505.9569320831424,50.33751421,22.11822392,99.83030884,235.57599181176175,210.2966075,0.221368659,210.2966075,44.13430815,18.40288971,-75.33023202,6.5,3.0
2025-01-27 07:30:00,487.9782935647673,55.40212377,30.51482577,89.89518567,215.25261402113318,225.8510376,0.208789209,225.8510376,46.05086087,18.5566356,-80.67022273,6.5,3.0
2025-01-27 07:45:00,506.6432748633167,51.25501726,24.52506756,101.0322608,230.18362691172706,227.5366766,0.211827697,227.5366766,41.89188741,23.71843266,-82.81722073,6.5,3.0
2025-01-27 08:00:00,462.3942123397218,48.93834486,17.42219034,106.1545793,220.0015531426281,198.7151947,0.209252031,198.7151947,44.09609973,17.08828461,-70.90975955,6.5,3.0
2025-01-27 08:15:00,444.88061639308717,53.20763802,29.98288807,85.82470911,217.1362184454515,224.4180232,0.219049553,224.4180232,49.43145958,28.48642514,-84.61862622,6.5,3.0
2025-01-27 08:30:00,463.2944995313495,59.61568553,26.06340214,88.79115426,224.14229162184628,229.9814623,0.213190289,229.9814623,53.89316775,19.93827755,-82.6923002,6.5,3.0
2025-01-27 08:45:00,418.92067173584155,60.69871994,28.62297606,83.05957457,204.1699367900742,229.1009977,0.224180645,229.1009977,53.83992494,15.10429116,-80.213891,6.5,3.0
2025-01-27 09:00:00,407.84755784638844,49.89330482,29.99624369,77.4719923,452.4322492438237,238.8228847,0.223495467,238.8228847,40.54967037,29.76602387,-89.04045665,6.5,3.0
2025-01-27 09:15:00,390.11317407547205,61.43289967,26.49061097,73.49624717,442.61203011932804,236.3109448,0.220592963,236.3109448,57.94611481,13.31515506,-82.45848051,6.5,3.0
2025-01-27 09:30:00,385.9054766518406,57.63517882,23.67610587,94.35389099,437.6673077995909,226.8480575,0.228590834,226.8480575,57.42509706,19.57228415,-82.68489582,6.5,3.0
2025-01-27 09:45:00,388.30379142629886,53.18854673,18.95229366,84.33060014,479.22841283725734,220.4557658,0.220467492,220.4557658,50.53962744,12.49197417,-76.30759539,6.5,3.0
2025-01-27 10:00:00,381.44039059749906,57.04802818,23.49046665,91.55888039,613.0447965029307,217.84746,0.217147996,217.84746,53.98978976,21.84267364,-80.81607829,6.5,3.0
2025-01-27 10:15:00,385.7601442241228,49.96201539,27.75155963,91.88452025,604.4024572036626,213.1905407,0.204010505,213.1905407,45.24410726,23.85977003,-78.52469609,6.5,3.0
2025-01-27 10:30:00,414.59757782777143,49.36031673,23.79412357,91.68501057,570.5303406342899,222.5911441,0.207984131,222.5911441,47.34215236,20.23144803,-80.11801686,6.5,3.0
2025-01-27 10:45:00,415.58188735060685,58.29089993,17.01989044,95.71411011,610.112405659117,221.5065632,0.203766901,221.5065632,56.15336456,8.815339464,-75.91357898,6.5,3.0
2025-01-27 11:00:00,275.0633183136312,51.08097479,26.790435,87.33979434,438.7684315523721,241.1307607,0.221912602,241.1307607,46.13014018,17.96447851,-84.73533924,6.5,3.0
2025-01-27 11:15:00,273.35474287282375,51.31113887,31.76632748,97.9209344,423.8128487858208,221.3323342,0.21221562,221.3323342,42.85268131,31.75916913,-85.27220505,6.5,3.0
2025-01-27 11:30:00,272.3902537443687,58.19109702,26.68029779,111.244364,457.4075184971913,199.1957814,0.230937764,199.1957814,51.12698861,17.31179546,-72.09833258,6.5,3.0
2025-01-27 11:45:00,272.3416850691765,57.50801187,16.15895871,76.12293645,450.27120116461583,243.8059656,0.262481542,243.8059656,53.95157053,14.44660915,-84.88772549,6.5,3.0
2025-01-27 12:00:00,275.87310288405826,57.86693029,30.55565795,100.4805925,594.1072869538385,221.7496297,0.25787865,221.7496297,50.119042,28.35173369,-83.1683395,6.5,3.0
2025-01-27 12:15:00,261.1429266311358,48.98522178,22.0901174,90.29255727,584.3102462791446,222.6908987,0.257086199,222.6908987,46.45860039,20.40109349,-80.01028828,6.5,3.0
2025-01-27 12:30:00,269.3954419011249,62.31994196,30.59278443,72.96704152,596.0784184099142,244.8061115,0.261343958,244.8061115,55.67339014,18.65714699,-86.9142847,6.5,3.0
2025-01-27 12:45:00,259.72852858368105,51.9866465,28.49798925,104.2640236,515.1340483571025,208.540831,0.260897466,208.540831,42.39856047,26.0503716,-78.81240858,6.5,3.0
2025-01-27 13:00:00,266.9347502939308,53.33185726,21.39454745,76.41299717,539.6827120120389,239.574665,0.251782598,239.574665,50.31412029,14.97702992,-82.87537209,6.5,3.0
2025-01-27 13:15:00,282.1860657046146,47.87200994,15.87619252,79.87420865,539.6249769626422,222.7443635,0.247407136,222.7443635,38.86560304,13.21848158,-76.30045894,6.5,3.0
2025-01-27 13:30:00,276.55029404205925,60.89383368,27.37697732,87.08429569,551.0646086639115,227.5825359,0.242296637,227.5825359,53.90780166,18.23243883,-81.39136588,6.5,3.0
2025-01-27 13:45:00,287.34888995939536,59.60093648,25.44313177,86.58185053,491.86770236140705,222.7231143,0.259701946,222.7231143,48.75062202,21.4424562,-81.14922594,6.5,3.0
2025-01-27 14:00:00,289.02934525116683,47.93902986,24.04284776,78.35888381,504.6337290589249,235.3734003,0.26618407,235.3734003,44.29887221,21.2028043,-83.75623412,6.5,3.0
2025-01-27 14:15:00,288.0527586659625,61.0000336,22.21981168,101.6112334,481.3157317677227,219.2446678,0.275168562,219.2446678,56.48210705,20.42216507,-80.21778087,6.5,3.0
2025-01-27 14:30:00,302.1111079582999,59.79229845,21.79692308,90.06446156,508.60340771644826,227.251563,0.277784797,227.251563,49.70878329,14.05634684,-79.16274691,6.5,3.0
2025-01-27 14:45:00,275.7867881245709,62.31537285,18.60523414,97.38562022,518.3571314569042,213.9065991,0.269549139,213.9065991,61.8872091,12.88495902,-75.86733836,6.5,3.0
2025-01-27 15:00:00,284.5463079169004,51.15179818,29.57458903,92.51314121,553.7865517355136,205.2882487,0.274354765,205.2882487,42.87155891,16.04206665,-73.11788895,6.5,3.0
2025-01-27 15:15:00,309.9126076969405,62.39787194,21.20021224,79.39704958,575.6003373185429,234.4110934,0.267236313,234.4110934,55.91189711,14.82630824,-82.14072185,6.5,3.0
2025-01-27 15:30:00,304.3256060036218,59.81273397,15.98927867,90.24796063,574.2219475579845,215.0681816,0.26682078,215.0681816,59.47124445,8.831829766,-74.29401832,6.5,3.0
2025-01-27 15:45:00,294.29547838253734,51.01931787,31.19761626,96.51939662,579.521163387959,223.6367608,0.258529236,223.6367608,46.62821868,22.38979162,-81.82132797,6.5,3.0
2025-01-27 16:00:00,340.4314531245538,54.54662466,31.07582041,78.47733933,406.4845621573279,239.6963933,0.255125084,239.6963933,51.72371523,22.57908107,-86.64121973,6.5,3.0
2025-01-27 16:15:00,343.09802841782863,49.29775411,27.82635421,91.1992931,408.9159240210412,224.3694007,0.278187458,224.3694007,39.75578578,22.05471185,-81.3613036,6.5,3.0
2025-01-27 16:30:00,352.9882119446778,52.28480199,29.97908213,75.28900838,422.80583047443673,252.9473203,0.281596148,252.9473203,49.61454811,17.02871497,-87.82994668,6.5,3.0
2025-01-27 16:45:00,338.52230651293985,53.62567533,28.14042235,85.38609068,387.8436833471942,231.4182688,0.279188606,231.4182688,49.27868521,23.02412092,-83.79110494,6.5,3.0
2025-01-27 17:00:00,458.04498066674813,51.25823002,22.58539668,96.62418123,210.22203714931166,210.8332786,0.27234559,210.8332786,41.28438914,15.72383542,-73.60035259,9.0,3.0
2025-01-27 17:15:00,485.9263160367373,59.15525735,18.71704849,83.69059416,200.79948541885227,243.8829529,0.287668104,243.8829529,53.08450144,18.08580557,-86.48673208,9.0,3.0
2025-01-27 17:30:00,487.5342826012443,60.68133995,29.62730221,104.9420034,203.32912833542326,205.72001,0.290167863,205.72001,50.79654141,20.07501777,-76.21256599,9.0,3.0
2025-01-27 17:45:00,443.38442069527036,63.48231548,20.67456745,110.9214159,215.66934909641282,205.382759,0.279942688,205.382759,51.07282306,20.50588115,-75.56793078,9.0,3.0
2025-01-27 18:00:00,457.7139389405773,57.2494247,24.1387337,76.85773025,0.0,236.4300851,0.27025511,236.4300851,52.38138705,23.25643808,-86.52647556,9.0,3.0
2025-01-27 18:15:00,475.94169404181736,49.74325638,18.2676103,82.14578178,0.0,232.2732169,0.280785771,232.2732169,46.15207303,9.85464563,-78.48212346,9.0,3.0
2025-01-27 18:30:00,475.1324598636148,52.19685529,29.04441418,103.6281021,0.0,216.0476692,0.284142115,216.0476692,43.81608528,20.1778434,-78.78796945,9.0,3.0
2025-01-27 18:45:00,487.56190715399043,50.61757179,26.39053635,91.72153662,0.0,224.7211151,0.294972747,224.7211151,46.96541104,22.23015792,-81.27175447,9.0,3.0
2025-01-27 19:00:00,480.2545888631616,54.48311019,32.71628767,84.32513139,0.0,243.6770502,0.294223687,243.6770502,44.16621491,29.04838038,-89.82768902,9.0,3.0
2025-01-27 19:15:00,460.74861637473464,47.89653876,19.95434186,80.86905875,0.0,229.5838082,0.274711622,229.5838082,40.62238776,14.32455488,-79.2923955,9.0,3.0
2025-01-27 19:30:00,479.9118071932735,55.66598669,21.58398571,98.88497686,0.0,230.9515887,0.256913976,230.9515887,48.1744174,21.22611063,-82.85366023,9.0,3.0
2025-01-27 19:45:00,500.5249875688303,55.92433208,24.31304228,92.30253102,0.0,238.390396,0.253721473,238.390396,51.3797491,22.30903689,-86.73428732,9.0,3.0
2025-01-27 20:00:00,478.78555157883704,60.16282426,25.28145671,92.42031243,0.0,224.7927338,0.265809704,224.7927338,59.05451472,20.32338296,-83.03381601,9.0,3.0
2025-01-27 20:15:00,480.09199689090593,50.80123677,25.73059604,83.9373066,0.0,228.3004031,0.254926517,228.3004031,42.34700414,18.44536123,-80.77975695,9.0,3.0
2025-01-27 20:30:00,455.1635927570196,57.52473364,20.42345711,104.508861,0.0,214.5400411,0.239003276,214.5400411,49.12909999,16.72739471,-76.79270836,9.0,3.0
2025-01-27 20:45:00,470.95885877323735,56.91008144,17.76341758,120.2006443,0.0,198.30501,0.234068858,198.30501,49.90267634,17.34622572,-72.26688417,9.0,3.0
2025-01-27 21:00:00,280.98897040943916,56.35820673,25.0661932,98.39116979,0.0,221.7513683,0.223508545,221.7513683,46.10389288,13.78873029,-76.91168184,9.0,3.0
2025-01-27 21:15:00,272.561369966089,56.00967259,17.83370537,92.02569343,0.0,219.6269667,0.218993793,219.6269667,46.82302793,11.32940268,-75.43418069,9.0,3.0
2025-01-27 21:30:00,287.15416305452203,59.41855176,31.13424152,102.3205108,0.0,209.4662512,0.210636998,209.4662512,58.57298278,26.74946651,-80.08107084,9.0,3.0
2025-01-27 21:45:00,270.2954965699498,62.81607313,22.97251777,89.96750634,0.0,230.6336361,0.203081429,230.6336361,61.06456099,16.32016715,-82.62548664,9.0,3.0
2025-01-27 22:00:00,279.9636312988415,49.52095782,17.71994058,101.4352695,0.0,221.7566114,0.201114401,221.7566114,45.35310857,16.35026188,-78.68771297,6.5,3.0
2025-01-27 22:15:00,278.4859311119565,49.99586718,27.92451729,96.45061516,0.0,219.7836728,0.191625182,219.7836728,44.32646961,21.13178993,-79.7271272,6.5,3.0
2025-01-27 22:30:00,272.76058371390036,57.35526786,28.87531884,109.2930257,0.0,205.4326212,0.193494259,205.4326212,47.82463673,23.62920988,-77.32491065,6.5,3.0
2025-01-27 22:45:00,294.0798538753015,58.56978663,21.11756675,93.49011539,0.0,224.2251821,0.205139735,224.2251821,53.4042181,20.3418628,-81.38409874,6.5,3.0
2025-01-27 23:00:00,259.00671999675035,55.19943587,18.21705337,93.60491813,0.0,214.3248888,0.211426271,214.3248888,48.25286318,16.21872836,-76.45895561,6.5,3.0
2025-01-27 23:15:00,268.7711441388726,51.01742463,20.36530571,114.9801873,0.0,198.2796821,0.215477143,198.2796821,48.37231969,11.84963526,-69.44261033,6.5,3.0
2025-01-27 23:30:00,258.69191128689147,57.95973884,28.48169912,94.33967119,0.0,227.4182484,0.212679277,227.4182484,47.23487643,16.76408883,-80.96279626,6.5,3.0
2025-01-27 23:45:00,249.05022457748555,59.05555867,24.37130164,88.9765381,0.0,229.5829664,0.21201027,229.5829664,48.89647306,14.82676984,-80.70698764,6.5,3.0
2025-01-28 00:00:00,308.32232027767174,54.83428521,26.59481808,93.27706933,0.0,239.6005714,0.225804593,239.6005714,52.07115755,13.91357359,-83.05447081,6.5,3.0
2025-01-28 00:15:00,305.20198648026735,50.75342165,21.76373507,95.21461135,0.0,231.4482035,0.240719647,231.4482035,43.99885981,12.34888474,-79.03794551,6.5,3.0
2025-01-28 00:30:00,296.4636501013092,50.16758819,27.23254919,90.20788149,0.0,228.4824392,0.242833657,228.4824392,42.03210161,26.24687094,-84.69239366,6.5,3.0
2025-01-28 00:45:00,328.4420431407518,63.58600213,26.88465309,91.71459437,0.0,230.3557076,0.253223824,230.3557076,56.66239797,23.34711988,-85.43510069,6.5,3.0
2025-01-28 01:00:00,305.0755526189677,57.3590113,28.71695773,93.34792792,0.0,228.4240574,0.251670759,228.4240574,57.33202206,26.39706165,-85.4465447,6.5,3.0
2025-01-28 01:15:00,319.63671512577304,62.23440773,21.43968044,73.93641489,0.0,249.1557381,0.247372438,249.1557381,55.92436889,16.50433651,-87.5023809,6.5,3.0
2025-01-28 01:30:00,298.22384919009113,52.6004605,16.13518833,92.28508391,0.0,233.0425914,0.249752426,233.0425914,48.38981908,11.1344127,-79.42571901,6.5,3.0
2025-01-28 01:45:00,328.383883065168,53.32428376,31.09017975,85.32870208,0.0,227.6902932,0.235357749,227.6902932,43.84304244,21.67792668,-82.47396875,6.5,3.0
2025-01-28 02:00:00,282.45319416556,63.11286612,26.28723293,92.69928695,0.0,230.6237839,0.223780683,230.6237839,54.30903669,20.46238702,-83.02449119,6.5,3.0
2025-01-28 02:15:00,277.551237204655,52.15860525,19.9691404,112.7759515,0.0,210.8726413,0.215748474,210.8726413,45.50340065,12.66307654,-73.54002847,6.5,3.0
2025-01-28 02:30:00,258.5590156101355,58.8616665,29.59928223,95.91654002,0.0,227.8103621,0.205589086,227.8103621,51.18341022,22.77060551,-83.65843944,6.5,3.0
2025-01-28 02:45:00,266.75655301964946,56.23763457,20.8897345,108.1432466,0.0,209.7990212,0.214970486,209.7990212,47.9355901,14.80239931,-74.36082987,6.5,3.0
2025-01-28 03:00:00,274.64276687937564,62.74968226,29.73963565,101.332332,0.0,219.7954878,0.207167573,219.7954878,56.19064987,21.80742487,-81.68689755,6.5,3.0
2025-01-28 03:15:00,286.3608271998385,56.64908537,32.06177322,105.9339954,0.0,213.3464897,0.212363884,213.3464897,53.04953613,20.27770822,-78.2384274,6.5,3.0
2025-01-28 03:30:00,270.3663764886845,58.82456182,30.92660289,100.2222298,0.0,238.5851225,0.212822325,238.5851225,48.53801361,19.74465476,-85.05432678,6.5,3.0
2025-01-28 03:45:00,259.7700294321014,59.0927259,23.8574262,80.32133547,0.0,233.6479441,0.207713255,233.6479441,57.24156644,13.9259899,-81.78253408,6.5,3.0
2025-01-28 04:00:00,327.1608356008785,50.10613857,28.89453706,100.7680118,0.0,225.4898026,0.21760911,225.4898026,46.80025537,21.12256165,-82.45216509,6.5,3.0
2025-01-28 04:15:00,331.29819204758,53.83089837,28.30076916,102.2590078,0.0,224.8723752,0.217246705,224.8723752,46.17546104,23.14677248,-82.09254208,6.5,3.0
2025-01-28 04:30:00,307.14478804000294,63.19046078,19.97360209,78.98429743,0.0,247.3596942,0.213458139,247.3596942,56.83379991,12.08214636,-85.23679855,6.5,3.0
2025-01-28 04:45:00,296.69618431153856,51.58603423,30.29579541,92.1995531,0.0,240.4931874,0.223223318,240.4931874,50.10825742,20.08200794,-86.27096298,6.5,3.0
2025-01-28 05:00:00,247.7497877302517,56.41398072,24.87700641,94.49422921,0.0,238.1364723,0.230833262,238.1364723,51.90356169,24.18448235,-87.30054339,6.5,3.0
2025-01-28 05:15:00,252.14018030969962,59.80563716,23.90326569,85.75516444,0.0,225.0388202,0.225610502,225.0388202,49.89049357,13.48147938,-78.53338697,6.5,3.0
2025-01-28 05:30:00,264.29840519566136,52.56291959,31.67135827,71.28645385,0.0,250.538691,0.219705237,250.538691,44.65360787,30.80132447,-93.08764688,6.5,3.0
2025-01-28 05:45:00,243.0016267643873,59.99599607,21.4405927,100.1388465,0.0,216.2747497,0.21974556,216.2747497,58.9980589,14.30255016,-77.17126423,6.5,3.0
2025-01-28 06:00:00,434.9790703149296,55.42033768,27.23326268,98.22408193,0.0,225.4265135,0.202664726,225.4265135,51.81615274,14.18190803,-78.78883021,6.5,3.0
2025-01-28 06:15:00,434.03588809592475,56.21277413,18.46433405,118.0180698,0.0,206.7232588,0.222640714,206.7232588,45.39312741,13.36576543,-72.4939478,6.5,3.0
2025-01-28 06:30:00,455.40939147803874,59.07734846,21.66696148,111.6149121,0.0,216.1182596,0.248380487,216.1182596,48.2184249,13.71346457,-75.8944471,6.5,3.0
2025-01-28 06:45:00,435.80565011110684,57.30525396,28.46008135,98.45183293,0.0,212.9661724,0.256469773,212.9661724,47.79823541,24.63445205,-79.3378662,6.5,3.0
2025-01-28 07:00:00,403.0471432684031,58.03185868,25.28441142,90.95451911,198.47579430483282,238.536382,0.256571567,238.536382,52.49818226,15.40155665,-83.77092405,6.5,3.0
2025-01-28 07:15:00,385.33395611562764,59.87909165,21.49393272,85.00390748,198.78012511199793,248.5120487,0.25219016,248.5120487,49.16658163,14.38956427,-85.59479025,6.5,3.0
2025-01-28 07:30:00,387.85472203637323,51.60955836,31.51567282,99.62492682,193.8154519586521,236.1850311,0.256766621,236.1850311,50.329643,17.49218972,-84.17214745,6.5,3.0
2025-01-28 07:45:00,405.46417857959614,57.43808741,25.57000443,84.32318368,211.32862862451714,245.3796896,0.269912068,245.3796896,46.40839985,13.28207909,-83.73690294,6.5,3.0
2025-01-28 08:00:00,449.9473230010882,55.76299451,23.83486368,98.40845091,318.4903574773129,224.4988313,0.265040572,224.4988313,51.65409804,13.82628259,-79.07204096,6.5,3.0
2025-01-28 08:15:00,444.76204900605177,48.95702122,19.00130559,94.56311468,307.51000126934963,222.1976481,0.236638316,222.1976481,41.37168857,12.87587283,-76.56577506,6.5,3.0
2025-01-28 08:30:00,430.6844790446736,55.99917672,17.89867923,102.8547467,303.07108402437336,225.8948973,0.232946342,225.8948973,52.5645588,14.1536082,-79.57626792,6.5,3.0
2025-01-28 08:45:00,483.9661489481862,48.10506582,31.30884494,97.41028867,289.028557228964,226.4626215,0.233537913,226.4626215,40.12442958,27.5236962,-84.05537953,6.5,3.0
2025-01-28 09:00:00,361.94339216766446,60.88781797,29.16588174,121.5952403,444.397566506038,200.1977902,0.229064979,200.1977902,60.33210919,28.27726081,-79.12623749,6.5,3.0
2025-01-28 09:15:00,371.12551440950165,57.61825358,27.20450074,94.89525548,468.15705878094485,228.09471,0.234704264,228.09471,46.46597321,22.68735118,-83.54224508,6.5,3.0
2025-01-28 09:30:00,360.1668947217121,60.62465745,26.17526168,91.79731195,478.10508286119597,231.2053542,0.235968236,231.2053542,51.59340537,14.8721971,-80.96132139,6.5,3.0
2025-01-28 09:45:00,415.6641987011219,51.34624337,26.39189776,91.11874549,472.17029185182105,229.8630961,0.225863446,229.8630961,51.25975465,25.17664695,-84.68577036,6.5,3.0
2025-01-28 10:00:00,356.621410392126,63.59519579,27.28822644,101.8461887,530.2546933538309,218.0281792,0.234922092,218.0281792,62.70545848,20.84918151,-81.5659325,6.5,3.0
2025-01-28 10:15:00,333.37145400235494,59.45528475,30.55403938,101.3021592,554.1426298813775,229.0783654,0.24644974,229.0783654,51.20248675,27.87328187,-85.54038242,6.5,3.0
2025-01-28 10:30:00,341.5529199672626,58.46942149,19.70495755,111.6419411,541.3513591461514,215.2574347,0.249252296,215.2574347,58.31564393,16.27156252,-77.72084421,6.5,3.0
2025-01-28 10:45:00,343.8442156382566,57.46694022,26.15762549,80.38466015,559.2113176186404,240.5918498,0.233272872,240.5918498,48.12935186,21.95697266,-87.37620463,6.5,3.0
2025-01-28 11:00:00,297.3501579272879,63.70630706,21.83330642,87.06835862,471.6392227378085,241.2829348,0.249348739,241.2829348,57.60807614,17.21881356,-86.05148196,6.5,3.0
2025-01-28 11:15:00,300.13550200761,47.74181939,15.92041366,80.49665755,463.86891561184973,238.30802,0.247656646,238.30802,40.70080807,13.47990198,-81.52400737,6.5,3.0
2025-01-28 11:30:00,309.5561437720931,58.65822392,23.4934461,111.2576026,440.2710870841237,206.9310039,0.247701521,206.9310039,55.14336515,19.31989463,-76.55976448,6.5,3.0
2025-01-28 11:45:00,282.41819629300903,54.88339692,27.8015739,96.67242102,427.40077456621816,222.2838031,0.261973793,222.2838031,46.962641,17.6286356,-78.56835616,6.5,3.0
2025-01-28 12:00:00,291.8433868953116,57.67469592,17.47159142,73.95750617,679.6963804770853,256.5760183,0.25617168,256.5760183,47.7837962,16.20507659,-88.90736925,6.5,3.0
2025-01-28 12:15:00,298.13595199161307,57.85933048,24.06588699,105.843733,652.8168578637199,221.1089307,0.256191327,221.1089307,47.70915549,19.3331805,-79.72476543,6.5,3.0
2025-01-28 12:30:00,294.2499746238398,51.37001176,27.02268878,119.6689356,662.0585630626612,194.9192134,0.260134007,194.9192134,47.14606292,22.18133221,-72.77591511,6.5,3.0
2025-01-28 12:45:00,310.65068648923557,63.02352428,31.14376874,98.83817218,599.4981985965337,228.2257703,0.248761839,228.2257703,53.07664671,26.90778544,-86.3929679,6.5,3.0
2025-01-28 13:00:00,281.88684235180125,63.8952995,25.48495125,69.67477281,530.4540944397505,256.4253524,0.253632561,256.4253524,56.97479539,14.06222172,-88.97685406,6.5,3.0
2025-01-28 13:15:00,306.5729761069343,55.19163217,20.12004203,89.08582464,540.0104900155771,246.1374639,0.257447062,246.1374639,52.2066818,10.42673396,-84.04339039,6.5,3.0
2025-01-28 13:30:00,298.2166809488507,63.70320225,25.02563714,108.5250063,536.0024457681445,232.7230886,0.273132412,232.7230886,57.04837895,19.51043788,-84.9211214,6.5,3.0
2025-01-28 13:45:00,287.60350059241375,51.36237086,28.29999565,100.3007977,551.4029697765277,221.4845045,0.287298586,221.4845045,46.20958245,17.92516283,-79.3776481,6.5,3.0
2025-01-28 14:00:00,281.3359080203586,59.70774254,18.48027512,82.55853761,560.6232413010204,239.4867661,0.280414954,239.4867661,48.48066655,11.22686498,-82.11812845,6.5,3.0
2025-01-28 14:15:00,262.02878889839974,63.4849,22.89816776,105.7862248,574.9564671759525,222.5499002,0.290642623,222.5499002,55.4290327,22.25836686,-82.29844848,6.5,3.0
2025-01-28 14:30:00,268.5657297277397,55.63199536,30.69153026,114.7525285,539.522710536049,212.0436302,0.287063928,212.0436302,54.39583039,18.29783113,-77.65810189,6.5,3.0
2025-01-28 14:45:00,274.28957335350196,51.61447535,27.09735655,88.61882991,549.3875809869778,228.8354632,0.281965792,228.8354632,41.47088367,23.70787813,-83.41020633,6.5,3.0
2025-01-28 15:00:00,305.5466080446156,52.32666921,24.03788623,92.02097663,445.0823546261469,221.1068907,0.287302799,221.1068907,52.02552729,22.23284092,-81.36529804,6.5,3.0
2025-01-28 15:15:00,289.1525769510298,60.6571991,28.15693954,102.7300663,459.69499050743644,220.2143028,0.29108497,220.2143028,55.65968453,26.7388799,-84.9793077,6.5,3.0
2025-01-28 15:30:00,310.582986969663,61.01802383,28.3908103,93.70839694,451.963787743354,241.0845325,0.292986959,241.0845325,50.74022568,26.13864722,-88.69573436,6.5,3.0
2025-01-28 15:45:00,293.42782803469163,53.99239506,32.06589017,102.9940239,510.7388671230626,228.0307384,0.295445291,228.0307384,43.96217921,21.63461451,-83.01897877,6.5,3.0
2025-01-28 16:00:00,388.08808182893836,50.84422688,30.81376864,74.79587544,402.44373989014775,245.2056184,0.293003333,245.2056184,48.05265907,30.63322313,-92.28107115,6.5,3.0
2025-01-28 16:15:00,387.1676840807265,53.88875806,24.00847301,110.2036572,420.5457936013254,220.8711559,0.2743667,220.8711559,46.58695738,18.73698474,-79.49511222,6.5,3.0
2025-01-28 16:30:00,387.83248662498056,55.83390707,22.6989708,112.2316718,415.01456559367085,215.4906832,0.278455851,215.4906832,50.34158056,12.07301661,-75.08865423,6.5,3.0
2025-01-28 16:45:00,419.2317474653544,63.44530404,27.69511416,85.19576044,396.325900914856,245.1901931,0.28490754,245.1901931,60.49405807,14.44713231,-86.30671833,6.5,3.0
2025-01-28 17:00:00,436.3833612634754,64.80560711,20.39497576,96.52573152,221.79528396680695,232.8558037,0.281200212,232.8558037,56.07614883,16.50059364,-83.25471654,9.0,3.0
2025-01-28 17:15:00,445.7925473798991,53.12334637,25.41278823,96.99616804,230.12277484710208,228.7198778,0.287550092,228.7198778,44.21493815,18.13834411,-81.01896493,9.0,3.0
2025-01-28 17:30:00,473.21512428736787,62.73456279,30.02541094,101.7126166,226.3072841977843,226.1466545,0.27368389,226.1466545,60.11911304,17.59187507,-81.9337268,9.0,3.0
2025-01-28 17:45:00,453.62896706925767,52.04438589,18.47739074,100.633546,208.65465698830667,228.837718,0.281440492,228.837718,46.6869527,9.344674397,-77.49287482,9.0,3.0
2025-01-28 18:00:00,450.9043809176694,52.20636002,31.01054641,112.6900279,0.0,216.6601783,0.275983243,216.6601783,46.41658399,26.46281844,-81.62109857,9.0,3.0
2025-01-28 18:15:00,447.3196766703236,60.3285115,32.56971404,86.98372531,0.0,240.5800829,0.26658079,240.5800829,52.41132149,22.57494249,-87.84849611,9.0,3.0
2025-01-28 18:30:00,438.1065584898407,60.80996734,20.0100517,90.03208168,0.0,225.6581423,0.280448166,225.6581423,49.5474192,18.17727118,-81.01624281,9.0,3.0
2025-01-28 18:45:00,487.16938392216616,53.35209523,31.36646182,89.861444,0.0,252.2816588,0.288110584,252.2816588,52.92164079,25.75620786,-92.20672025,9.0,3.0
2025-01-28 19:00:00,441.07961357247353,60.82959336,18.3660682,99.21794301,0.0,216.6768516,0.294711326,216.6768516,55.36868162,13.07384625,-76.84959248,9.0,3.0
2025-01-28 19:15:00,462.82526451065064,52.24787657,27.6112071,101.0567853,0.0,234.119812,0.290316168,234.119812,47.08537062,14.23596846,-81.27081889,9.0,3.0
2025-01-28 19:30:00,470.8298188123431,50.257404,17.35884345,91.82423938,0.0,234.6146291,0.279119999,234.6146291,40.47736865,11.37138135,-79.67558116,9.0,3.0
2025-01-28 19:45:00,456.41530310453277,49.32338865,21.78230435,98.94370306,0.0,217.2153362,0.267572443,217.2153362,49.2218781,20.1647206,-78.67822931,9.0,3.0
2025-01-28 20:00:00,456.46452562607067,58.02124051,24.06819284,89.10853119,0.0,241.868278,0.279473518,241.868278,54.51659212,16.17044406,-84.9670666,9.0,3.0
2025-01-28 20:15:00,487.95527979371934,57.50450685,21.49262422,91.03176876,0.0,227.6681861,0.26564231,227.6681861,50.00793872,20.20390608,-81.92680821,9.0,3.0
2025-01-28 20:30:00,459.943457313555,54.03052191,29.80771007,101.5430247,0.0,231.0217935,0.248457032,231.0217935,44.96992331,27.07149204,-86.51865207,9.0,3.0
2025-01-28 20:45:00,502.61673726665504,51.56585294,18.32384265,108.7318248,0.0,217.4643551,0.248350309,217.4643551,50.89549857,10.6979216,-75.13666534,9.0,3.0
2025-01-28 21:00:00,321.0636434008273,57.25154439,21.86910138,83.62331981,0.0,239.4831652,0.250867191,239.4831652,53.6760268,12.3779027,-83.01015959,9.0,3.0
2025-01-28 21:15:00,308.67578855437614,61.10854079,31.72731289,110.4869062,0.0,212.5102829,0.249571764,212.5102829,51.15670523,25.71788019,-81.52207745,9.0,3.0
2025-01-28 21:30:00,330.78379246041095,56.00778147,19.07350745,84.03540883,0.0,242.4960035,0.253024254,242.4960035,44.99053417,18.64035083,-86.22488492,9.0,3.0
2025-01-28 21:45:00,314.1967755843857,63.20286763,20.97413293,100.6216521,0.0,227.8214169,0.251770794,227.8214169,51.77293747,12.28669163,-79.10237903,9.0,3.0
2025-01-28 22:00:00,289.20028592548533,63.42051698,16.68248728,95.28863923,0.0,230.3419966,0.26269099,230.3419966,52.85962754,9.275684366,-78.54228167,6.5,3.0
2025-01-28 22:15:00,291.6277203902955,57.45108932,26.5132207,113.9481677,0.0,225.1763519,0.279698773,225.1763519,46.97401604,16.27310686,-79.097567,6.5,3.0
2025-01-28 22:30:00,296.8429988607832,59.74138127,29.88093706,115.7230945,0.0,214.9087111,0.283280636,214.9087111,59.15326407,26.37950213,-82.90350339,6.5,3.0
2025-01-28 22:45:00,292.558994823436,53.69469739,27.96923778,90.02888095,0.0,236.4808139,0.279224936,236.4808139,48.99614423,16.64031546,-83.54430835,6.5,3.0
2025-01-28 23:00:00,293.38054497551883,49.13247907,26.35400203,101.0971974,0.0,228.3320954,0.266454614,228.3320954,47.09570781,19.84966968,-82.42407215,6.5,3.0
2025-01-28 23:15:00,293.2378263780366,53.74705009,16.55004811,94.45026027,0.0,229.258529,0.271463058,229.258529,48.97861549,14.76075523,-79.95188139,6.5,3.0
2025-01-28 23:30:00,293.3914971913034,55.88163158,17.5615943,93.25127456,0.0,239.0414796,0.272456336,239.0414796,48.4863891,10.20275423,-81.26411281,6.5,3.0
2025-01-28 23:45:00,239.16013145514125,55.93509549,20.08451338,105.14859,0.0,218.2687995,0.290887355,218.2687995,47.11032682,15.44184881,-77.22459274,6.5,3.0
2025-01-29 00:00:00,270.3114362005134,63.93234383,20.2467731,102.8978182,0.0,223.5390285,0.294232304,223.5390285,53.01971701,16.63165082,-80.65917917,6.5,3.0
2025-01-29 00:15:00,282.2192136758306,59.97423856,31.29554766,101.5147834,0.0,219.959782,0.294621477,219.959782,50.61830516,26.42347071,-83.16488693,6.5,3.0
2025-01-29 00:30:00,274.4490886710422,61.02644117,21.21573064,98.03170566,0.0,243.9770584,0.275615906,243.9770584,51.78303059,13.83459283,-84.29878223,6.5,3.0
2025-01-29 00:45:00,306.5202614526138,55.99945717,22.29300229,109.062151,0.0,216.2244859,0.254322619,216.2244859,54.33362727,17.0003118,-77.84579391,6.5,3.0
2025-01-29 01:00:00,262.355314556279,59.28748331,32.32143157,84.01441687,0.0,245.6607065,0.271161745,245.6607065,52.37220541,27.69705578,-91.75567779,6.5,3.0
2025-01-29 01:15:00,258.2301264033241,54.99204634,28.73743652,97.34543176,0.0,232.6813724,0.260275658,232.6813724,45.78819683,18.54082734,-82.88617282,6.5,3.0
2025-01-29 01:30:00,242.80374423757155,58.82377572,28.78914718,94.18289472,0.0,230.114559,0.268565265,230.114559,50.68590934,22.8203393,-83.81286714,6.5,3.0
2025-01-29 01:45:00,255.55081480282536,51.16595922,26.55947982,107.8248706,0.0,218.1376969,0.261292085,218.1376969,42.58444928,25.03334572,-80.69463632,6.5,3.0
2025-01-29 02:00:00,307.66546254371866,51.30253297,25.13813644,109.6668754,0.0,225.2268763,0.250345975,225.2268763,41.16566213,17.99588645,-79.76156336,6.5,3.0
2025-01-29 02:15:00,331.0596251648431,62.75770172,21.81026799,90.37911149,0.0,240.0580703,0.233535454,240.0580703,60.7472292,11.14501758,-83.26915039,6.5,3.0
2025-01-29 02:30:00,329.4203763320019,61.6758565,27.36774895,112.0717342,0.0,225.0750586,0.219616677,225.0750586,58.18882859,15.7534217,-80.25846154,6.5,3.0
2025-01-29 02:45:00,322.48453595943647,54.53430956,24.87447307,88.26030374,0.0,241.7795302,0.208111985,241.7795302,46.76695953,21.84343265,-87.94596121,6.5,3.0
2025-01-29 03:00:00,279.1937107759259,58.59707514,25.65401571,100.3037166,0.0,231.8925863,0.215335522,231.8925863,48.37033941,16.7225931,-82.27462131,6.5,3.0
2025-01-29 03:15:00,265.394224650248,62.68124234,26.39005582,116.5555499,0.0,216.4515396,0.213704037,216.4515396,59.99197928,22.14136399,-80.64282286,6.5,3.0
2025-01-29 03:30:00,267.18863701877245,51.22908578,24.76060334,113.1271042,0.0,211.9314315,0.200675629,211.9314315,43.22525208,14.2506249,-75.09751907,6.5,3.0
2025-01-29 03:45:00,281.42342755505365,61.40750505,26.92641885,98.89421653,0.0,232.3860967,0.190502241,232.3860967,52.74698456,17.656805,-83.51717903,6.5,3.0
2025-01-29 04:00:00,273.9447084157199,56.73889431,30.87415,73.97606732,0.0,254.113183,0.209275418,254.113183,54.82841205,19.90567982,-90.77053878,6.5,3.0
2025-01-29 04:15:00,261.63167045366987,63.26248566,27.39587438,92.00037646,0.0,246.952144,0.210347689,246.952144,54.12574974,19.0918739,-87.91034677,6.5,3.0
2025-01-29 04:30:00,257.7252493074603,62.12269245,28.42337371,97.9278165,0.0,222.8305284,0.186980098,222.8305284,51.48559224,19.59164128,-80.88184973,6.5,3.0
2025-01-29 04:45:00,263.5083718231499,59.16963457,24.38066513,79.69078101,0.0,251.7901148,0.191370273,251.7901148,58.24798279,22.21861665,-91.49484528,6.5,3.0
2025-01-29 05:00:00,260.2158295081567,64.25031076,29.07150108,116.2718213,0.0,218.9407865,0.21281168,218.9407865,52.17925659,16.34914871,-77.91174427,6.5,3.0
2025-01-29 05:15:00,277.2740219016345,53.40130269,18.5289469,101.8101196,0.0,222.7334054,0.209276489,222.7334054,49.0033307,15.4596091,-78.82923565,6.5,3.0
2025-01-29 05:30:00,267.8687330323288,53.80812447,17.56018633,89.3867743,0.0,240.9160046,0.197247889,240.9160046,45.15228664,12.66887049,-82.72739272,6.5,3.0
2025-01-29 05:45:00,280.45141555787995,56.65717606,21.47367994,83.75959301,0.0,257.5083627,0.173574276,257.5083627,53.81263961,11.57265255,-87.8202094,6.5,3.0
2025-01-29 06:00:00,493.7639628698474,63.51664131,22.20523658,76.12597321,0.0,249.654789,0.173666036,249.654789,51.80067064,12.10288797,-85.83606672,6.5,3.0
2025-01-29 06:15:00,519.7470039904647,52.86873286,30.62130113,100.509467,0.0,223.8909428,0.169255586,223.8909428,45.34228971,17.14202112,-79.76553684,6.5,3.0
2025-01-29 06:30:00,472.6238799938351,65.22405807,27.74706486,91.41992918,0.0,232.2588553,0.186462334,232.2588553,57.71207473,18.49864821,-84.6392613,6.5,3.0
2025-01-29 06:45:00,496.05515314585296,63.87804454,30.89542024,99.19759787,0.0,237.9795856,0.19617895,237.9795856,54.2528319,29.7894674,-90.37180558,6.5,3.0
2025-01-29 07:00:00,447.4209469284988,63.72423706,17.78735031,95.4525169,225.43823817427477,237.6652266,0.202418291,237.6652266,54.43995593,12.96465226,-82.74395811,6.5,3.0
2025-01-29 07:15:00,471.7505480478987,59.67295391,24.31105208,91.95829518,223.2137514956807,239.3241679,0.188777525,239.3241679,50.10195188,18.5203469,-84.78927617,6.5,3.0
2025-01-29 07:30:00,478.19858998572744,52.795097,27.49038639,85.62893575,218.96790564712796,253.1241775,0.185464118,253.1241775,51.7102193,17.06031357,-89.06410209,6.5,3.0
2025-01-29 07:45:00,456.54991503787505,53.55375458,27.27242158,93.89027527,244.63010468291657,244.9179222,0.186324471,244.9179222,51.44826351,17.64090946,-86.56824239,6.5,3.0
2025-01-29 08:00:00,499.40202348425026,56.08235371,29.17509156,111.4421774,328.9158011672108,225.8461207,0.179375604,225.8461207,53.37537141,21.99872511,-83.99607844,6.5,3.0
2025-01-29 08:15:00,456.36928147287773,59.33607973,31.32663851,93.1401429,327.83075443424076,239.6429994,0.190845916,239.6429994,57.32486672,21.09500612,-87.98810512,6.5,3.0
2025-01-29 08:30:00,470.63034906370837,55.69276805,23.29973046,95.24474531,354.48243321176034,242.6816949,0.181174644,242.6816949,49.41311647,19.04380636,-86.99433057,6.5,3.0
2025-01-29 08:45:00,494.6783459791636,58.14561581,25.14112278,95.36989913,364.4210111867883,231.4041419,0.166444529,231.4041419,55.90835619,15.64449471,-82.48792194,6.5,3.0
2025-01-29 09:00:00,410.35471949943854,56.28147251,20.50024863,97.01010002,505.56734534311227,232.6871484,0.165084727,232.6871484,50.92655204,12.22960502,-80.87743541,6.5,3.0
2025-01-29 09:15:00,419.3598132786885,65.85970158,23.73816824,103.9590617,486.1957738308495,229.7115275,0.164173806,229.7115275,65.53604093,15.22679772,-82.87088386,6.5,3.0
2025-01-29 09:30:00,409.6631959588674,59.05320494,23.99459697,95.08505001,531.5187036806076,239.0675975,0.159381679,239.0675975,48.03640754,16.94141289,-84.14743206,6.5,3.0
2025-01-29 09:45:00,378.9422712630055,53.33153129,30.91940368,101.7610874,521.2981771454306,234.4866173,0.161646302,234.4866173,47.23588891,18.99067129,-84.07748396,6.5,3.0
2025-01-29 10:00:00,408.5372889645953,56.09489436,26.94739412,103.2086827,647.890341505153,220.8012214,0.180156324,220.8012214,52.46891125,26.8057934,-83.55669666,6.5,3.0
2025-01-29 10:15:00,396.8666090069558,60.8231349,22.21278855,91.34121297,599.3703248359168,235.6693492,0.206997281,235.6693492,50.4868804,12.0950972,-81.74231257,6.5,3.0
2025-01-29 10:30:00,401.4414746291644,56.28203569,18.56209854,111.0833062,610.2706266915538,225.5063056,0.21553617,225.5063056,51.40198855,12.80417485,-79.05123935,6.5,3.0
2025-01-29 10:45:00,452.7246273992844,61.56646306,23.41697503,98.13270187,651.7187069673764,239.7462041,0.211331641,239.7462041,58.96261216,19.06372266,-86.85867544,6.5,3.0
2025-01-29 11:00:00,265.64702942914187,55.20163695,26.65650274,102.3836956,514.9517435248744,238.9512972,0.203100934,238.9512972,52.53314667,23.91896509,-88.15390646,6.5,3.0
2025-01-29 11:15:00,274.1029468250556,57.19935128,18.78735543,90.62224715,479.3875739700133,237.3500568,0.202355811,237.3500568,49.57772383,11.56326197,-81.42428129,6.5,3.0
2025-01-29 11:30:00,269.05112179132226,56.07551201,33.15310476,105.8712482,517.6888892161414,233.8119194,0.18725854,233.8119194,48.43140346,29.52950649,-89.52345948,6.5,3.0
2025-01-29 11:45:00,287.78890195448025,59.65495713,25.55822857,101.9354509,506.421793288971,233.4262575,0.175936649,233.4262575,57.086413,12.96533948,-81.93704118,6.5,3.0
2025-01-29 12:00:00,256.6722993283155,49.75346157,20.21584813,97.269997,469.75344912603197,227.3801561,0.174716155,227.3801561,40.97711339,18.91535253,-81.09478066,6.5,3.0
2025-01-29 12:15:00,274.34336543050676,59.37692149,23.58156935,81.82170356,483.9460706582357,256.8101528,0.178395579,256.8101528,56.69569601,23.43861748,-94.31862471,6.5,3.0
2025-01-29 12:30:00,277.7373581883628,60.22727086,32.10792379,80.81421118,488.0627980561135,265.8258551,0.1714755,265.8258551,52.40035691,17.37615142,-93.27293192,6.5,3.0
2025-01-29 12:45:00,263.5669770528149,54.10163612,23.82775725,100.2503817,535.0576821596187,246.9418273,0.170706971,246.9418273,50.46864535,14.03460961,-85.44010135,6.5,3.0
2025-01-29 13:00:00,256.9892488216432,65.49543124,27.49535597,81.97795435,566.4342522842625,244.5198241,0.178034293,244.5198241,63.15131706,16.64674494,-87.17988687,6.5,3.0
2025-01-29 13:15:00,252.47765283098443,50.99404826,16.8312748,87.05491709,559.7857340518251,245.5862264,0.165794241,245.5862264,49.76929938,12.97382478,-84.8232882,6.5,3.0
2025-01-29 13:30:00,250.61860205165846,53.23061228,30.81722073,101.7602896,564.4572574621261,235.8606659,0.156253766,235.8606659,47.77632043,30.76230217,-90.00136007,6.5,3.0
2025-01-29 13:45:00,255.4044962957139,54.21892303,24.28905438,91.12819362,499.20275620178654,244.4380908,0.149804633,244.4380908,44.41684034,17.94758748,-85.95366554,6.5,3.0
2025-01-29 14:00:00,289.5005538601298,50.99245192,20.68344007,101.7011142,558.5277235225124,243.3032098,0.161478023,243.3032098,49.76875425,10.80419081,-83.1526341,6.5,3.0
2025-01-29 14:15:00,293.9523863155498,56.24081983,30.09495267,96.65005889,584.4922931458685,238.4846939,0.156005588,238.4846939,49.5397473,17.18505332,-84.19261264,6.5,3.0
2025-01-29 14:30:00,302.27425581505213,53.42183728,16.65159444,100.9794465,558.3266377622077,228.0814269,0.172171422,228.0814269,44.79034406,8.731861215,-77.0940376,6.5,3.0
2025-01-29 14:45:00,300.41280400926837,53.33001415,33.02135972,110.1793641,552.5633455694115,225.9395777,0.165632231,225.9395777,48.92058662,23.33041163,-83.62344311,6.5,3.0
2025-01-29 15:00:00,260.91636905056,53.75689093,18.01496461,121.8073086,490.03767401215384,218.1402599,0.169937818,218.1402599,44.46610482,17.88706875,-78.00930542,6.5,3.0
2025-01-29 15:15:00,245.0616125807034,55.60085617,29.68883002,100.7960912,459.09854317293093,231.6578755,0.165154902,231.6578755,44.54228266,25.92879871,-86.33436364,6.5,3.0
2025-01-29 15:30:00,270.0040432613375,56.57123557,17.53208785,90.92525469,490.79065606564336,242.064795,0.184467166,242.064795,52.59365122,13.26756475,-83.75095754,6.5,3.0
2025-01-29 15:45:00,255.51797510739914,52.66945691,17.0735672,118.8659816,449.2031267492721,221.4688236,0.194569037,221.4688236,47.41323828,8.823448691,-75.43371295,6.5,3.0
2025-01-29 16:00:00,360.6457647591336,60.36816052,18.92870088,105.9925457,429.7946356576029,229.5107653,0.203119084,229.5107653,56.56782028,17.63124256,-82.75225803,6.5,3.0
2025-01-29 16:15:00,358.8090921655179,54.78606043,32.52416964,72.26041829,409.85980074117276,272.0924803,0.216121264,272.0924803,53.38005208,17.98862697,-95.20162067,6.5,3.0
2025-01-29 16:30:00,357.37443120919755,56.89256103,28.08610365,109.5633664,426.32727225904915,217.0934258,0.214058684,217.0934258,56.46228705,27.68315697,-83.94539519,6.5,3.0
2025-01-29 16:45:00,310.6507118661509,65.26630572,23.05208392,84.42099352,379.4082913421753,249.8636586,0.203653132,249.8636586,61.88777918,13.38580849,-88.14576064,6.5,3.0
2025-01-29 17:00:00,481.71228971723093,63.14202463,21.85438885,100.379776,194.6957330209619,238.8404099,0.213015229,238.8404099,56.97839609,16.87175217,-85.29516992,9.0,3.0
2025-01-29 17:15:00,488.56784869558305,53.08449551,23.1501802,95.02960646,186.0094424623044,257.9126699,0.211062661,257.9126699,47.16984186,17.79242356,-89.82567272,9.0,3.0
2025-01-29 17:30:00,519.3062458639945,65.12289852,26.38303529,103.1230478,189.96419016192442,219.4043473,0.217068505,219.4043473,63.90364222,13.29182601,-79.03467755,9.0,3.0
2025-01-29 17:45:00,505.8536157231915,55.27027707,25.30167977,114.6909962,171.6706343548093,228.3534959,0.225032767,228.3534959,52.33000811,12.86277469,-80.14430336,9.0,3.0
2025-01-29 18:00:00,472.9215172775285,65.58844713,28.10105664,108.3796047,0.0,229.5391992,0.230209691,229.5391992,55.40382676,21.26889825,-85.06474132,9.0,3.0
2025-01-29 18:15:00,452.2422719946884,51.63708365,23.42858001,106.8005764,0.0,228.108177,0.241220087,228.108177,49.02580531,15.94626892,-81.21226767,9.0,3.0
2025-01-29 18:30:00,437.6609194328225,68.73488817,19.42109924,108.459246,0.0,232.3911648,0.251272859,232.3911648,61.25716008,10.93314175,-80.93279842,9.0,3.0
2025-01-29 18:45:00,467.89529129496054,57.99761961,20.65074137,105.3053268,0.0,236.3007827,0.260393976,236.3007827,52.89516992,14.5479732,-83.02567324,9.0,3.0
2025-01-29 19:00:00,480.6201481817302,59.5753811,27.08570346,88.63409119,0.0,255.0966587,0.254716409,255.0966587,53.89797939,15.80075547,-89.31568298,9.0,3.0
2025-01-29 19:15:00,470.76091013089473,55.76863947,28.00393344,100.6731445,0.0,234.1737804,0.253495231,234.1737804,53.9518514,21.48558117,-85.79150546,9.0,3.0
2025-01-29 19:30:00,496.94708518890883,49.90670485,17.37794458,105.5526203,0.0,221.7474109,0.265991448,221.7474109,48.95280379,12.76274469,-77.78531045,9.0,3.0
2025-01-29 19:45:00,465.3818564984663,67.29035482,30.20740945,98.71512752,0.0,242.6366839,0.251616831,242.6366839,66.08616647,18.33749255,-88.00838336,9.0,3.0
2025-01-29 20:00:00,492.94251377996545,59.94502732,26.74698547,98.82438152,0.0,240.0275067,0.261974702,240.0275067,48.39116601,14.90185571,-84.17202389,9.0,3.0
2025-01-29 20:15:00,516.1036465661077,53.94256207,33.71445709,115.0016407,0.0,220.2955958,0.251694835,220.2955958,43.902585,25.21179615,-81.3087893,9.0,3.0
2025-01-29 20:30:00,514.1278797794317,66.57291857,19.16592851,90.61199014,0.0,253.5084134,0.267056718,253.5084134,58.8976918,15.50299831,-88.96441051,9.0,3.0
2025-01-29 20:45:00,459.3159598744951,52.6701902,26.93273907,112.1555567,0.0,222.2381898,0.269442071,222.2381898,48.6666763,15.29020467,-79.07616101,9.0,3.0
2025-01-29 21:00:00,293.1768106070896,65.23479386,27.23008297,91.75255763,0.0,251.7392476,0.263475009,251.7392476,53.71933691,26.85510689,-93.12480511,9.0,3.0
2025-01-29 21:15:00,288.88945749855276,65.80424112,23.47600492,82.81751538,0.0,259.004751,0.265231102,259.004751,56.91088772,22.85404628,-94.02580308,9.0,3.0
2025-01-29 21:30:00,288.71545178315415,56.11437298,23.51689576,101.6300355,0.0,244.3773286,0.254458399,244.3773286,49.17492228,23.3736722,-88.76447129,9.0,3.0
2025-01-29 21:45:00,290.3882801112036,54.18813393,16.74043911,99.33898224,0.0,230.101055,0.248049482,230.101055,47.6838047,13.25252761,-80.07099076,9.0,3.0
2025-01-29 22:00:00,289.7039528524895,64.87128276,27.34700257,99.88748571,0.0,235.9722367,0.271496004,235.9722367,56.79551155,18.9335325,-86.06086156,6.5,3.0
2025-01-29 22:15:00,302.38364627279293,53.17578979,17.76632994,90.12561227,0.0,235.0305329,0.263088209,235.0305329,48.71248676,14.16917418,-81.87992004,6.5,3.0
2025-01-29 22:30:00,300.1300196985798,62.74679433,30.82187037,115.1500785,0.0,214.8530226,0.269690424,214.8530226,55.54767364,16.35926767,-77.69113821,6.5,3.0
2025-01-29 22:45:00,295.5823811761377,53.04229298,29.58744258,102.0972381,0.0,238.6055287,0.255991278,238.6055287,47.04850527,25.64434326,-87.43964784,6.5,3.0
2025-01-29 23:00:00,264.4414117150653,64.28677146,28.51025893,96.88367209,0.0,220.9909202,0.266217349,220.9909202,52.19464614,15.69454281,-78.41126158,6.5,3.0
2025-01-29 23:15:00,255.24758443384647,66.51832902,34.41094223,110.6415953,0.0,235.5904584,0.269635779,235.5904584,55.42825001,22.04681523,-87.18244005,6.5,3.0
2025-01-29 23:30:00,255.39972543773763,56.47267949,18.90903638,95.55182415,0.0,237.6004547,0.270914201,237.6004547,55.52357681,14.96077452,-84.19677702,6.5,3.0
2025-01-29 23:45:00,285.47127841335055,60.13334274,19.09948375,103.2735926,0.0,251.0167467,0.254185789,251.0167467,55.45069692,18.70361686,-89.07715682,6.5,3.0
2025-01-30 00:00:00,304.4932758406398,51.49112815,32.67940479,107.0771808,0.0,233.9923638,0.263351326,233.9923638,45.09084409,20.85676153,-84.30178812,6.5,3.0
2025-01-30 00:15:00,314.9501884450298,67.62391615,27.66416356,96.2918655,0.0,241.7760619,0.258967706,241.7760619,57.25402457,15.83025411,-85.86912071,6.5,3.0
2025-01-30 00:30:00,308.46058327421105,54.84267559,33.18078413,88.64788074,0.0,246.3154644,0.265333371,246.3154644,49.51969908,30.41925652,-93.99944195,6.5,3.0
2025-01-30 00:45:00,312.27595244011945,51.16128238,29.48550329,95.26364429,0.0,244.6809657,0.250254241,244.6809657,50.75349402,17.68993957,-86.35579991,6.5,3.0
2025-01-30 01:00:00,296.07090569472325,66.85121221,28.5149587,95.52874993,0.0,246.7117542,0.253375641,246.7117542,57.83934815,27.03769035,-92.17411799,6.5,3.0
2025-01-30 01:15:00,302.1626285239631,54.77043751,23.67625757,97.39392722,0.0,238.0238358,0.25134938,238.0238358,43.94496646,18.44406079,-84.46381135,6.5,3.0
2025-01-30 01:30:00,285.4848554199369,59.2178824,29.24482205,104.5016374,0.0,234.0890875,0.261146317,234.0890875,52.07512657,17.8985179,-83.71997049,6.5,3.0
2025-01-30 01:45:00,301.6216103613767,65.67208025,23.23764493,91.12468816,0.0,240.1184057,0.263241762,240.1184057,57.18525089,22.26141204,-89.82812072,6.5,3.0
2025-01-30 02:00:00,325.71922041024516,66.16060095,33.63077828,82.48857439,0.0,259.3761153,0.267864541,259.3761153,61.2238059,19.19734276,-93.17443154,6.5,3.0
2025-01-30 02:15:00,314.5663445021468,54.46463811,25.54512184,107.8868068,0.0,220.4295529,0.254906935,220.4295529,51.12491779,19.33067315,-80.02592085,6.5,3.0
2025-01-30 02:30:00,299.9073264371676,61.45449532,32.27657559,99.0428044,0.0,241.8871159,0.257274228,241.8871159,50.8030855,31.69873543,-92.1420303,6.5,3.0
2025-01-30 02:45:00,319.04710865044046,60.73635124,23.25133278,81.06483893,0.0,267.7892067,0.241158616,267.7892067,52.29029458,15.52378612,-93.06592175,6.5,3.0
2025-01-30 03:00:00,335.429236911147,62.02521308,18.73146937,105.3185097,0.0,245.2426548,0.24208886,245.2426548,55.51240988,13.4609442,-85.83064838,6.5,3.0
2025-01-30 03:15:00,306.39729866151333,60.56280153,23.88502417,88.57099255,0.0,247.5304569,0.226765217,247.5304569,59.34083639,17.08002424,-88.44805068,6.5,3.0
2025-01-30 03:30:00,336.0426792384463,52.70924685,34.11109352,95.62978866,0.0,243.6683963,0.226503291,243.6683963,44.86854484,20.88386259,-87.6168101,6.5,3.0
2025-01-30 03:45:00,306.78078518889356,58.89605195,20.79697588,91.86611999,0.0,250.8767065,0.232563959,250.8767065,48.3170187,18.66205189,-89.745108,6.5,3.0
2025-01-30 04:00:00,271.70989696232806,65.96304164,33.16694445,84.59910551,0.0,251.1003674,0.245074194,251.1003674,62.80585569,18.73164759,-90.52418187,6.5,3.0
2025-01-30 04:15:00,284.6002760613255,65.71526104,19.36433561,102.9614214,0.0,241.7349452,0.238456934,241.7349452,61.07030058,14.15163877,-86.04562247,6.5,3.0
2025-01-30 04:30:00,269.56645496312984,62.74791252,17.94788825,94.81084984,0.0,250.8802923,0.240471174,250.8802923,62.36525957,11.35143535,-86.72589248,6.5,3.0
2025-01-30 04:45:00,278.49337201321646,53.69802612,32.42054943,88.25552705,0.0,253.7332434,0.222518698,253.7332434,51.93180385,28.41256764,-95.10741096,6.5,3.0
2025-01-30 05:00:00,257.13017518219635,57.17707522,21.41296424,108.3586635,0.0,227.9406453,0.240897761,227.9406453,52.5152881,15.15470783,-80.98018521,6.5,3.0
2025-01-30 05:15:00,246.50599773316185,64.16014033,20.82403066,93.54830641,0.0,240.6537021,0.241945288,240.6537021,59.61591235,14.65651178,-85.53917016,6.5,3.0
2025-01-30 05:30:00,251.37265854461359,57.76090295,27.38886351,93.14134994,0.0,241.3749929,0.230197764,241.3749929,50.13209438,18.51207969,-85.94479763,6.5,3.0
2025-01-30 05:45:00,272.16116854002826,60.70867319,24.23590606,101.3410329,0.0,234.9287079,0.250229032,234.9287079,55.65773496,18.18021317,-84.49603701,6.5,3.0
2025-01-30 06:00:00,408.6485456960153,57.16140178,31.63567473,117.9176596,0.0,223.740244,0.275737085,223.740244,55.64339425,21.51225356,-82.88123932,6.5,3.0
2025-01-30 06:15:00,407.795969783507,70.20229799,33.81148816,97.77538819,0.0,257.7438453,0.255652714,257.7438453,60.91527127,23.15360941,-94.46587889,6.5,3.0
2025-01-30 06:30:00,415.41272109724775,61.46022201,20.24533948,100.9814907,0.0,241.9711017,0.254841361,241.9711017,51.43069472,19.70412949,-86.62185551,6.5,3.0
2025-01-30 06:45:00,381.10276342323004,58.5015557,31.51290903,126.727245,0.0,216.7691305,0.247903678,216.7691305,49.97098134,18.74351016,-78.38441137,6.5,3.0
2025-01-30 07:00:00,442.42632172568386,56.53857526,18.5330519,99.37218717,201.6497169171342,226.9406326,0.234916747,226.9406326,48.03606064,17.37850888,-81.16471575,6.5,3.0
2025-01-30 07:15:00,439.85629730877383,52.78589276,19.68886828,106.9045137,203.88367950179457,242.3658452,0.253825028,242.3658452,44.52274934,11.17974913,-82.76857365,6.5,3.0
2025-01-30 07:30:00,421.3183160615287,58.58135979,23.17396464,96.32522399,198.18989558240406,247.4029164,0.268918207,247.4029164,57.5810277,20.10010829,-89.8447033,6.5,3.0
2025-01-30 07:45:00,385.5490649040137,57.89164022,18.2336222,98.04954109,228.70670799866718,235.1585919,0.276124246,235.1585919,51.05221963,12.93913848,-82.03634883,6.5,3.0
2025-01-30 08:00:00,410.8406706275302,59.28489369,20.10583048,95.45206919,374.1184290981404,246.9136478,0.276245746,246.9136478,48.77600193,19.61368686,-88.28930338,6.5,3.0
2025-01-30 08:15:00,391.33206253870867,67.69909999,22.59106177,105.5851809,386.2801214637276,230.8661072,0.283040562,230.8661072,58.89194975,20.895003,-86.14117913,6.5,3.0
2025-01-30 08:30:00,379.71433615103984,55.96818599,17.62712395,110.5101571,372.6497332335259,240.4880842,0.291572911,240.4880842,47.98311533,10.00106683,-82.17667614,6.5,3.0
2025-01-30 08:45:00,409.5129306827214,60.01292433,32.46655357,91.41795301,418.01171620460605,251.3539107,0.310203732,251.3539107,59.65899314,28.53672703,-94.54954972,6.5,3.0
2025-01-30 09:00:00,409.7851312996727,65.80868605,27.60767929,102.6424681,488.91004245607655,229.8245292,0.320723351,229.8245292,53.81950626,22.90179117,-85.00642433,6.5,3.0
2025-01-30 09:15:00,397.54046948665416,55.74225435,25.51052905,103.2664241,473.98883616668235,235.1236068,0.320811301,235.1236068,49.96916866,21.81087811,-85.50415406,6.5,3.0
2025-01-30 09:30:00,401.16388935241116,64.19525505,19.78346226,108.9230902,478.4464036846909,229.7241598,0.30215035,229.7241598,55.32557075,10.82804059,-79.80455302,6.5,3.0
2025-01-30 09:45:00,360.6505098612622,58.61765599,27.90778789,91.97798736,461.5447176925502,240.6662182,0.314060905,240.6662182,53.8036303,20.97446791,-88.06452432,6.5,3.0
2025-01-30 10:00:00,410.6423335669706,67.04127281,30.41905945,91.94579985,656.4298139970152,250.975951,0.316202239,250.975951,54.49563629,15.37129352,-87.72163008,6.5,3.0
2025-01-30 10:15:00,408.609649416916,68.12625938,31.26543874,86.45687686,642.1576050585294,266.6646538,0.318398191,266.6646538,58.06941793,16.96567209,-94.70641632,6.5,3.0
2025-01-30 10:30:00,393.9540055218067,57.32330158,33.43108903,81.54650282,627.5530498934429,259.9255187,0.332478033,259.9255187,49.22304557,29.44748638,-97.21642518,6.5,3.0
2025-01-30 10:45:00,375.5540114943067,52.69542199,27.53055744,109.6793759,656.0895310510125,224.9455982,0.310922562,224.9455982,46.61496612,16.18295555,-79.87624054,6.5,3.0
2025-01-30 11:00:00,259.0835206937864,53.53861407,27.25807144,93.67039752,424.8244715835332,243.5889532,0.327040384,243.5889532,50.27291946,15.05380891,-84.93941341,6.5,3.0
2025-01-30 11:15:00,268.3449654535325,55.33494742,28.43887772,98.5914273,457.4629683415721,252.3515211,0.317080155,252.3515211,54.81766676,27.42080495,-94.29412049,6.5,3.0
2025-01-30 11:30:00,268.46682256581124,56.12849555,23.59300629,114.0061764,423.8743249941372,236.9158913,0.31493563,236.9158913,47.55635788,15.85230532,-83.24614208,6.5,3.0
2025-01-30 11:45:00,241.6846912868698,63.2545344,25.58146753,94.01604175,444.1182350807576,241.3864645,0.296210511,241.3864645,60.01936027,16.68054917,-86.21893998,6.5,3.0
2025-01-30 12:00:00,281.371161411843,60.2576449,25.9341782,97.85709457,474.9429426722791,240.2566782,0.291976182,240.2566782,58.86342669,15.17850199,-85.57285943,6.5,3.0
2025-01-30 12:15:00,265.68945986839884,56.64937783,25.97299248,81.92040175,458.14614143633395,264.3224713,0.292144041,264.3224713,50.54082658,15.08878748,-91.29462413,6.5,3.0
2025-01-30 12:30:00,287.40461489348576,59.32776424,21.10448625,101.1316315,488.60537365460993,245.1895085,0.291938823,245.1895085,57.78336591,11.02978727,-84.2235815,6.5,3.0
2025-01-30 12:45:00,269.4447638262725,65.31824348,28.56829061,79.73831759,490.3855422367769,263.8785772,0.295391487,263.8785772,60.61479941,15.43316234,-92.86548439,6.5,3.0
2025-01-30 13:00:00,302.74695482054005,56.54740089,22.49237936,89.06327608,562.0272675391299,255.3058174,0.28909133,255.3058174,48.75674068,15.62555118,-89.53537334,6.5,3.0
2025-01-30 13:15:00,297.37670112291306,52.22326563,27.60537611,86.97396258,552.3736373353848,248.9110569,0.303683656,248.9110569,50.50015129,13.85538248,-86.4261034,6.5,3.0
2025-01-30 13:30:00,308.50410184938187,50.92596037,21.41672286,74.61259761,575.7475474647101,260.1450906,0.297464722,260.1450906,48.67445797,20.52430821,-92.68645494,6.5,3.0
2025-01-30 13:45:00,290.3322422071651,59.39187174,21.63374326,88.84671176,545.281547660775,256.8552918,0.28213076,256.8552918,49.13197795,20.40872773,-92.25670741,6.5,3.0
2025-01-30 14:00:00,269.01291070058465,59.38769502,27.71703286,91.26120809,473.45894022752276,248.8359934,0.295191848,248.8359934,57.68617515,18.69396371,-89.54598153,6.5,3.0
2025-01-30 14:15:00,280.0764029499326,57.78967293,20.14724557,81.18282077,499.6402623528971,264.1608882,0.310048474,264.1608882,56.12614608,11.0967443,-90.58685375,6.5,3.0
2025-01-30 14:30:00,280.8122945007037,54.25238968,31.52635963,93.57128519,507.1518705601764,243.8560701,0.30710794,243.8560701,43.81291455,20.38065144,-87.07844947,6.5,3.0
2025-01-30 14:45:00,254.448391848779,62.50198674,25.99660996,99.13484427,479.4289268594039,248.3426425,0.306609688,248.3426425,59.74951401,23.96878693,-92.22984675,6.5,3.0
2025-01-30 15:00:00,263.9431176354258,54.86157076,17.4037149,86.20444757,383.3248246821941,261.4437311,0.317645109,261.4437311,52.2368811,15.36027731,-91.27181942,6.5,3.0
2025-01-30 15:15:00,253.17210689576368,64.71659719,24.53980233,97.68397065,388.74101078941845,246.7501106,0.316134794,246.7501106,56.76468208,22.8736506,-90.52867749,6.5,3.0
2025-01-30 15:30:00,264.93575573437556,56.34268576,33.56180095,93.59570509,407.21171355292404,243.5717165,0.316985604,243.5717165,56.29043765,21.6063756,-88.58799572,6.5,3.0
2025-01-30 15:45:00,263.5390197344349,53.07898009,27.28687866,96.812766,404.92245097546333,241.1349406,0.306494609,241.1349406,42.62631862,24.48024622,-88.55184763,6.5,3.0
2025-01-30 16:00:00,443.2725304114776,55.69914333,19.4076941,97.04223043,401.87528157994063,247.3954795,0.301092584,247.3954795,46.31788861,11.36260269,-84.35771826,6.5,3.0
2025-01-30 16:15:00,439.24756656748934,62.18064804,29.84764128,88.56740901,411.22474398613696,268.8457134,0.312384934,268.8457134,56.34731505,26.81960559,-98.14042111,6.5,3.0
2025-01-30 16:30:00,408.88365492491897,67.27456648,25.08310372,97.60506666,412.0904842022263,252.0477608,0.289756617,252.0477608,57.84027971,22.63998238,-92.68414657,6.5,3.0
2025-01-30 16:45:00,401.14624809611405,61.76348774,32.65226723,97.16788404,407.05949023169615,235.7182955,0.282190983,235.7182955,55.51275609,29.73517484,-90.68317774,6.5,3.0
2025-01-30 17:00:00,495.97321859362637,55.57295762,24.15474282,85.87564729,214.73649497302245,246.6434722,0.284029894,246.6434722,46.38257881,24.04905652,-90.09112555,9.0,3.0
2025-01-30 17:15:00,482.0692584932514,60.81835579,31.37227333,108.1562364,215.62800436277286,237.2590554,0.287863662,237.2590554,56.43822479,24.2379534,-88.48353704,9.0,3.0
2025-01-30 17:30:00,492.6036663130951,59.21879902,31.00672905,94.48902488,216.36523012271047,244.8884474,0.299497728,244.8884474,58.8455829,26.81918037,-92.61343608,9.0,3.0
2025-01-30 17:45:00,424.46385660002693,67.06185471,19.93152661,87.773137,188.44027054149421,252.5062912,0.29934391,252.5062912,60.95020602,13.87090708,-87.94307276,9.0,3.0
2025-01-30 18:00:00,492.5678784223124,62.82994259,19.07128479,83.33758683,0.0,261.7307052,0.306142321,261.7307052,59.13678979,14.327669,-91.83716829,9.0,3.0
2025-01-30 18:15:00,470.1996722888095,66.60912206,25.36446442,94.2100014,0.0,250.5516575,0.31903908,250.5516575,65.51775042,21.00109381,-92.40201465,9.0,3.0
2025-01-30 18:30:00,474.5201569773104,54.6190403,34.45694817,101.4845545,0.0,247.8590014,0.350022095,247.8590014,51.71141984,21.05985894,-89.68358409,9.0,3.0
2025-01-30 18:45:00,492.3522923115677,52.68162562,31.75154389,89.39641665,0.0,264.7518113,0.348927084,264.7518113,48.10895454,31.27141149,-98.37552027,9.0,3.0
2025-01-30 19:00:00,500.43148818963823,54.49070318,19.1035423,80.91492485,0.0,271.0234625,0.320753703,271.0234625,50.49261498,12.1930637,-92.19412236,9.0,3.0
2025-01-30 19:15:00,466.68954928660463,57.23987498,19.45548078,98.34481171,0.0,250.6401947,0.318200448,250.6401947,51.96172907,15.37759436,-87.91886507,9.0,3.0
2025-01-30 19:30:00,471.7260841249269,61.41364097,30.33785376,108.2718452,0.0,234.8775401,0.323216263,234.8775401,60.07658182,16.7896318,-84.62759808,9.0,3.0
2025-01-30 19:45:00,488.74287839883004,65.92788342,32.19050293,73.74241047,0.0,265.2708072,0.323286403,265.2708072,65.20308587,18.82738287,-95.77709259,9.0,3.0
2025-01-30 20:00:00,515.1901315379629,65.23929192,33.8065296,104.9008507,0.0,231.6351364,0.312690402,231.6351364,58.61278851,19.91216657,-84.54358718,9.0,3.0
2025-01-30 20:15:00,489.5100735114738,60.48216126,29.81043632,112.3847026,0.0,222.29575,0.303126833,222.29575,53.48783943,25.29988811,-84.48208816,9.0,3.0
2025-01-30 20:30:00,500.01366840628754,63.30821512,21.80012899,91.37874829,0.0,263.263459,0.280552643,263.263459,59.06338622,21.07992698,-95.6553189,9.0,3.0
2025-01-30 20:45:00,466.5361265442757,59.29097158,26.29541662,93.30614912,0.0,252.7175447,0.287454104,252.7175447,54.7126635,24.62659222,-92.60693854,9.0,3.0
2025-01-30 21:00:00,305.5329700238573,53.66784395,30.09509168,95.73855383,0.0,244.1444731,0.30979751,244.1444731,45.01950549,29.01000827,-91.49399473,9.0,3.0
2025-01-30 21:15:00,306.98300347652287,57.03090036,25.19156478,94.84123027,0.0,247.8444744,0.295884336,247.8444744,53.23246472,14.1873462,-85.91602528,9.0,3.0
2025-01-30 21:30:00,287.3539617288014,53.90303665,33.28145041,80.39715819,0.0,277.1310599,0.308353702,277.1310599,48.0276395,24.50666373,-100.2877924,9.0,3.0
2025-01-30 21:45:00,289.45006477081847,60.87366606,32.76775816,89.00562504,0.0,258.0469924,0.302648183,258.0469924,53.40104506,21.51768119,-93.36088905,9.0,3.0
2025-01-30 22:00:00,285.4651046749203,56.48621396,29.56621931,86.97019941,0.0,254.7045422,0.31556115,254.7045422,55.89167833,23.38505863,-94.40877804,6.5,3.0
2025-01-30 22:15:00,276.4098208021839,55.93509626,28.83146144,98.01137094,0.0,242.6008959,0.332469088,242.6008959,50.44752921,26.79672028,-91.13910722,6.5,3.0
2025-01-30 22:30:00,263.59069538886513,65.65535111,25.24219136,109.0418526,0.0,239.7699603,0.326589316,239.7699603,62.79928794,14.56247002,-85.5927079,6.5,3.0
2025-01-30 22:45:00,278.83437913403066,68.22688524,22.42858805,86.63348287,0.0,251.6136847,0.333268716,251.6136847,61.27381588,15.42701551,-89.38773603,6.5,3.0
2025-01-30 23:00:00,309.34894312255574,57.32722263,31.915044,91.98771023,0.0,245.3516449,0.32306233,245.3516449,48.1960022,22.43867674,-88.89044765,6.5,3.0
2025-01-30 23:15:00,297.8730710990237,68.24742888,30.8689222,94.74244238,0.0,262.1830412,0.339412012,262.1830412,61.06899613,16.50981253,-92.4321351,6.5,3.0
2025-01-30 23:30:00,311.622858224994,51.49451749,18.23059887,95.13466627,0.0,246.6067156,0.354689791,246.6067156,49.31415403,11.04034602,-84.2223108,6.5,3.0
2025-01-30 23:45:00,279.9151275534266,58.21898922,23.50317865,92.92529271,0.0,254.8085042,0.36151025,254.8085042,54.94490493,20.8608894,-91.760424,6.5,3.0
2025-01-31 00:00:00,293.3930299448336,54.94129193,31.82028091,102.2935089,0.0,238.6500381,0.36202186,238.6500381,49.31843515,24.85665452,-88.77808382,6.5,3.0
2025-01-31 00:15:00,294.77721241359666,61.45468484,25.84738386,103.8573686,0.0,238.2866863,0.365269831,238.2866863,56.51558793,13.11352158,-83.5956871,6.5,3.0
2025-01-31 00:30:00,295.0562340347254,64.92711791,31.67442287,109.9063438,0.0,235.647702,0.360893558,235.647702,60.95026955,22.27585538,-87.45081898,6.5,3.0
2025-01-31 00:45:00,318.33352360684444,60.03747843,20.75470159,93.03829428,0.0,248.6771594,0.358655032,248.6771594,58.62535151,13.90671209,-87.25003309,6.5,3.0
2025-01-31 01:00:00,319.69577212989367,70.11531949,30.58817383,98.98303609,0.0,247.9513937,0.353336148,247.9513937,67.92216196,30.46925878,-96.74438254,6.5,3.0
2025-01-31 01:15:00,311.3125345180096,64.31856098,27.69908328,76.31939732,0.0,265.6437778,0.349120547,265.6437778,57.55674957,20.44802848,-95.6076871,6.5,3.0
2025-01-31 01:30:00,327.6080943418606,69.05966709,28.83444219,96.08275694,0.0,246.1572526,0.347584198,246.1572526,67.69427213,21.48533239,-91.35560723,6.5,3.0
2025-01-31 01:45:00,329.5635990102362,56.50772236,23.85988567,98.37229408,0.0,255.2709122,0.349036876,255.2709122,48.20069853,19.67093026,-90.96658627,6.5,3.0
2025-01-31 02:00:00,270.83657749046137,56.31276807,31.09413833,88.13696956,0.0,253.3244548,0.353473983,253.3244548,49.08943474,29.8181011,-94.90874331,6.5,3.0
2025-01-31 02:15:00,286.9778488624961,63.20678873,20.62212909,94.5998853,0.0,245.9829586,0.332732871,245.9829586,57.93484369,18.55416868,-89.08045305,6.5,3.0
2025-01-31 02:30:00,279.7262877437279,62.87821521,26.40821616,92.2515598,0.0,251.8001185,0.336378318,251.8001185,55.60128913,14.3020502,-88.29111029,6.5,3.0
2025-01-31 02:45:00,273.7292859033146,69.19731269,21.08604125,102.1442693,0.0,248.2207299,0.347736051,248.2207299,64.23928364,11.37229588,-87.10603093,6.5,3.0
2025-01-31 03:00:00,270.3243535206001,60.73068785,21.99392107,101.1206453,0.0,240.0981766,0.347979106,240.0981766,59.31421348,18.94990066,-87.55408429,6.5,3.0
2025-01-31 03:15:00,271.2901813261181,60.13336447,21.48556021,93.40390804,0.0,250.1082264,0.353854609,250.1082264,57.06350867,20.21996492,-90.48159976,6.5,3.0
2025-01-31 03:30:00,287.7393486738849,67.37455607,25.71712049,90.39729097,0.0,259.0001393,0.355046456,259.0001393,58.13983362,23.84684706,-94.98214094,6.5,3.0
2025-01-31 03:45:00,298.1661164793968,67.82099311,30.25410654,101.8955891,0.0,252.8613749,0.360614185,252.8613749,63.46393854,29.73115752,-96.36765923,6.5,3.0
2025-01-31 04:00:00,303.2879171636842,70.63743225,32.75479719,110.9590154,0.0,242.1808007,0.362746534,242.1808007,58.10607339,27.98343718,-92.83854208,6.5,3.0
2025-01-31 04:15:00,306.64063998283774,64.43935958,33.2370825,66.30375282,0.0,289.8488573,0.377992651,289.8488573,59.29172156,30.6949263,-107.0877543,6.5,3.0
2025-01-31 04:30:00,322.7484120059987,63.57076106,30.1463574,97.86640924,0.0,254.1535785,0.369324586,254.1535785,56.94140188,22.36957478,-92.88531157,6.5,3.0
2025-01-31 04:45:00,310.96303084747944,67.13244642,18.07973275,89.25007369,0.0,265.5604735,0.373405318,265.5604735,61.92506065,11.2756019,-91.43775065,6.5,3.0
2025-01-31 05:00:00,285.95577526985875,65.93701864,22.35749623,98.28661214,0.0,258.1593392,0.385994049,258.1593392,57.60219177,19.48841198,-92.37950999,6.5,3.0
2025-01-31 05:15:00,285.4826978998828,58.16209013,31.29600967,103.2203114,0.0,245.3204063,0.386185292,245.3204063,48.0822117,24.68314807,-90.99029864,6.5,3.0
2025-01-31 05:30:00,275.3587829922887,65.36361655,17.82339449,101.6432839,0.0,249.8876921,0.389974712,249.8876921,59.91484738,15.4474195,-88.35551976,6.5,3.0
2025-01-31 05:45:00,304.93274383796984,59.97542594,32.83354863,90.84149012,0.0,247.7538623,0.403912043,247.7538623,57.04434535,23.93524543,-91.47978244,6.5,3.0
2025-01-31 06:00:00,444.697219366804,67.10877261,29.90976819,89.28985704,0.0,267.6245378,0.400770297,267.6245378,54.4135136,25.6190311,-97.64056947,6.5,3.0
2025-01-31 06:15:00,474.3168054046755,70.03304755,27.95371541,92.11877255,0.0,262.5068481,0.398085395,262.5068481,56.69448027,21.93153107,-94.90038559,6.5,3.0
2025-01-31 06:30:00,485.52891005703003,53.94520626,26.77434863,100.5853378,0.0,245.118536,0.394689803,245.118536,43.83530169,14.07265919,-85.08453405,6.5,3.0
2025-01-31 06:45:00,463.7470651714905,65.4449374,19.10131162,95.79776257,0.0,242.5179516,0.388681248,242.5179516,65.33298605,15.36298239,-86.58275456,6.5,3.0
2025-01-31 07:00:00,465.0251807482393,69.27638654,27.88813253,111.4838753,137.10337175211993,230.7434159,0.381320261,230.7434159,58.10868564,21.62308111,-86.21092218,6.5,3.0
2025-01-31 07:15:00,486.0499323456182,68.82011421,26.93160966,82.86359439,131.63759292153424,268.141262,0.359877703,268.141262,56.62043188,22.80738913,-97.90682648,6.5,3.0
2025-01-31 07:30:00,481.3181828411755,67.53744907,31.73203616,90.78839171,133.1978590188643,246.0720875,0.372066561,246.0720875,57.31154345,25.02146569,-91.89148499,6.5,3.0
2025-01-31 07:45:00,440.20670406496697,62.8715303,26.77837962,102.8578486,147.41117630748158,229.9371791,0.362639884,229.9371791,57.92405756,21.12495654,-85.27123708,6.5,3.0
2025-01-31 08:00:00,437.69193114183776,54.7740776,29.11160744,78.99906704,398.084303194293,268.1252132,0.357846783,268.1252132,50.95208461,22.97903365,-96.39411352,6.5,3.0
2025-01-31 08:15:00,442.88020132097085,52.63372519,33.7416932,67.00251854,412.92089593079464,280.1100292,0.36239333,280.1100292,50.52574959,23.79339707,-102.1603411,6.5,3.0
2025-01-31 08:30:00,442.14223176957034,61.02094313,19.78163557,79.60974665,412.56861139056275,272.0214361,0.359582514,272.0214361,53.45364789,17.54488556,-95.32700616,6.5,3.0
2025-01-31 08:45:00,490.69563576762107,66.8620034,19.18863932,85.05549804,407.98618948434955,262.3681401,0.36156908,262.3681401,62.5946983,13.1437924,-91.72317671,6.5,3.0
2025-01-31 09:00:00,344.3072525541907,68.28635854,19.16280627,91.62831374,552.1489390110308,254.7479143,0.345465411,254.7479143,63.08259257,18.74420006,-92.05524632,6.5,3.0
2025-01-31 09:15:00,360.6467589190201,59.60821657,28.91273393,86.55652914,530.560822106061,258.9323624,0.34195631,258.9323624,49.87918247,15.34377787,-90.23042803,6.5,3.0
2025-01-31 09:30:00,359.4610795430745,57.74930428,31.37614507,87.6544068,573.6609568248612,265.6562426,0.360496458,265.6562426,46.22791991,28.06491276,-100.0687817,6.5,3.0
2025-01-31 09:45:00,344.6149089837147,59.81477523,23.66410695,103.6086106,544.1792820580472,246.2822649,0.354697332,246.2822649,55.31496453,21.0639809,-89.67328365,6.5,3.0
2025-01-31 10:00:00,341.2005153146491,56.26298013,27.01821116,93.41342629,426.17070490255895,251.1878746,0.339936932,251.1878746,48.26766785,14.97300603,-87.84516629,6.5,3.0
2025-01-31 10:15:00,354.9708059827276,62.38573618,27.23426758,73.38644996,415.28427991449433,276.3653978,0.358303061,276.3653978,52.72455579,26.05018557,-100.9660997,6.5,3.0
2025-01-31 10:30:00,329.01371577058165,66.88218139,29.32645324,91.90341006,421.2804271740183,263.479302,0.349955385,263.479302,56.98145723,16.08300265,-93.36430721,6.5,3.0
2025-01-31 10:45:00,336.58496293204166,55.52951506,17.66195178,96.34063237,459.0445880089285,250.4071711,0.349080239,250.4071711,45.70556748,9.536622175,-84.13878138,6.5,3.0
2025-01-31 11:00:00,281.28411159986103,55.50061854,26.42565296,97.73144254,579.4578677186151,249.1926313,0.346481363,249.1926313,54.32428752,21.91296853,-91.66866665,6.5,3.0
2025-01-31 11:15:00,263.75494884464393,58.88165825,23.8321032,111.7983241,547.2633745422248,242.3103232,0.337417428,242.3103232,47.95442727,22.63692266,-88.57499936,6.5,3.0
2025-01-31 11:30:00,268.9604135110347,59.76925123,22.26977472,82.0728493,573.172557506319,273.1825992,0.347821265,273.1825992,56.00285328,17.02493317,-96.49718519,6.5,3.0
2025-01-31 11:45:00,291.88052604446057,68.8522842,23.60675662,92.70918748,598.5762002328408,254.7936378,0.350209801,254.7936378,65.82234884,22.20497271,-94.63256442,6.5,3.0
2025-01-31 12:00:00,273.41800918220133,54.10482695,22.83207169,80.85942266,625.8808478538834,262.868892,0.359166812,262.868892,52.3336747,12.97485274,-90.23129017,6.5,3.0
2025-01-31 12:15:00,296.1295712170184,69.42365585,24.88934857,76.5795035,625.6496185537388,269.5882283,0.354447272,269.5882283,62.69822358,19.84397385,-97.10005722,6.5,3.0
2025-01-31 12:30:00,287.56901972695954,62.7136132,32.31022867,91.33962268,586.5253761665449,259.2578353,0.353519677,259.2578353,60.89957886,28.45442322,-98.05459933,6.5,3.0
2025-01-31 12:45:00,284.51339987382084,60.79514468,27.12889538,77.06949584,590.5441574258327,272.2908542,0.327921562,272.2908542,52.75744067,24.45016609,-98.23860169,6.5,3.0
2025-01-31 13:00:00,276.25248500305867,69.38002175,27.13369281,95.33215027,440.76168943483094,251.717338,0.331571138,251.717338,59.98397073,15.80431366,-89.45819633,6.5,3.0
2025-01-31 13:15:00,267.1245753630065,55.56940994,27.60480218,93.91053014,422.70044423901874,269.0102919,0.336425295,269.0102919,44.58867326,24.06450266,-97.00730483,6.5,3.0
2025-01-31 13:30:00,271.6812949004988,54.494714,30.88759223,90.32549179,434.0353650221899,266.3732478,0.33865364,266.3732478,49.71618779,18.72921444,-94.35209027,6.5,3.0
2025-01-31 13:45:00,280.62164473343614,64.62456631,23.49751336,84.65006437,453.59250130396026,262.949888,0.320010382,262.949888,64.23639661,16.47593235,-93.31408987,6.5,3.0
2025-01-31 14:00:00,262.8029747015857,68.67961042,28.99708537,104.6373219,524.8151258413048,241.0508081,0.338616734,241.0508081,64.73570836,21.52113506,-89.79997564,6.5,3.0
2025-01-31 14:15:00,259.3909092525677,62.04683005,20.76345779,94.74013862,498.2232898388033,245.3946087,0.332356211,245.3946087,51.54939389,14.61517428,-86.12620893,6.5,3.0
2025-01-31 14:30:00,265.82661729837344,66.5857306,25.75123226,74.64551907,507.59792420151723,269.7982969,0.313730862,269.7982969,59.4642654,21.35320972,-97.41477312,6.5,3.0
2025-01-31 14:45:00,273.6494987474732,68.06776672,22.72198047,92.13589654,473.6136601183748,245.7276143,0.321082963,245.7276143,67.93775817,12.92864456,-87.29250357,6.5,3.0
2025-01-31 15:00:00,297.9090970635706,53.71836579,30.59495125,103.1840081,429.0351961005172,257.5403976,0.319633358,257.5403976,46.0627166,28.83337728,-94.73910343,6.5,3.0
2025-01-31 15:15:00,286.3451438997201,66.86312747,17.37129144,85.75903183,467.34929942731947,252.8427517,0.315391111,252.8427517,58.8936076,8.964037466,-86.05437177,6.5,3.0
2025-01-31 15:30:00,295.6190956598258,55.46282782,26.95363503,100.4433838,462.42213014628976,245.3666309,0.313583236,245.3666309,48.35991806,19.12178224,-88.23197124,6.5,3.0
2025-01-31 15:45:00,261.1366633768836,61.22714833,22.3248177,94.7873776,439.43337432587373,255.9683798,0.310370849,255.9683798,58.84954374,13.06903817,-89.27268302,6.5,3.0
2025-01-31 16:00:00,402.40427568633015,61.13841077,23.26344167,86.19223991,409.32332836251237,270.5011422,0.310103126,270.5011422,53.82943397,22.73144284,-98.56301955,6.5,3.0
2025-01-31 16:15:00,389.15519184505507,58.52212949,28.00438322,83.70246426,410.06235069448866,260.8245058,0.303438336,260.8245058,52.27216783,25.27797633,-95.7438838,6.5,3.0
2025-01-31 16:30:00,409.3181096635792,59.29829545,25.88156998,93.26367153,421.2944950845121,265.2912387,0.301208581,265.2912387,47.80759478,15.00817682,-91.74686071,6.5,3.0
2025-01-31 16:45:00,412.0024228050356,56.03508157,29.13240338,79.15575863,364.34982585848684,272.5542933,0.307741838,272.5542933,47.88951291,19.76964526,-96.90701451,6.5,3.0
2025-01-31 17:00:00,478.4435037522443,57.46995237,22.85925048,95.72743506,198.2059450264188,248.5513644,0.285389577,248.5513644,54.87112063,12.61579726,-86.21095537,9.0,3.0
2025-01-31 17:15:00,490.9280522271726,52.13334859,23.75752361,94.82920412,187.1086418627849,247.6420297,0.294248264,247.6420297,43.46574106,16.57021285,-87.1710957,9.0,3.0
2025-01-31 17:30:00,449.72862594327387,64.5270626,21.37601576,89.01197915,201.10302680949863,252.0776343,0.290963628,252.0776343,63.76075356,17.136591,-90.35821364,9.0,3.0
2025-01-31 17:45:00,470.5498180773093,57.4159221,26.67653314,100.2877776,191.0623863012977,254.5303342,0.299605491,254.5303342,53.30411392,14.74175963,-89.4134715,9.0,3.0
2025-01-31 18:00:00,488.4847764898871,59.69606666,19.7100951,69.81079772,0.0,276.4921761,0.286342382,276.4921761,49.5385269,12.03614666,-93.75153761,9.0,3.0
2025-01-31 18:15:00,452.3510631376461,53.87867526,33.36945921,79.72227192,0.0,275.7993788,0.282860908,275.7993788,44.44665882,21.74157729,-98.735062,9.0,3.0
2025-01-31 18:30:00,484.9353229616078,63.85058995,32.27237272,80.54339713,0.0,263.1842606,0.287459394,263.1842606,55.14766159,27.68267851,-97.60961469,9.0,3.0
2025-01-31 18:45:00,446.38883741085897,57.15567624,28.02238747,91.32177369,0.0,258.9565329,0.282566912,258.9565329,48.24676145,14.24128869,-89.95838016,9.0,3.0
2025-01-31 19:00:00,446.90903691967776,63.31715583,25.29454179,74.266771,0.0,261.8816965,0.273189727,261.8816965,59.92646077,24.28926112,-96.16777599,9.0,3.0
2025-01-31 19:15:00,467.02958912100434,69.80486682,29.73813111,95.51983449,0.0,257.9865358,0.280859297,257.9865358,67.94321786,19.34176522,-93.55966276,9.0,3.0
2025-01-31 19:30:00,465.13910539309325,59.64412329,31.10272889,95.19466159,0.0,269.6143727,0.284312863,269.6143727,50.36134155,20.55987045,-96.20108421,9.0,3.0
2025-01-31 19:45:00,499.3322685662249,56.62982006,32.37044056,101.4072627,0.0,255.8567001,0.276665656,255.8567001,51.99232514,23.34557298,-94.05457131,9.0,3.0
2025-01-31 20:00:00,443.7113301983198,54.16939149,29.51064321,101.5005114,0.0,241.3582982,0.257960773,241.3582982,50.46433499,23.76318844,-89.40192762,9.0,3.0
2025-01-31 20:15:00,451.6155376199694,67.56862342,25.50684749,96.87280119,0.0,252.3873032,0.239649344,252.3873032,62.05064658,19.10853021,-91.14939706,9.0,3.0
2025-01-31 20:30:00,475.55359962238873,65.61222324,19.87901916,86.14611216,0.0,269.1059841,0.242491588,269.1059841,64.23575972,17.92406006,-95.49760053,9.0,3.0
2025-01-31 20:45:00,477.3095325593222,67.72388103,19.0686193,93.74299742,0.0,249.3846985,0.24072384,249.3846985,60.13133517,17.14587097,-89.50707013,9.0,3.0
2025-01-31 21:00:00,317.45015234548424,65.87202527,30.04930662,75.27708577,0.0,267.2608228,0.235798463,267.2608228,59.55384057,17.28891444,-95.0122489,9.0,3.0
2025-01-31 21:15:00,318.4035014420635,63.05860719,32.14136553,93.53342471,0.0,245.5532835,0.229498333,245.5532835,61.26431369,27.78873424,-92.97788093,9.0,3.0
2025-01-31 21:30:00,313.76122452672075,64.52173392,26.49739086,75.86016326,0.0,264.1062967,0.240703664,264.1062967,57.59487536,21.20855395,-95.84970157,9.0,3.0
2025-01-31 21:45:00,275.9151216857315,64.82328914,32.86545775,78.35753384,0.0,270.8453202,0.253822257,270.8453202,62.56016563,27.18929119,-101.7028211,9.0,3.0
2025-01-31 22:00:00,285.35818611858406,65.86574415,25.97195482,81.49641777,0.0,271.9891859,0.231727438,271.9891859,61.24577015,16.62600925,-95.91098638,6.5,3.0
2025-01-31 22:15:00,281.6311811766463,68.43544799,24.14752553,85.78370587,0.0,267.3534522,0.220309288,267.3534522,64.09377203,17.87735499,-95.35109533,6.5,3.0
2025-01-31 22:30:00,269.633988749724,57.634602,21.65003208,91.80408556,0.0,252.3356073,0.237099217,252.3356073,48.63309998,13.68724873,-87.19952872,6.5,3.0
2025-01-31 22:45:00,257.52664395504576,58.84435146,17.89723586,80.9441127,0.0,274.3614961,0.223026981,274.3614961,50.65784474,14.86399194,-94.7691074,6.5,3.0
2025-01-31 23:00:00,276.55311693598435,54.21931732,20.54410599,88.77542711,0.0,273.8394174,0.216495361,273.8394174,48.27489865,20.1162999,-97.22926297,6.5,3.0
2025-01-31 23:15:00,264.8615406621706,67.4559272,27.80414832,75.12862421,0.0,277.6096773,0.232627662,277.6096773,55.45401088,22.15923785,-100.0821748,6.5,3.0
2025-01-31 23:30:00,275.2751040789144,54.8834487,25.14899143,81.15949442,0.0,271.3997581,0.248080009,271.3997581,48.64033078,21.17275291,-97.22554162,6.5,3.0
2025-01-31 23:45:00,265.1502383229306,68.45589031,23.6795601,96.01716,0.0,257.0051081,0.229528089,257.0051081,60.75331175,22.4772988,-94.6916024,6.5,3.0
2025-02-01 00:00:00,233.79255664296795,61.45534919,32.96804707,63.51501524,0.0,287.9679656,0.223846833,287.9679656,58.25309261,22.44756679,-103.0572506,6.5,3.0
2025-02-01 00:15:00,238.51494428069753,62.78587588,33.01717843,89.0583166,0.0,252.8068094,0.232768628,252.8068094,55.63855479,20.52117564,-92.15094279,6.5,3.0
2025-02-01 00:30:00,245.07568846097547,63.80129216,20.31962387,96.39130043,0.0,259.8311484,0.230569805,259.8311484,57.01936532,11.43646664,-89.64368677,6.5,3.0
2025-02-01 00:45:00,217.95681061535913,66.27568894,28.38475985,80.98541981,0.0,267.6503476,0.233768265,267.6503476,66.24045735,24.98570648,-99.7623216,6.5,3.0
2025-02-01 01:00:00,253.2290004833422,68.86689522,24.94771099,89.0244666,0.0,265.2522333,0.233899551,265.2522333,63.24150075,18.64704007,-95.68400498,6.5,3.0
2025-02-01 01:15:00,246.83029599482686,67.3173624,20.10154936,94.39949451,0.0,246.4404198,0.253173555,246.4404198,54.10433905,12.82664466,-85.95983925,6.5,3.0
2025-02-01 01:30:00,252.90699480356668,52.37030646,34.4352972,94.66230379,0.0,256.5922796,0.2570183,256.5922796,46.34894739,27.91063306,-95.26744042,6.5,3.0
2025-02-01 01:45:00,265.5137087182643,59.21423434,29.77440173,65.98095196,0.0,284.2709,0.255637113,284.2709,54.24468588,27.46320676,-104.0980164,6.5,3.0
2025-02-01 02:00:00,237.3130787263492,57.17863046,18.5322727,85.65382545,0.0,256.6370952,0.243309484,256.6370952,54.57671073,16.24569366,-90.73620637,6.5,3.0
2025-02-01 02:15:00,246.57300496307698,64.11316028,29.02533131,76.45600301,0.0,271.8955911,0.251713675,271.8955911,57.07869953,27.10460374,-101.1425018,6.5,3.0
2025-02-01 02:30:00,256.85302331939937,64.47955058,25.38009349,101.2699723,0.0,250.6051809,0.250738604,250.6051809,63.34433776,19.99242451,-91.47614758,6.5,3.0
2025-02-01 02:45:00,241.06089299117434,62.95988943,18.62773386,85.7662791,0.0,257.4383624,0.246180192,257.4383624,55.99738719,14.80520593,-90.36760137,6.5,3.0
2025-02-01 03:00:00,257.6855091405936,67.41463165,23.71006343,85.79008177,0.0,259.3154304,0.239949738,259.3154304,65.3563446,17.93700602,-93.11866916,6.5,3.0
2025-02-01 03:15:00,241.6417049546164,55.51306029,28.30931505,82.51565745,0.0,265.1346986,0.245757709,265.1346986,45.63757101,15.08551903,-91.29250578,6.5,3.0
2025-02-01 03:30:00,238.95981964075867,58.84471611,24.16926318,104.7801249,0.0,253.7903773,0.25127129,253.7903773,52.63212135,23.97584312,-93.43393609,6.5,3.0
2025-02-01 03:45:00,261.4129662640314,53.72240293,24.08925882,77.88082321,0.0,256.2977557,0.249670822,256.2977557,50.75258009,18.84615063,-91.64208525,6.5,3.0
2025-02-01 04:00:00,243.07697428306722,57.42766956,20.30929762,84.01191776,0.0,261.1898119,0.250258621,261.1898119,47.69703976,12.59711075,-88.98498894,6.5,3.0
2025-02-01 04:15:00,244.32857420304495,61.02547885,30.55666474,86.36652937,0.0,248.9428787,0.250845986,248.9428787,49.58295605,28.06751995,-92.97825755,6.5,3.0
2025-02-01 04:30:00,247.55288359552725,52.14935635,28.18407068,75.37960551,0.0,273.1398798,0.226412023,273.1398798,50.1871129,23.81587355,-98.40260781,6.5,3.0
2025-02-01 04:45:00,228.7615679183607,53.98833311,22.85478835,88.17551647,0.0,256.7652984,0.229101763,256.7652984,47.31799643,21.17708184,-92.61488439,6.5,3.0
2025-02-01 05:00:00,275.57025196976736,59.19652477,21.72542078,88.1585341,0.0,252.3578003,0.230049203,252.3578003,50.40474694,19.07162503,-90.69538356,6.5,3.0
2025-02-01 05:15:00,270.18142346538457,54.26168708,25.5203979,91.20266867,0.0,264.0538791,0.24216852,264.0538791,45.01975006,21.49961448,-95.21768249,6.5,3.0
2025-02-01 05:30:00,263.6281812288116,54.46578685,25.66983046,78.93953973,0.0,260.3715016,0.238888275,260.3715016,51.94049096,19.75349701,-93.93444894,6.5,3.0
2025-02-01 05:45:00,296.6701433360364,65.46205202,24.68005846,78.73811898,0.0,271.4167141,0.238394828,271.4167141,54.73932112,17.13212408,-95.28653872,6.5,3.0
2025-02-01 06:00:00,440.08162218928555,64.64814287,33.22219313,103.3643666,0.0,244.4815192,0.23574543,244.4815192,58.36875767,29.72580707,-95.02285793,6.5,3.0
2025-02-01 06:15:00,428.15251255882845,53.74107193,19.35682546,84.5511025,0.0,260.4520231,0.230784385,260.4520231,49.08458248,17.54830469,-91.68160072,6.5,3.0
2025-02-01 06:30:00,433.8117322956958,61.95166008,32.90875489,82.22647619,0.0,260.649951,0.236256309,260.649951,53.79516061,27.16770313,-96.52112472,6.5,3.0
2025-02-01 06:45:00,466.4541329561903,60.58567163,25.35755718,68.36365097,0.0,265.6903537,0.25809597,265.6903537,58.35735288,18.69608983,-94.59762038,6.5,3.0
2025-02-01 07:00:00,451.02783529544587,65.8464782,22.3697083,85.77767659,207.83181199301993,261.8773272,0.23933959,261.8773272,56.86619548,16.84105535,-92.53838663,6.5,3.0
2025-02-01 07:15:00,434.70868156946165,54.50568224,30.40276464,88.46443454,218.420378962284,260.7847467,0.236176302,260.7847467,51.17109763,24.12806072,-95.97602436,6.5,3.0
2025-02-01 07:30:00,446.5000832309962,55.90270207,32.06559146,69.11182735,219.58368568010792,277.7057051,0.250857981,277.7057051,50.27614307,19.41919779,-97.92440444,6.5,3.0
2025-02-01 07:45:00,407.99339990409635,57.27481972,19.68919434,89.33932585,199.97412336458808,263.6279728,0.249832287,263.6279728,51.28126649,9.902145833,-88.74725982,6.5,3.0
2025-02-01 08:00:00,457.4169016809709,63.42582524,31.4906046,81.27702198,396.0691971331979,259.9210234,0.247399934,259.9210234,58.04435504,28.54497144,-98.66903181,6.5,3.0
2025-02-01 08:15:00,441.7159024789935,62.62308289,28.17529262,95.90515183,403.31925623325515,258.1148592,0.248323483,258.1148592,58.63189713,20.0407854,-93.48290537,6.5,3.0
2025-02-01 08:30:00,440.50871819222897,52.61817981,26.64664639,88.43823059,401.340128989995,249.7106862,0.271501331,249.7106862,44.43157936,17.39368585,-88.40733654,6.5,3.0
2025-02-01 08:45:00,410.7584776478068,67.12550104,21.49328737,83.90628933,396.4214176435521,252.0797916,0.277636927,252.0797916,65.57236869,13.03965746,-88.30509325,6.5,3.0
2025-02-01 09:00:00,339.1696790830303,61.68651968,22.34954706,71.95547059,275.2351868885295,276.4487058,0.291061984,276.4487058,50.13248492,18.13355484,-96.86194147,6.5,3.0
2025-02-01 09:15:00,334.2865924330028,65.22548786,21.28739675,83.71819478,299.1558074895706,264.2024843,0.282086302,264.2024843,55.05580555,12.14836765,-90.9065897,6.5,3.0
2025-02-01 09:30:00,318.6795654147,62.22036365,24.42083606,88.41063381,299.0044198311616,267.8786192,0.281427112,267.8786192,57.94936349,13.16816128,-92.67376282,6.5,3.0
2025-02-01 09:45:00,343.8041630692669,70.24408928,30.97355137,108.3068638,269.38458579073836,245.972175,0.287662374,245.972175,64.57398326,17.62983084,-89.68905519,6.5,3.0
2025-02-01 10:00:00,336.06943237099927,60.6800788,25.99951487,76.02097557,584.1414944812525,275.3732947,0.284737107,275.3732947,58.28093216,23.38459825,-100.9543927,6.5,3.0
2025-02-01 10:15:00,343.41736490073134,58.30920675,33.01261193,85.05423996,592.1552519538992,265.8166208,0.285819389,265.8166208,51.92492613,28.31453027,-99.18363402,6.5,3.0
2025-02-01 10:30:00,343.80396576476824,53.92004844,18.50954366,78.63583144,558.8498842198254,262.5698448,0.282369887,262.5698448,45.62231366,11.61939944,-89.28185522,6.5,3.0
2025-02-01 10:45:00,318.49923696350106,60.90989348,21.2387414,85.07823338,615.4433693450228,265.5249549,0.280430466,265.5249549,53.95691584,19.11499745,-94.77047072,6.5,3.0
2025-02-01 11:00:00,257.2491151597021,53.80191734,27.85814113,97.77378667,501.78611999254696,255.8201721,0.281794964,255.8201721,48.17618842,21.20536026,-92.59770323,6.5,3.0
2025-02-01 11:15:00,257.618913544687,56.87377514,19.54678459,85.39335766,501.63466195182366,265.6119247,0.273680436,265.6119247,52.62539339,12.12782655,-91.15839001,6.5,3.0
2025-02-01 11:30:00,241.48689774195353,63.64105309,29.50079655,71.78024976,483.80841700435013,274.7990371,0.279754287,274.7990371,61.23675804,24.27989327,-101.0142151,6.5,3.0
2025-02-01 11:45:00,245.9150735536573,65.14006998,19.78527353,81.30113198,487.8108010512792,279.5344769,0.279210073,279.5344769,62.1804994,19.56429821,-100.486781,6.5,3.0
2025-02-01 12:00:00,233.77966732687722,60.27351464,21.24028242,99.04646914,394.19296682976267,249.1028228,0.28375071,249.1028228,57.30270771,12.08798701,-86.03222544,6.5,3.0
2025-02-01 12:15:00,220.30082082235083,52.54344105,19.74121175,87.70028332,372.3938249738947,261.1798302,0.286147553,261.1798302,52.24238188,16.14603549,-92.10578698,6.5,3.0
2025-02-01 12:30:00,222.38818333690995,69.00452362,29.66210075,75.04752614,383.1858991611797,274.9596887,0.272013385,274.9596887,66.55894516,19.36954572,-98.71799629,6.5,3.0
2025-02-01 12:45:00,243.09132851386198,69.71459349,32.51009552,77.64782175,410.59730903516265,285.251007,0.289973601,285.251007,67.27045019,27.65035299,-106.2672632,6.5,3.0
2025-02-01 13:00:00,271.69152997488277,55.68138796,30.24390056,72.41298759,531.6415785624748,281.2753169,0.291152391,281.2753169,46.10542861,19.5274324,-98.87666114,6.5,3.0
2025-02-01 13:15:00,272.8044555002041,62.59580611,29.02244951,82.8671351,499.798412717522,259.1954876,0.277246013,259.1954876,51.91837125,14.6106892,-89.88167762,6.5,3.0
2025-02-01 13:30:00,252.4022965932134,56.0898143,22.05931494,81.11948104,531.0916005263516,269.4237337,0.268630246,269.4237337,47.34407229,16.96857298,-93.98106678,6.5,3.0
2025-02-01 13:45:00,255.7117179316997,58.78981129,26.04786849,71.65859622,502.2684081936518,282.5675318,0.266852459,282.5675318,53.72407427,14.55659941,-98.08350858,6.5,3.0
2025-02-01 14:00:00,274.59137169595175,68.94665917,23.60224175,90.68433276,521.7787306755647,257.8631845,0.289457118,257.8631845,65.18640492,22.5879054,-95.46729674,6.5,3.0
2025-02-01 14:15:00,267.18474268784877,56.8879586,30.09321449,84.24487664,549.6410163764617,261.9009755,0.292123629,261.9009755,55.05602525,16.54858147,-92.15292928,6.5,3.0
2025-02-01 14:30:00,260.1522308754585,63.40730379,31.51445701,100.0198194,523.1918074724056,243.242059,0.300937869,243.242059,55.10978862,19.00618453,-87.88950399,6.5,3.0
2025-02-01 14:45:00,258.25165474074106,56.2981552,19.79384527,65.21405556,535.178445475568,281.1555666,0.304477258,281.1555666,52.70579704,11.52782319,-95.56412247,6.5,3.0
2025-02-01 15:00:00,239.46000990703453,60.14909003,31.59813816,75.00121876,470.9115854836123,267.9182677,0.292768468,267.9182677,49.37801867,25.08721149,-98.31832489,6.5,3.0
2025-02-01 15:15:00,233.07153135176728,63.25514491,25.58173045,104.7065797,474.1994844037882,255.8191689,0.292384523,255.8191689,58.80683709,24.61391142,-95.16206631,6.5,3.0
2025-02-01 15:30:00,239.26753135976057,58.92415486,17.64039206,69.75256895,466.073643094554,286.493646,0.290098364,286.493646,48.36857096,13.74150444,-97.01325135,6.5,3.0
2025-02-01 15:45:00,236.4609273814376,56.49831396,28.73627819,92.99788879,521.4152870180455,258.3614731,0.277349852,258.3614731,46.64610034,17.40411225,-91.15296096,6.5,3.0
2025-02-01 16:00:00,328.0069909561434,65.87726193,24.60290602,80.93206057,365.4041040423614,258.6590687,0.277609263,258.6590687,63.08229647,17.70024028,-92.60493558,6.5,3.0
2025-02-01 16:15:00,332.5941368035765,57.47572712,21.78441262,84.26027832,374.323236996227,257.6319046,0.269117011,257.6319046,53.53131567,12.90804318,-88.91773864,6.5,3.0
2025-02-01 16:30:00,322.397017038914,53.76400001,32.59669306,74.16151114,349.078187330073,282.4657806,0.282351274,282.4657806,44.99751177,22.87105893,-99.84766679,6.5,3.0
2025-02-01 16:45:00,311.071855201366,69.98935084,23.1142674,79.12679337,343.29447163133864,281.4468402,0.279521515,281.4468402,57.30314112,14.99358918,-97.42558012,6.5,3.0
2025-02-01 17:00:00,397.2271119981035,57.17748384,29.94762916,73.27704047,115.71591472898051,287.060251,0.287469743,287.060251,56.79293194,27.10926877,-105.1598287,9.0,3.0
2025-02-01 17:15:00,423.69184454325335,69.44952784,31.02072567,80.1657243,124.19850548633649,274.5207185,0.26581975,274.5207185,68.19320131,28.63393183,-102.8077112,9.0,3.0
2025-02-01 17:30:00,409.710221439047,55.38325388,20.1952341,86.05984723,124.29403848951786,266.2850949,0.277420021,266.2850949,46.48763029,18.78911947,-93.5546867,9.0,3.0
2025-02-01 17:45:00,419.930822019596,64.9014221,29.28324062,100.4383462,120.68154129516512,237.8617789,0.26620961,237.8617789,63.44299716,22.84527629,-89.3570746,9.0,3.0
2025-02-01 18:00:00,437.70020573511243,70.38014118,28.87389726,62.024895,0.0,281.8174288,0.279543259,281.8174288,69.97740931,27.4498282,-104.6493355,9.0,3.0
2025-02-01 18:15:00,443.2861084787792,69.25914617,18.27827587,83.32199759,0.0,261.944749,0.266369975,261.944749,67.99581401,12.80197684,-91.95345124,9.0,3.0
2025-02-01 18:30:00,451.08973746467944,60.1526148,31.73390577,69.24262858,0.0,278.6857001,0.265480738,278.6857001,51.78544506,21.31283603,-100.0399514,9.0,3.0
2025-02-01 18:45:00,458.79394832142884,58.72254423,27.32515714,95.02893581,0.0,252.2195182,0.282271857,252.2195182,57.20568971,22.05221953,-92.16675148,9.0,3.0
2025-02-01 19:00:00,423.6312033507752,54.7725362,26.3823946,82.06084852,0.0,271.5487436,0.280551772,271.5487436,49.14654248,25.66020516,-98.95765775,9.0,3.0
2025-02-01 19:15:00,449.22755827626276,55.03841572,17.28520821,75.03118436,0.0,273.72547,0.296399723,273.72547,54.69025728,9.373979685,-92.42824172,9.0,3.0
2025-02-01 19:30:00,455.3499124711551,60.60518547,18.91904175,81.41971886,0.0,274.4475821,0.306626707,274.4475821,55.32396172,16.23293073,-95.91312666,9.0,3.0
2025-02-01 19:45:00,414.431325901807,66.44485132,21.24622425,64.81762265,0.0,290.9698643,0.294149728,290.9698643,63.9797788,18.61642358,-102.173412,9.0,3.0
2025-02-01 20:00:00,421.62395681418104,52.91063494,30.89284593,68.80670066,0.0,269.682961,0.290896153,269.682961,45.35151516,17.53500671,-94.11263706,9.0,3.0
2025-02-01 20:15:00,415.4085488446525,54.00045163,24.86767141,81.49181138,0.0,264.7803996,0.28593509,264.7803996,46.14432719,14.31929991,-91.47008516,9.0,3.0
2025-02-01 20:30:00,422.9114991437337,70.51734148,20.76576369,77.73761168,0.0,281.7916463,0.272848576,281.7916463,61.17397558,14.56734169,-97.78312982,9.0,3.0
2025-02-01 20:45:00,394.6059951974328,68.53348142,21.31651158,99.17134769,0.0,247.7616349,0.275847174,247.7616349,61.58599459,15.62569037,-88.2057889,9.0,3.0
2025-02-01 21:00:00,233.6410928042906,67.48879727,26.63457252,95.29555591,0.0,252.8305706,0.27740616,252.8305706,59.37937517,20.07783255,-91.86275706,9.0,3.0
2025-02-01 21:15:00,242.20630482082058,64.58832764,29.82796171,79.21077977,0.0,274.0716723,0.266652003,274.0716723,54.42991306,17.03718603,-96.30784161,9.0,3.0
2025-02-01 21:30:00,242.15208275784573,66.75398586,20.5043706,91.91874028,0.0,262.2654331,0.272294957,262.2654331,54.39267192,16.78784337,-92.43876709,9.0,3.0
2025-02-01 21:45:00,229.3705196170431,69.24350175,32.75646549,59.44230394,0.0,287.6093619,0.264553185,287.6093619,64.53357712,27.10742825,-106.158767,9.0,3.0
2025-02-01 22:00:00,285.15543964419845,56.9547655,30.96350021,72.07911118,0.0,272.437422,0.27539443,272.437422,48.85444351,24.55913225,-98.75274316,6.5,3.0
2025-02-01 22:15:00,293.3585067077395,63.99538435,32.03297406,95.16958982,0.0,258.3818749,0.27462278,258.3818749,52.51476892,22.34017027,-93.34457694,6.5,3.0
2025-02-01 22:30:00,282.53024741987,62.24878268,31.29827908,64.558393,0.0,287.1928972,0.270108441,287.1928972,60.17253116,21.59542935,-102.0955194,6.5,3.0
2025-02-01 22:45:00,258.19580622819217,55.37621995,19.33778236,83.28930294,0.0,270.0943465,0.284146505,270.0943465,45.51675974,18.03134956,-94.6219929,6.5,3.0
2025-02-01 23:00:00,237.89956984510607,56.86193228,18.5470489,68.05363954,0.0,288.5635676,0.298614653,288.5635676,51.31334559,15.41135405,-99.50793684,6.5,3.0
2025-02-01 23:15:00,232.27191770211638,69.91818036,30.91284729,74.78301452,0.0,286.0528127,0.317316642,286.0528127,69.45021938,26.08520043,-106.1433171,6.5,3.0
2025-02-01 23:30:00,234.1431736027801,63.08439366,23.35448669,73.37140155,0.0,277.8185422,0.295978274,277.8185422,58.43570199,11.69050853,-95.2534255,6.5,3.0
2025-02-01 23:45:00,267.1553388499974,61.94327254,27.34102361,78.55746507,0.0,283.5223462,0.290059384,283.5223462,56.6511207,14.77800563,-98.4093353,6.5,3.0
2025-02-02 00:00:00,282.30531010397806,61.56120931,27.09962198,85.51253538,0.0,259.6551676,0.291026439,259.6551676,49.76630332,19.60820088,-92.1739701,6.5,3.0
2025-02-02 00:15:00,284.7487593156097,66.98498086,30.1450498,74.78758004,0.0,264.1788923,0.297547318,264.1788923,63.25304389,25.47090861,-98.96737342,6.5,3.0
2025-02-02 00:30:00,277.1506667658055,65.42631478,27.92373321,67.26470198,0.0,281.1218226,0.294470593,281.1218226,58.29959646,17.05221612,-98.38373917,6.5,3.0
2025-02-02 00:45:00,302.3852638146068,52.96085249,23.78030187,65.69801097,0.0,289.6217894,0.308530205,289.6217894,52.15552327,11.93806523,-97.79178073,6.5,3.0
2025-02-02 01:00:00,243.48287122726308,54.92460859,24.52823009,104.9078277,0.0,240.908463,0.318988984,240.908463,45.60425676,17.6717055,-85.04728732,6.5,3.0
2025-02-02 01:15:00,229.19658973736685,53.43999324,33.08070465,91.46036163,0.0,265.4945716,0.319761299,265.4945716,44.79411807,31.00897638,-100.4534991,6.5,3.0
2025-02-02 01:30:00,239.90454080025833,58.08474537,28.36425074,95.19993396,0.0,250.6241008,0.320240544,250.6241008,56.21067303,25.31933705,-92.90601342,6.5,3.0
2025-02-02 01:45:00,225.22599823511166,60.2350636,30.91955667,61.94279167,0.0,268.6544598,0.320996446,268.6544598,55.13124592,26.56728267,-99.50120929,6.5,3.0
2025-02-02 02:00:00,257.6971118254198,56.22284533,23.2511232,66.4923293,0.0,286.0207935,0.31760918,286.0207935,50.36630419,19.74487556,-99.99057673,6.5,3.0
2025-02-02 02:15:00,261.05557831554717,61.18060267,29.45667789,84.48947518,0.0,271.761237,0.336661217,271.761237,57.36580786,23.23166642,-98.82213194,6.5,3.0
2025-02-02 02:30:00,270.73279607209685,63.28453885,34.13839382,95.46255645,0.0,260.482908,0.319306969,260.482908,56.71023011,20.95218899,-93.98784018,6.5,3.0
2025-02-02 02:45:00,293.4945137869363,67.28456879,27.09192462,55.35347854,0.0,304.8727012,0.32456418,304.8727012,58.87028388,17.90815377,-106.1140345,6.5,3.0
2025-02-02 03:00:00,268.68763974761606,55.86539105,33.95543118,69.48519713,0.0,292.7520158,0.329632542,292.7520158,53.80952751,27.7940867,-106.5011467,6.5,3.0
2025-02-02 03:15:00,279.11560689769726,58.38590876,25.58421872,81.30107272,0.0,270.2066584,0.328444178,270.2066584,52.4117683,18.123578,-95.50136602,6.5,3.0
2025-02-02 03:30:00,268.8927114541703,63.36077753,29.14468666,72.48646634,0.0,290.6021538,0.348522937,290.6021538,56.1072466,24.5532445,-104.282412,6.5,3.0
2025-02-02 03:45:00,303.2140419005166,61.49811793,17.58444172,86.38956702,0.0,267.0081996,0.355742734,267.0081996,53.71506104,10.67337594,-91.06857595,6.5,3.0
2025-02-02 04:00:00,240.07276093423334,52.58548943,30.659651,81.44480583,0.0,262.5581374,0.349569156,262.5581374,47.14330398,24.16116578,-95.35873757,6.5,3.0
2025-02-02 04:15:00,248.3103139830722,67.90310847,18.80284152,76.88528454,0.0,264.8665288,0.357582065,264.8665288,59.03032898,18.38143053,-94.12842319,6.5,3.0
2025-02-02 04:30:00,250.50980346834453,58.40968965,24.11869772,82.17422999,0.0,282.598849,0.344923933,282.598849,48.31107766,21.75557773,-100.6649919,6.5,3.0
2025-02-02 04:45:00,224.6271216143499,66.99373361,32.28984088,58.93981627,0.0,295.5866939,0.343773235,295.5866939,62.4520122,28.7238963,-109.3690561,6.5,3.0
2025-02-02 05:00:00,252.9640057609987,61.92011915,20.23785094,66.94560491,0.0,279.6686821,0.336607569,279.6686821,53.48594754,10.99399591,-94.89239069,6.5,3.0
2025-02-02 05:15:00,253.02452296426281,69.55163357,23.55592883,62.81106047,0.0,293.7272984,0.348927425,293.7272984,55.85332873,20.3075557,-103.1449125,6.5,3.0
2025-02-02 05:30:00,232.64936071406365,53.02583257,20.16613472,80.75638505,0.0,267.5261177,0.347399251,267.5261177,52.86677918,11.30829591,-90.81413913,6.5,3.0
2025-02-02 05:45:00,235.9421105606749,56.36069471,29.16189776,73.78466291,0.0,295.9152131,0.335693011,295.9152131,47.11359917,26.35034259,-107.5028667,6.5,3.0
2025-02-02 06:00:00,435.080678679953,66.5181462,31.69703686,68.47649083,0.0,288.0986489,0.342086144,288.0986489,53.73248401,19.77559952,-101.3949438,6.5,3.0
2025-02-02 06:15:00,433.07718598712495,53.82405407,28.35159524,64.49726866,0.0,281.2923223,0.345725061,281.2923223,49.10048956,16.63986971,-97.81697481,6.5,3.0
2025-02-02 06:30:00,425.42098128013265,62.43457305,32.49966058,75.02309239,0.0,278.8433638,0.335965382,278.8433638,52.40999839,23.10039767,-100.0799104,6.5,3.0
2025-02-02 06:45:00,490.45115405278943,52.99756112,26.93664017,82.52225161,0.0,276.0733881,0.352621294,276.0733881,47.73846934,22.33373032,-98.44049906,6.5,3.0
2025-02-02 07:00:00,383.11886116688885,55.81072545,32.54466691,62.66485578,210.95931700401,293.2064869,0.345663886,293.2064869,55.13777487,20.9878664,-103.7043164,6.5,3.0
2025-02-02 07:15:00,375.8183056933934,57.09640608,28.46796982,75.22564149,218.05612135852658,271.4915208,0.353012015,271.4915208,50.041184,15.15098628,-93.93162021,6.5,3.0
2025-02-02 07:30:00,393.82457153583243,58.30775468,27.51049204,78.79114186,215.33245823289926,262.6704736,0.360895335,262.6704736,47.32696493,15.57339485,-90.86256102,6.5,3.0
2025-02-02 07:45:00,391.86826160388546,55.77293823,20.28377541,61.47884749,231.21210340456412,295.1985951,0.352939328,295.1985951,49.29944505,10.83465735,-99.13187437,6.5,3.0
2025-02-02 08:00:00,423.55039151380123,61.57164857,27.76686947,62.63229406,418.944861469997,280.0025089,0.350397828,280.0025089,49.68687323,25.92314267,-102.2410007,6.5,3.0
2025-02-02 08:15:00,440.1133027357923,62.92583661,25.55981448,75.72753881,409.91112705855215,260.3859758,0.341294601,260.3859758,61.44509974,23.68333381,-95.57491376,6.5,3.0
2025-02-02 08:30:00,409.83400003230173,61.61845671,34.56508575,81.87676054,401.73890119195227,262.0498099,0.334756171,262.0498099,61.23457081,26.44848617,-98.8365276,6.5,3.0
2025-02-02 08:45:00,423.83230571810464,68.3091067,19.93899724,74.89152357,381.1151102794986,266.4586531,0.3392032,266.4586531,62.57159058,15.37248815,-93.88978467,6.5,3.0
2025-02-02 09:00:00,313.6735624650583,61.46330184,18.94747204,67.83047281,439.04692682285855,285.0302441,0.348479427,285.0302441,52.2264112,14.07118787,-97.33835161,6.5,3.0
2025-02-02 09:15:00,319.8687745871406,58.62138103,33.59322853,82.62548304,438.9929427133546,271.6256556,0.338202748,271.6256556,49.80786586,21.71317787,-97.48547918,6.5,3.0
2025-02-02 09:30:00,323.9007001014501,52.90242061,20.58490607,71.42777521,456.96213222169683,283.8808394,0.340561415,283.8808394,44.70739829,19.46113463,-98.69253544,6.5,3.0
2025-02-02 09:45:00,289.2669628463509,63.91594661,21.50132071,65.34139743,432.55799824209,287.3068992,0.353806434,287.3068992,62.02603001,14.1059754,-99.14072382,6.5,3.0
2025-02-02 10:00:00,394.795246850625,55.4823476,29.31216498,66.93702523,382.9309775607565,282.3144016,0.350638805,282.3144016,49.47053667,20.20718994,-99.38122961,6.5,3.0
2025-02-02 10:15:00,396.32003255252414,64.42633395,22.90789373,70.815384,403.5361226842346,271.8456171,0.357922364,271.8456171,62.212709,16.62870877,-95.1606383,6.5,3.0
2025-02-02 10:30:00,377.15156159023195,60.28544308,26.13519486,80.50668669,383.2960182452088,258.0893468,0.358431697,258.0893468,60.09773602,15.10556857,-90.66060655,6.5,3.0
2025-02-02 10:45:00,359.60315900661885,63.13941537,18.1263776,59.8018434,440.8968815098001,283.6410095,0.367274947,283.6410095,62.29840324,14.67685596,-98.9050184,6.5,3.0
2025-02-02 11:00:00,259.77744722279084,66.18655764,22.26104022,77.35208669,389.4436908024636,286.6392066,0.382369,286.6392066,54.5057994,20.8817714,-101.7789634,6.5,3.0
2025-02-02 11:15:00,252.40358715249295,52.4113353,20.76556062,63.45353213,410.26182022537046,281.7128949,0.381366379,281.7128949,46.45577206,11.91305594,-95.21322925,6.5,3.0
2025-02-02 11:30:00,260.2146706118411,66.7537334,22.07758842,67.30332366,386.74376814509475,294.362197,0.377702118,294.362197,55.12228425,19.39472995,-103.4720174,6.5,3.0
2025-02-02 11:45:00,221.0042950128751,57.00171415,26.13511844,48.23242476,378.5707208270712,302.8176746,0.387891932,302.8176746,56.73699283,25.8461619,-109.6407815,6.5,3.0
2025-02-02 12:00:00,251.05939933202845,65.28746315,26.45026349,79.96137954,509.7526598642986,272.5060425,0.36989941,272.5060425,64.68088923,19.26203636,-98.65641042,6.5,3.0
2025-02-02 12:15:00,235.52096978590689,58.12220197,29.83177654,67.76736297,504.3165835840107,272.9088656,0.364917929,272.9088656,54.79261707,15.39291574,-94.49167763,6.5,3.0
2025-02-02 12:30:00,244.70377379780098,68.70018473,20.19155786,70.23584106,527.6700534485324,284.8167456,0.370677305,284.8167456,67.21581636,13.50954676,-98.95414175,6.5,3.0
2025-02-02 12:45:00,239.85585708426368,60.21273766,32.39378127,81.23609719,537.6707031031583,261.0244256,0.373585136,261.0244256,50.6624381,19.28083795,-93.52901808,6.5,3.0
2025-02-02 13:00:00,240.92475328462262,68.48535875,24.45629652,62.03044877,376.7010481195456,300.6143459,0.385233692,300.6143459,62.08803812,24.27677678,-107.80799,6.5,3.0
2025-02-02 13:15:00,223.71531826357347,68.6076098,33.77165942,71.22562849,388.64786285468574,281.3609203,0.401075305,281.3609203,66.3979758,33.31626828,-108.7898083,6.5,3.0
2025-02-02 13:30:00,229.63012994639195,69.80027391,32.33699905,58.61686397,389.8030572614823,304.9763917,0.396941226,304.9763917,65.39229489,26.36877528,-110.5050466,6.5,3.0
2025-02-02 13:45:00,239.71979850541197,58.8250122,18.96935807,79.96022854,396.34803176428636,262.6241055,0.39656533,262.6241055,55.21841055,13.71602804,-91.35795787,6.5,3.0
2025-02-02 14:00:00,236.3829506001317,64.40519693,21.14835852,78.71448241,378.7015198062844,274.9339121,0.402054962,274.9339121,52.21732975,19.47002011,-96.60570735,6.5,3.0
2025-02-02 14:15:00,255.1839868704114,59.6845404,29.96946077,64.4106799,368.2740473840884,280.030564,0.407035499,280.030564,52.97094845,16.57936824,-97.87808186,6.5,3.0
2025-02-02 14:30:00,252.68854305815213,64.62849381,23.25487002,74.38805373,386.4181524078077,279.2761025,0.413844018,279.2761025,61.39781654,13.14454471,-96.68326939,6.5,3.0
2025-02-02 14:45:00,242.04451947130474,60.23940335,27.41823048,92.64252983,371.88628040181925,257.1007368,0.413804929,257.1007368,56.16290058,26.41559585,-97.07787451,6.5,3.0
2025-02-02 15:00:00,261.6690747735608,61.10669504,19.05526196,51.55998734,472.49167389459114,308.5993946,0.422576023,308.5993946,53.84454505,12.06511627,-103.9463568,6.5,3.0
2025-02-02 15:15:00,251.6007786860051,61.31664536,25.35692856,66.6275673,471.0036566769077,264.0893576,0.428549693,264.0893576,53.44506822,17.42660353,-93.3335346,6.5,3.0
2025-02-02 15:30:00,256.83422064840323,55.87024476,27.95669708,60.90095804,478.81795125110284,300.2815821,0.430634131,300.2815821,51.43322249,21.14741206,-105.2249585,6.5,3.0
2025-02-02 15:45:00,254.16592589203083,62.23147678,28.65655587,78.19270029,511.91671817739825,266.8963795,0.438077862,266.8963795,54.12938123,27.94790898,-99.17284608,6.5,3.0
2025-02-02 16:00:00,330.31973302607736,60.66043509,26.7145471,46.55203833,369.6118617103763,293.0898887,0.425438301,293.0898887,59.29980327,26.56539089,-106.3223387,6.5,3.0
2025-02-02 16:15:00,340.9841977690164,56.13372361,28.75043713,67.32715742,354.8986321665364,275.0924205,0.420608606,275.0924205,51.59172951,16.40977634,-95.88369579,6.5,3.0
2025-02-02 16:30:00,344.86899925852117,61.79952667,24.80413424,66.29315829,367.1748154673612,270.0456519,0.419176247,270.0456519,56.6194778,21.58591759,-97.24916857,6.5,3.0
2025-02-02 16:45:00,299.03706994638515,56.06091856,31.19583927,75.1842637,323.604690655726,263.9476537,0.422503016,263.9476537,50.93434861,23.839251,-95.97045899,6.5,3.0
2025-02-02 17:00:00,446.9285799703163,57.69924727,28.50127706,84.023092,179.21735692442206,261.4141979,0.425968873,261.4141979,53.22712865,28.10477331,-97.24004501,9.0,3.0
2025-02-02 17:15:00,447.3863418674891,66.7054205,33.03189448,56.78742451,193.86378436248825,292.30211,0.41763415,292.30211,58.77360782,21.87015351,-104.3036934,9.0,3.0
2025-02-02 17:30:00,427.2531304476363,63.83878974,31.83663655,58.16458623,189.23497350016996,286.2964593,0.424107,286.2964593,61.43938023,24.35810965,-103.6868081,9.0,3.0
2025-02-02 17:45:00,429.8019477145581,70.10076461,23.36446898,56.48628924,188.94388521291967,305.6001179,0.430373938,305.6001179,58.98184945,12.89550896,-104.2067392,9.0,3.0
2025-02-02 18:00:00,420.31645732926063,61.94635385,17.55630224,76.11909521,0.0,252.9287262,0.444084256,252.9287262,57.64224987,9.110318699,-86.04800288,9.0,3.0
2025-02-02 18:15:00,421.16383016047746,69.73095973,34.03407051,71.62984227,0.0,290.7249211,0.442950864,290.7249211,69.58982676,23.68241915,-105.967243,9.0,3.0
2025-02-02 18:30:00,410.2349979358748,63.73402713,24.21687273,70.52082402,0.0,288.9207549,0.451511126,288.9207549,54.56152904,19.84118248,-102.2979902,9.0,3.0
2025-02-02 18:45:00,452.56471457438715,67.78369978,20.28981977,55.71204546,0.0,302.6344113,0.44993916,302.6344113,62.24532752,17.36622979,-105.3598106,9.0,3.0
2025-02-02 19:00:00,438.85637304039085,63.81140847,34.35207173,53.57237851,0.0,296.6859379,0.450671239,296.6859379,52.38818794,27.94409731,-107.760408,9.0,3.0
2025-02-02 19:15:00,415.03708706485753,59.29632397,30.02541143,60.76311425,0.0,284.2707088,0.444076028,284.2707088,55.58602898,27.20215604,-103.819675,9.0,3.0
2025-02-02 19:30:00,414.0272342903452,69.7500966,33.09553106,59.18136194,0.0,289.5229142,0.444903211,289.5229142,56.24293759,23.21493406,-103.2400959,9.0,3.0
2025-02-02 19:45:00,435.5693056044065,60.26489008,32.40682453,74.99055271,0.0,272.245636,0.435343573,272.245636,56.53310261,17.06893039,-95.76122688,9.0,3.0
2025-02-02 20:00:00,419.2873098715646,60.16327267,28.59574914,78.55794425,0.0,262.0004099,0.427162717,262.0004099,59.04070148,21.25489316,-95.38282631,9.0,3.0
2025-02-02 20:15:00,416.81076706564977,62.5685072,26.45822783,81.03078309,0.0,258.6471271,0.430190253,258.6471271,55.62794781,15.8800405,-91.14524041,9.0,3.0
2025-02-02 20:30:00,436.1610620482095,67.4057687,31.44923358,69.70145169,0.0,267.8346667,0.414024755,267.8346667,63.68183763,17.06747323,-94.80813957,9.0,3.0
2025-02-02 20:45:00,399.84086101457615,53.33844621,18.97025681,66.9837752,0.0,278.202856,0.402435711,278.202856,47.15222493,15.25898216,-95.41974754,9.0,3.0
2025-02-02 21:00:00,277.8816436942601,55.82848038,17.49321569,57.69094684,0.0,288.3158919,0.419509943,288.3158919,45.50505934,15.97317104,-99.35311491,9.0,3.0
2025-02-02 21:15:00,291.97849056298276,58.09788224,28.17398748,108.7525829,0.0,245.8861951,0.422655289,245.8861951,49.20416797,26.39318731,-91.77237544,9.0,3.0
2025-02-02 21:30:00,268.0085949158646,55.95233372,23.07473777,64.53444722,0.0,289.0670352,0.423387819,289.0670352,45.76819675,21.21155641,-101.9426433,9.0,3.0
2025-02-02 21:45:00,277.0712708268926,54.27765851,32.57070868,48.33045672,0.0,295.4603945,0.413437922,295.4603945,46.84381125,18.91726334,-102.2678229,9.0,3.0
2025-02-02 22:00:00,289.74907293159623,67.88243674,23.07173398,64.62446176,0.0,274.0929698,0.411803592,274.0929698,56.15531569,21.29780489,-99.12967995,6.5,3.0
2025-02-02 22:15:00,299.92355410945015,65.22873292,31.87241405,85.75059385,0.0,252.8794697,0.400306924,252.8794697,55.21521885,23.76366069,-92.4322898,6.5,3.0
2025-02-02 22:30:00,288.9016909593725,58.23462209,30.60820593,71.04137227,0.0,275.8591711,0.390548758,275.8591711,58.04886195,19.92853936,-98.43394038,6.5,3.0
2025-02-02 22:45:00,266.4756819995812,66.16236797,28.95593987,68.86281776,0.0,270.1027197,0.39058895,270.1027197,63.50994904,22.76563108,-99.0978882,6.5,3.0
2025-02-02 23:00:00,270.93735293632665,68.16335726,18.19805597,59.95564811,0.0,283.52206,0.396915392,283.52206,62.7626962,12.5256615,-97.35128994,6.5,3.0
2025-02-02 23:15:00,291.96120687764574,58.89852609,29.8854241,98.60723893,0.0,254.9385653,0.398350281,254.9385653,49.91860459,28.33606626,-95.52313856,6.5,3.0
2025-02-02 23:30:00,272.02731642007234,66.71643929,20.546861,68.04682947,0.0,278.8446943,0.380989559,278.8446943,55.85343703,12.00611819,-95.24945198,6.5,3.0
2025-02-02 23:45:00,281.8041237659553,56.37997717,29.0796637,72.73481045,0.0,278.4912751,0.363496705,278.4912751,56.2617618,28.88447996,-103.8350407,6.5,3.0
2025-02-03 00:00:00,281.6403348159995,64.65072799,25.65340622,55.61688968,0.0,291.6104673,0.369537359,291.6104673,55.5927392,17.81893816,-102.1745409,6.5,3.0
2025-02-03 00:15:00,264.2336307342576,71.56759088,28.84513531,72.41869997,0.0,296.4773302,0.369398665,296.4773302,64.3709339,21.22597748,-105.6096804,6.5,3.0
2025-02-03 00:30:00,272.3316063849219,63.80308051,22.75209739,56.10280582,0.0,304.4681197,0.372959202,304.4681197,60.12039732,15.78838971,-105.2496347,6.5,3.0
2025-02-03 00:45:00,261.60442806482104,68.16661592,22.58458177,72.93958928,0.0,274.3594696,0.375052914,274.3594696,66.13378979,13.11953494,-95.36649381,6.5,3.0
2025-02-03 01:00:00,277.099584067805,61.37537274,23.37471197,81.53846891,0.0,251.7111123,0.384824565,251.7111123,51.55972466,13.65383769,-87.22702523,6.5,3.0
2025-02-03 01:15:00,269.25346836854,56.6484923,20.73512153,53.02246911,0.0,294.7958263,0.383216504,294.7958263,47.33012121,10.60008737,-98.44681245,6.5,3.0
2025-02-03 01:30:00,281.3126728280969,64.91026353,30.35773838,53.14060146,0.0,303.2431278,0.378184843,303.2431278,58.4274815,16.63382197,-105.2137446,6.5,3.0
2025-02-03 01:45:00,254.5742747355581,65.20317149,31.75140662,79.71103781,0.0,271.58692,0.39164292,271.58692,53.14247612,18.8367919,-95.92464231,6.5,3.0
2025-02-03 02:00:00,262.3070327521742,54.50230147,19.3871625,71.2528779,0.0,263.8262171,0.386972805,263.8262171,45.55238643,10.35004561,-89.17852365,6.5,3.0
2025-02-03 02:15:00,259.8878368765545,70.22387354,23.89012285,57.55932433,0.0,291.5017805,0.392773072,291.5017805,56.47831225,21.32228254,-102.8379257,6.5,3.0
2025-02-03 02:30:00,274.3577995101263,61.89911671,34.20325447,51.20220222,0.0,291.2969607,0.391517333,291.2969607,59.86316287,31.2675724,-109.201319,6.5,3.0
2025-02-03 02:45:00,279.8673308611451,64.68113863,21.37521965,61.92111246,0.0,281.7564926,0.361334125,281.7564926,59.48784781,18.91668871,-99.33790623,6.5,3.0
2025-02-03 03:00:00,267.1862501429818,54.12971933,28.02986582,81.11218838,0.0,266.0313261,0.369137909,266.0313261,49.62226125,18.76134876,-94.43187109,6.5,3.0
2025-02-03 03:15:00,268.9410464224945,56.85517686,34.11468915,70.0050312,0.0,280.3700513,0.37506955,280.3700513,50.09151815,21.14380302,-98.75344254,6.5,3.0
2025-02-03 03:30:00,248.7633412431594,59.68745105,20.20123661,64.42147226,0.0,282.302489,0.37282401,282.302489,52.99864255,17.87497859,-99.16628949,6.5,3.0
2025-02-03 03:45:00,255.6193621913643,59.14734361,33.77078168,65.49245366,0.0,286.1267433,0.370302084,286.1267433,55.57750252,18.64146662,-100.4357802,6.5,3.0
2025-02-03 04:00:00,305.60427410888866,64.38584286,31.21101823,47.83656066,0.0,287.6235145,0.36382515,287.6235145,52.87874853,18.18255136,-100.7053715,6.5,3.0
2025-02-03 04:15:00,321.5816215336182,64.6885385,29.85869119,68.98099646,0.0,274.8178795,0.353956347,274.8178795,64.59750757,17.72860512,-97.61660237,6.5,3.0
2025-02-03 04:30:00,333.4970767954165,62.2673135,34.10322867,58.63625586,0.0,295.3223949,0.359393405,295.3223949,52.50313464,26.73169348,-106.9788326,6.5,3.0
2025-02-03 04:45:00,322.45702756207675,54.74036514,21.62641656,89.98883516,0.0,281.8750368,0.363891867,281.8750368,45.64132186,20.6095429,-99.14423612,6.5,3.0
2025-02-03 05:00:00,271.6134320269993,65.6371268,24.91795473,68.94802969,0.0,273.0114816,0.369091925,273.0114816,54.33118316,14.0387506,-94.02333512,6.5,3.0
2025-02-03 05:15:00,270.633864497879,61.41474316,23.56235965,62.05507065,0.0,283.7018623,0.36404911,283.7018623,58.08077683,21.54692256,-102.2783367,6.5,3.0
2025-02-03 05:30:00,290.1657116033775,60.76302234,24.47658999,62.20976353,0.0,279.4318521,0.372001413,279.4318521,55.98657745,22.96201948,-100.790542,6.5,3.0
2025-02-03 05:45:00,288.1969918717441,62.84070488,25.94239158,56.23059324,0.0,294.9274077,0.370070953,294.9274077,54.61869492,17.215684,-102.0519339,6.5,3.0
2025-02-03 06:00:00,388.8424329304541,66.49052869,24.78409721,59.0423055,0.0,284.8427091,0.362464571,284.8427091,61.7477488,21.66958869,-102.5928303,6.5,3.0
2025-02-03 06:15:00,396.04375723243254,57.07754742,29.78996466,79.54298324,0.0,255.0811511,0.372960612,255.0811511,52.48833027,29.04990449,-95.93110822,6.5,3.0
2025-02-03 06:30:00,414.20568059704385,57.2448615,33.19640512,79.58544754,0.0,270.7362319,0.370270545,270.7362319,47.90516118,23.98520547,-97.3475387,6.5,3.0
2025-02-03 06:45:00,413.2481292400696,64.9686531,27.194079,49.11823818,0.0,305.9178062,0.384893062,305.9178062,56.54368247,17.18266835,-105.8612635,6.5,3.0
2025-02-03 07:00:00,380.35555011526964,55.48167291,22.51472421,64.57318103,185.6396931526112,273.9028106,0.386996261,273.9028106,45.4777274,11.31248048,-91.97145713,6.5,3.0
2025-02-03 07:15:00,393.8494486995068,61.01322026,32.73351078,73.08751976,193.4089298368606,285.1388678,0.387811074,285.1388678,53.40012668,28.98059689,-105.053266,6.5,3.0
2025-02-03 07:30:00,383.63534273709666,54.1271798,22.00773893,83.84709503,180.36461677328418,259.2261878,0.383402558,259.2261878,49.76798963,18.46498858,-92.09447314,6.5,3.0
2025-02-03 07:45:00,359.7196584481269,62.75645418,22.76690048,90.82338638,191.90676023724404,250.215442,0.386196627,250.215442,52.98378178,16.25302759,-88.19538644,6.5,3.0
2025-02-03 08:00:00,456.72630596197035,68.49451723,24.68831929,54.44875695,411.97451251199806,291.6764632,0.377331249,291.6764632,55.4755076,19.95407019,-102.4125502,6.5,3.0
2025-02-03 08:15:00,478.59977759572826,65.63233643,34.28085708,54.90465315,409.8546312467029,291.4408298,0.389219533,291.4408298,58.79606431,20.00085065,-103.5325575,6.5,3.0
2025-02-03 08:30:00,466.0065868861622,52.2179984,24.48774745,66.72080597,400.1939720864679,281.3476156,0.385997721,281.3476156,46.96289804,18.49472112,-98.56607949,6.5,3.0
2025-02-03 08:45:00,490.1173295561391,67.38131511,34.45910698,59.54021478,417.11688415483127,284.7690389,0.382770332,284.7690389,58.20033538,27.13306539,-105.2337876,6.5,3.0
2025-02-03 09:00:00,406.62553118835524,68.78355878,25.34142734,72.69311435,457.6289538478179,278.9183413,0.371188393,278.9183413,63.60872376,25.24105016,-102.9605578,6.5,3.0
2025-02-03 09:15:00,419.12628504165656,52.21033181,20.86943725,46.9656975,497.5862309642868,284.5766039,0.351111039,284.5766039,51.78765532,14.81841916,-97.44598319,6.5,3.0
2025-02-03 09:30:00,427.3829020723952,64.20997469,23.90476826,45.44257873,493.59784269420857,292.4088914,0.355791298,292.4088914,62.26994503,14.14494983,-100.8086352,6.5,3.0
2025-02-03 09:45:00,387.2652816975931,68.15512887,17.56138327,64.6147153,453.6369724936867,280.8185423,0.337009239,280.8185423,54.53429893,15.73325907,-97.8629032,6.5,3.0
2025-02-03 10:00:00,326.2252983328116,58.51290087,29.24750395,51.92576956,593.6213509179706,296.9855385,0.330645638,296.9855385,52.70504907,27.40132779,-107.7615284,6.5,3.0
2025-02-03 10:15:00,317.4698915464405,52.74311426,29.16661121,73.00048788,569.5863746287479,278.8531798,0.328751423,278.8531798,44.71360206,24.00847418,-99.42460408,6.5,3.0
2025-02-03 10:30:00,321.11207318901086,64.09983032,17.40833645,57.50632952,579.541368523608,285.5490131,0.317045118,285.5490131,56.52712245,9.727384378,-96.16554611,6.5,3.0
2025-02-03 10:45:00,355.4027369317371,58.5920099,30.93008545,62.53133032,553.6809059296734,283.5504714,0.305686668,283.5504714,57.36390639,17.1367088,-98.90534646,6.5,3.0
2025-02-03 11:00:00,272.59434593871447,56.31702254,33.54729661,64.28681582,512.0468486226048,275.9285693,0.299740592,275.9285693,45.09710012,17.07436696,-95.84554265,6.5,3.0
2025-02-03 11:15:00,278.17763031334107,61.49124983,29.90829635,78.55708564,479.71833103747053,264.8912403,0.295488643,264.8912403,59.33028932,22.6670955,-97.25441543,6.5,3.0
2025-02-03 11:30:00,271.5158443211127,64.54998781,18.83279989,47.08530861,489.51459483687984,307.3380011,0.292273882,307.3380011,56.32171685,16.36072796,-106.118481,6.5,3.0
2025-02-03 11:45:00,301.49217942683174,54.94274505,21.84067049,74.68871687,496.1702255030448,275.73594,0.281621663,275.73594,44.07406494,15.55469601,-94.61719052,6.5,3.0
2025-02-03 12:00:00,302.74525160244525,63.64568978,20.38112932,49.20944965,615.4239744017582,298.4972723,0.282977752,298.4972723,62.45452296,11.11201782,-101.1037214,6.5,3.0
2025-02-03 12:15:00,296.40652125477175,63.06627011,19.45340278,66.32750015,600.7931732635277,270.7768917,0.268300492,270.7768917,59.52557571,15.38381195,-94.66795864,6.5,3.0
2025-02-03 12:30:00,289.92395825500967,61.41267246,22.60420657,68.31352871,587.4346057321857,274.0154085,0.275767491,274.0154085,58.07244606,17.31435724,-96.11729693,6.5,3.0
2025-02-03 12:45:00,267.0942688877734,63.56246368,19.49517274,68.01546666,602.1682466025286,285.5945947,0.287313768,285.5945947,58.29271221,10.19902236,-96.51136084,6.5,3.0
2025-02-03 13:00:00,275.30258628887805,54.48882095,30.54521499,57.43343959,584.0560846174841,295.0018612,0.279903396,295.0018612,50.83957822,23.44480853,-104.6646901,6.5,3.0
2025-02-03 13:15:00,275.2858421032989,66.76683679,22.37199245,62.82945856,582.6946344414346,272.7456024,0.289338421,272.7456024,61.84069824,20.04662907,-97.52675962,6.5,3.0
2025-02-03 13:30:00,279.80656569319365,58.36580301,33.05764508,63.63658754,567.3681641984026,276.4315693,0.309916522,276.4315693,55.47986005,30.1521916,-104.8797629,6.5,3.0
2025-02-03 13:45:00,257.8450059146295,51.26446927,28.10044825,79.29704424,513.9411167426788,271.6876957,0.320647347,271.6876957,42.25776774,16.15577214,-93.29105807,6.5,3.0
2025-02-03 14:00:00,296.0100345495608,54.03604751,25.17251044,49.26648286,499.6620213968029,287.3830588,0.321393752,287.3830588,52.02861292,24.46007017,-102.5976102,6.5,3.0
2025-02-03 14:15:00,296.30757232737557,58.46081766,17.63538528,57.79378428,477.06674511645355,292.0137506,0.320646522,292.0137506,53.95418674,11.41273554,-98.72198201,6.5,3.0
2025-02-03 14:30:00,290.5516145368205,58.67240006,24.64493392,60.19551662,512.2519436775809,274.1823465,0.305209412,274.1823465,50.85727797,12.82483325,-93.74919396,6.5,3.0
2025-02-03 14:45:00,266.080778586243,59.85420666,29.68398753,61.07510752,489.50928980916274,287.688345,0.302234253,287.688345,50.36611047,22.65957347,-102.4896152,6.5,3.0
2025-02-03 15:00:00,265.9007462526584,55.22409293,25.96812804,63.02557584,585.7698909423027,276.4779936,0.312437114,276.4779936,53.54610646,22.4100825,-99.84960171,6.5,3.0
2025-02-03 15:15:00,276.42533645721824,66.73839443,28.48076682,56.26711823,545.9246017907561,289.693767,0.314264714,289.693767,54.87454825,16.44482994,-100.6682216,6.5,3.0
2025-02-03 15:30:00,266.4592933041035,56.26621192,27.88986471,59.86617257,555.2486824846208,284.1104203,0.312148478,284.1104203,47.90489824,15.87142641,-97.66836778,6.5,3.0
2025-02-03 15:45:00,248.78462398601982,63.2356452,21.24263833,45.29477962,604.8468247823205,293.4864964,0.301383197,293.4864964,52.65843304,12.10030164,-99.32396418,6.5,3.0
2025-02-03 16:00:00,370.0632420430091,69.02457974,18.35649691,81.40744809,370.9631625732934,264.4270019,0.308440693,264.4270019,59.74232215,10.37654751,-90.11250601,6.5,3.0
2025-02-03 16:15:00,380.1731482340933,64.48449621,30.57610549,65.65416722,391.237832832075,285.6541351,0.314348457,285.6541351,57.62070086,16.81597532,-99.62425857,6.5,3.0
2025-02-03 16:30:00,389.972280092414,62.69138304,30.89690536,60.16797462,363.618919588656,285.7426996,0.329661838,285.7426996,58.11663965,21.77836133,-102.8372184,6.5,3.0
2025-02-03 16:45:00,360.9413296304838,67.60789937,32.91866943,71.80114448,401.7300850059755,265.7961901,0.335610505,265.7961901,59.30883972,18.6305683,-95.4846352,6.5,3.0
2025-02-03 17:00:00,485.31872083241404,58.1513218,24.6847251,61.02629645,214.62505038534303,280.621336,0.33150509,280.621336,52.28360317,16.04256294,-97.15512804,9.0,3.0
2025-02-03 17:15:00,446.87036875713477,63.26483601,18.50882484,67.34408765,218.08308105648035,281.4312964,0.330612629,281.4312964,58.67268513,16.42915102,-99.02833318,9.0,3.0
2025-02-03 17:30:00,465.0487612902094,66.96228737,21.6930257,66.48257185,234.30478592289916,281.2574544,0.336729083,281.2574544,57.81324598,17.23127376,-98.56363873,9.0,3.0
2025-02-03 17:45:00,481.7821491202417,56.16523825,31.12184571,63.11841011,233.73708263527737,272.7786412,0.337961923,272.7786412,47.10827763,26.59956997,-99.57855777,9.0,3.0
2025-02-03 18:00:00,476.81536708173775,53.41013883,27.43559613,61.26713899,0.0,283.5897443,0.354368814,283.5897443,51.2574224,23.38438789,-101.4544249,9.0,3.0
2025-02-03 18:15:00,477.75933398233025,64.55047292,19.55178444,44.84146833,0.0,296.2856006,0.34670472,296.2856006,64.14071975,17.40253351,-103.7479001,9.0,3.0
2025-02-03 18:30:00,482.1509616968915,58.18224642,17.9943978,64.0928562,0.0,276.6337243,0.355873883,276.6337243,49.16275913,10.99348229,-93.33188131,9.0,3.0
2025-02-03 18:45:00,412.6243372390404,52.01658045,26.61650654,62.27252799,0.0,276.5722646,0.343361895,276.5722646,49.65388499,22.57766208,-100.1275753,9.0,3.0
2025-02-03 19:00:00,489.9364389515015,50.95107057,31.44976626,59.40051493,0.0,271.5700624,0.339428558,271.5700624,43.69742175,29.84018319,-99.20465553,9.0,3.0
2025-02-03 19:15:00,453.97210117151093,58.08735509,22.11349849,86.21157076,0.0,250.3462613,0.33092338,250.3462613,51.15572273,16.69036021,-88.00442501,9.0,3.0
2025-02-03 19:30:00,456.7260088875186,64.17827718,24.21657332,59.1020291,0.0,287.6577562,0.33796542,287.6577562,51.77045354,15.4484223,-99.09828527,9.0,3.0
2025-02-03 19:45:00,503.98545098946875,60.91051504,23.90635101,81.06118435,0.0,268.0127909,0.351663453,268.0127909,57.30627061,14.77647975,-93.44959337,9.0,3.0
2025-02-03 20:00:00,455.23323544810074,57.23579514,30.88113249,48.47085896,0.0,294.3656037,0.347510024,294.3656037,56.36549848,19.3979155,-103.072355,9.0,3.0
2025-02-03 20:15:00,453.04367028067065,67.22537039,32.02608809,66.6469312,0.0,279.325476,0.347827387,279.325476,63.19660159,29.63748453,-104.1868952,9.0,3.0
2025-02-03 20:30:00,462.18919020107273,67.76100152,33.06197597,62.90643122,0.0,274.7745747,0.340997592,274.7745747,65.39524171,23.76874869,-101.4264259,9.0,3.0
2025-02-03 20:45:00,467.24390407015585,53.39482857,27.4886369,68.89148402,0.0,279.84422,0.332212298,279.84422,48.63036117,14.27577637,-95.91476686,9.0,3.0
2025-02-03 21:00:00,315.1913954812078,53.80564955,33.87944152,57.96227648,0.0,278.0682295,0.327303092,278.0682295,46.35492159,32.91151729,-103.7634739,9.0,3.0
2025-02-03 21:15:00,303.3568965286701,59.37674588,30.90999994,49.03579425,0.0,303.4082398,0.314514354,303.4082398,58.27897947,17.90777806,-105.7514435,9.0,3.0
2025-02-03 21:30:00,295.3574914601434,55.80980657,28.09283395,66.8557937,0.0,279.5112401,0.310083822,279.5112401,49.8992906,25.92286392,-101.5331354,9.0,3.0
2025-02-03 21:45:00,324.6642165299786,66.92874443,27.66933914,69.11069689,0.0,263.7671409,0.308794683,263.7671409,62.39220886,21.61341433,-96.39644988,9.0,3.0
2025-02-03 22:00:00,330.0820377510421,53.25854001,23.89939392,49.10459523,0.0,297.1076654,0.306444971,297.1076654,42.6802301,15.18400834,-100.3504492,6.5,3.0
2025-02-03 22:15:00,310.1252534324486,63.17940127,29.44961493,53.65827523,0.0,289.6995248,0.290624863,289.6995248,51.67295043,24.58416445,-103.9365302,6.5,3.0
2025-02-03 22:30:00,335.20015275955654,54.26081209,29.15916396,65.17691119,0.0,288.8143644,0.282453345,288.8143644,53.25334476,23.80715219,-103.4408515,6.5,3.0
2025-02-03 22:45:00,312.7825560569528,60.7532005,23.5043423,58.01206073,0.0,287.27855,0.268146102,287.27855,50.00235354,22.08951736,-101.3678162,6.5,3.0
2025-02-03 23:00:00,303.3078020371884,68.83788433,27.40682857,42.23503097,0.0,306.6851743,0.275678852,306.6851743,59.92187807,23.99508976,-109.2345718,6.5,3.0
2025-02-03 23:15:00,312.7542326028689,60.57941009,19.38657487,58.58882618,0.0,284.3798832,0.262768362,284.3798832,53.28861513,12.69975012,-96.42511283,6.5,3.0
2025-02-03 23:30:00,301.7434055430455,52.81857875,21.87635306,77.52369168,0.0,256.4856859,0.265028857,256.4856859,52.81200539,12.31922809,-88.19801283,6.5,3.0
2025-02-03 23:45:00,298.744559816897,60.76061956,24.46282724,51.97202082,0.0,289.7985643,0.255281659,289.7985643,52.27303932,23.5548221,-103.6370112,6.5,3.0
2025-02-04 00:00:00,326.96855551699275,59.86374168,19.16532656,56.38334429,0.0,288.6760415,0.268875348,288.6760415,49.26681224,12.19169078,-98.00094388,6.5,3.0
2025-02-04 00:15:00,303.2177840166007,58.17619648,29.03472315,43.50833437,0.0,302.02935,0.258846951,302.02935,52.37061229,15.13459153,-103.8763385,6.5,3.0
2025-02-04 00:30:00,311.3257314041744,63.52352186,24.00268569,46.14140757,0.0,287.3899129,0.265719691,287.3899129,50.89909043,22.01161795,-101.7931422,6.5,3.0
2025-02-04 00:45:00,333.84792906223197,63.54871966,30.02397979,69.48703066,0.0,269.0128865,0.279875069,269.0128865,58.02460059,28.90420242,-100.3291464,6.5,3.0
2025-02-04 01:00:00,318.8288182111314,52.85641472,28.02171316,62.0045022,0.0,287.6869356,0.266914347,287.6869356,45.80600524,23.34332684,-102.1728055,6.5,3.0
2025-02-04 01:15:00,327.8687828205605,58.74248908,27.35228835,61.61861574,0.0,280.3772449,0.261939279,280.3772449,58.32029121,20.36387996,-99.89193152,6.5,3.0
2025-02-04 01:30:00,328.4544601657696,66.07115654,18.3719549,56.8001466,0.0,285.075354,0.25976606,285.075354,59.80787077,14.83208673,-98.28569035,6.5,3.0
2025-02-04 01:45:00,320.10793880253846,56.94065237,28.66100399,71.8661777,0.0,258.001536,0.252228858,258.001536,47.28197575,23.55673237,-93.74080006,6.5,3.0
2025-02-04 02:00:00,276.0034331722815,56.01043217,16.96032092,56.60269554,0.0,286.8013134,0.250899909,286.8013134,53.89668441,11.07315815,-96.67973649,6.5,3.0
2025-02-04 02:15:00,265.40970071755675,58.81137857,26.10151057,74.90274438,0.0,260.53527,0.223187608,260.53527,50.28147579,24.94942741,-95.04862837,6.5,3.0
2025-02-04 02:30:00,262.76530020846,50.76621314,29.04102921,55.17938582,0.0,284.1082349,0.212683806,284.1082349,43.32920302,26.95631193,-103.5881667,6.5,3.0
2025-02-04 02:45:00,301.44156590170155,66.18581961,24.80209117,54.22521127,0.0,289.8401704,0.219033187,289.8401704,53.36595681,24.51997961,-104.4640725,6.5,3.0
2025-02-04 03:00:00,289.2132939451763,54.60735876,28.35098421,61.1503179,0.0,284.2515293,0.238038686,284.2515293,48.65487275,23.96337559,-101.8962878,6.5,3.0
2025-02-04 03:15:00,293.1978434124329,58.55664452,17.88526757,59.87959315,0.0,280.9884557,0.238273572,280.9884557,55.46559074,16.85792183,-97.66930934,6.5,3.0
2025-02-04 03:30:00,302.69854480355525,67.52439554,25.87088256,61.24978166,0.0,289.7299507,0.233784508,289.7299507,61.38763788,21.27325531,-102.6794371,6.5,3.0
2025-02-04 03:45:00,306.3603178388355,54.12619698,19.24224987,83.42760697,0.0,243.2053873,0.226752776,243.2053873,45.20174494,12.23048959,-83.415698,6.5,3.0
2025-02-04 04:00:00,299.35985427641197,65.50260939,26.33316433,80.84019863,0.0,260.5710267,0.245357482,260.5710267,59.31965065,15.51638374,-91.62464158,6.5,3.0
2025-02-04 04:15:00,280.12276303533895,55.47331035,17.8226733,71.59312191,0.0,272.3774918,0.256619241,272.3774918,50.911069,12.7652408,-93.01849408,6.5,3.0
2025-02-04 04:30:00,295.54920809058984,61.38013512,26.35690157,73.87556265,0.0,263.4463647,0.249398839,263.4463647,52.38979128,23.39839357,-96.50269409,6.5,3.0
2025-02-04 04:45:00,267.14817459765936,53.10342822,28.21363216,68.89484537,0.0,269.5922467,0.230276339,269.5922467,46.95005606,20.43367371,-95.09408438,6.5,3.0
2025-02-04 05:00:00,336.2516703474215,57.73949851,21.29761971,68.95972468,0.0,285.7498359,0.241486565,285.7498359,51.6739764,20.20285412,-101.1794036,6.5,3.0
2025-02-04 05:15:00,311.07658396061856,65.49753647,22.05423723,39.0031093,0.0,294.6480986,0.243959074,294.6480986,65.03925483,12.02162596,-100.5273622,6.5,3.0
2025-02-04 05:30:00,310.7165172799343,55.65314422,31.94285602,63.9899568,0.0,278.0577167,0.244581021,278.0577167,53.52311892,24.27306774,-100.8132734,6.5,3.0
2025-02-04 05:45:00,337.9452284120257,60.55148995,30.42578331,69.81523924,0.0,270.4278077,0.249887411,270.4278077,58.94646052,27.80734794,-99.8833417,6.5,3.0
2025-02-04 06:00:00,401.14932107043387,60.94991859,17.47590586,63.33259574,0.0,286.3637659,0.256311998,286.3637659,53.87648107,14.59528554,-98.29545616,6.5,3.0
2025-02-04 06:15:00,374.8380952629201,65.02389098,20.370662,59.57684552,0.0,275.8517973,0.243116462,275.8517973,57.56974944,13.19930206,-94.88295005,6.5,3.0
2025-02-04 06:30:00,395.44166664692233,55.49485902,17.92751274,47.35388276,0.0,289.1059262,0.234677352,289.1059262,51.7601656,17.23084039,-100.7019068,6.5,3.0
2025-02-04 06:45:00,375.47091701972386,67.35756257,23.55773545,67.50737669,0.0,272.0401196,0.236098183,272.0401196,65.58607847,16.56752518,-96.33773283,6.5,3.0
2025-02-04 07:00:00,401.50053145397493,57.69669354,24.69108366,63.95645058,201.27176671766708,271.4402834,0.239035768,271.4402834,48.88811205,20.88516694,-96.64316709,6.5,3.0
2025-02-04 07:15:00,419.0547902503384,57.0021395,22.10760736,39.69055518,192.21905295649094,303.5071444,0.240474981,303.5071444,51.76767728,14.39344098,-103.3743345,6.5,3.0
2025-02-04 07:30:00,421.95879651924804,55.41657644,26.63583788,71.9766218,205.1503908257412,266.9591569,0.23395345,266.9591569,46.0143979,14.54419575,-91.07149392,6.5,3.0
2025-02-04 07:45:00,399.5158817764386,61.72933477,28.33297941,42.62647878,204.86878950010077,291.273976,0.231067082,291.273976,54.70365903,25.8654582,-104.5823622,6.5,3.0
2025-02-04 08:00:00,476.05414111586765,59.40416336,17.94956191,65.55252438,342.41855932313916,266.9052443,0.227722123,266.9052443,55.45872551,17.2277529,-93.67611596,6.5,3.0
2025-02-04 08:15:00,485.12622626834235,51.03620483,20.23481179,62.30371427,349.7954386354841,271.7471612,0.228788252,271.7471612,42.82167018,10.31704694,-91.16544932,6.5,3.0
2025-02-04 08:30:00,506.2422564483458,66.79781122,21.05877342,59.92859624,358.62748818645105,279.4710252,0.250433526,279.4710252,61.66496494,14.8833115,-96.90896722,6.5,3.0
2025-02-04 08:45:00,522.5673761674441,67.0798905,21.80961174,63.97167932,382.93851385492576,276.1794719,0.244851003,276.1794719,57.28853003,11.9736862,-94.08797577,6.5,3.0
2025-02-04 09:00:00,410.66983230115716,57.56677484,23.41203573,55.52485508,535.4699684717583,277.9226994,0.245199469,277.9226994,56.39921589,20.90395436,-99.3717836,6.5,3.0
2025-02-04 09:15:00,413.0401366937348,54.67581389,18.39877713,68.9251725,494.83639566623685,264.2014441,0.24197838,264.2014441,53.02206491,10.27219846,-89.64149565,6.5,3.0
2025-02-04 09:30:00,421.1303057716767,64.53995537,19.39784915,53.39691219,516.5500070200296,292.1509633,0.23819385,292.1509633,53.70133763,13.61917308,-99.27052282,6.5,3.0
2025-02-04 09:45:00,363.2397252334313,54.96448799,29.07669026,47.2006053,526.0036288419753,293.6484586,0.233275107,293.6484586,50.06928799,25.68350978,-106.2438048,6.5,3.0
2025-02-04 10:00:00,381.7896486170373,64.50105005,22.15765551,31.79647956,521.7028669868083,305.6473088,0.22365176,305.6473088,62.82499721,11.98930495,-103.5699616,6.5,3.0
2025-02-04 10:15:00,402.67483913692723,64.1577902,32.9067412,58.68265498,512.3739375660956,277.7888204,0.239013969,277.7888204,56.20766278,26.42611657,-101.3738622,6.5,3.0
2025-02-04 10:30:00,398.5614848638478,57.62434519,23.5520155,73.55821992,548.7021455746121,269.3981445,0.245363463,269.3981445,57.58811866,13.86964792,-92.85729373,6.5,3.0
2025-02-04 10:45:00,380.3640273821877,65.15828815,25.72062121,52.13724273,563.601049872484,286.570057,0.250221666,286.570057,57.58080111,14.53190897,-98.55383283,6.5,3.0
2025-02-04 11:00:00,260.4624520296705,57.22651377,29.65143078,62.19187347,442.9446588740802,267.3924493,0.252705992,267.3924493,47.62605102,19.75695489,-94.44365767,6.5,3.0
2025-02-04 11:15:00,249.38451396119788,55.41254735,27.78810432,44.50010044,449.11796555299566,295.4033844,0.257907261,295.4033844,52.72265935,25.09757237,-106.0576573,6.5,3.0
2025-02-04 11:30:00,261.3208468511261,65.56719348,28.48257951,65.98261914,423.55535696682665,268.8529407,0.254488379,268.8529407,64.13485355,21.07321463,-97.14813625,6.5,3.0
2025-02-04 11:45:00,272.86218715800555,67.86337868,25.28851908,67.73510636,463.0320186060976,278.4816007,0.255413283,278.4816007,55.53564193,15.16375718,-96.23217401,6.5,3.0
2025-02-04 12:00:00,275.2352510198248,62.60339876,26.17132987,63.29688706,518.9244674463646,278.2881736,0.257158166,278.2881736,51.82028226,17.52557835,-97.11688745,6.5,3.0
2025-02-04 12:15:00,269.08481180385706,55.84902055,21.69487593,66.19493485,505.7559304751364,263.8829821,0.25437146,263.8829821,50.46330757,14.63399877,-91.40097877,6.5,3.0
2025-02-04 12:30:00,280.50151762710254,56.5320593,26.76588477,53.95680432,519.929184138646,276.9789411,0.278157495,276.9789411,51.42573605,18.06770464,-96.31961873,6.5,3.0
2025-02-04 12:45:00,274.2984195492155,63.49710067,32.23159385,70.27532441,500.35041793985306,267.0889612,0.276537675,267.0889612,62.05235116,25.25529659,-98.81575051,6.5,3.0
2025-02-04 13:00:00,293.9234385814965,66.72069115,30.45425646,59.31703114,476.80981418402456,292.7876242,0.289555804,292.7876242,56.42099622,16.72097638,-101.3251203,6.5,3.0
2025-02-04 13:15:00,289.40817954703,59.65160411,31.82637276,61.85535289,485.98112289456174,277.9811576,0.289124128,277.9811576,48.8807818,26.6652336,-101.5379653,6.5,3.0
2025-02-04 13:30:00,302.8432274224472,63.7639394,33.22959723,64.62736916,469.69429299592883,288.1052944,0.297111671,288.1052944,58.64806313,19.90881066,-101.634562,6.5,3.0
2025-02-04 13:45:00,286.84515444902627,52.30866734,20.98781556,61.97564821,537.2247699254849,270.7509263,0.295898606,270.7509263,48.00356471,12.01850077,-91.99767986,6.5,3.0
2025-02-04 14:00:00,282.9791883636855,60.38020298,27.40716114,63.98144408,619.3165918534537,269.7171551,0.289224375,269.7171551,57.66453011,16.33280636,-94.7068086,6.5,3.0
2025-02-04 14:15:00,308.39449739757595,55.8619808,26.63643033,55.36238097,650.1185115562392,288.0263749,0.29717401,288.0263749,54.79350614,14.38317634,-98.99598676,6.5,3.0
2025-02-04 14:30:00,292.906032093675,67.6855144,28.346546,62.1734877,650.723749785641,278.7216851,0.303804841,278.7216851,65.55973785,20.93603495,-100.338403,6.5,3.0
2025-02-04 14:45:00,304.7502821450636,56.43678139,20.79888004,50.50877948,642.4711468046662,275.2958226,0.297902763,275.2958226,50.34061134,20.68220096,-97.50730924,6.5,3.0
2025-02-04 15:00:00,268.78735698179855,59.69559882,24.32124551,65.67509667,424.38001470022016,277.5322038,0.306744836,277.5322038,54.58228673,13.36674173,-94.87750845,6.5,3.0
2025-02-04 15:15:00,266.2640898097581,65.19967365,30.90149264,71.67251079,410.0611301698118,275.4259586,0.29823718,275.4259586,52.83992751,25.13111026,-99.46951842,6.5,3.0
2025-02-04 15:30:00,256.4720639115671,61.85033851,28.29040359,59.11568158,436.582945414076,274.8178115,0.276702824,274.8178115,52.97230353,18.42088046,-95.76492105,6.5,3.0
2025-02-04 15:45:00,259.99648929687623,52.75086349,19.96373708,58.94160482,427.4159097158922,281.3701841,0.287144822,281.3701841,52.72197691,11.13854117,-94.88625658,6.5,3.0
2025-02-04 16:00:00,421.73574148514604,55.35916922,20.57721052,49.92347569,367.4029117702953,291.5013589,0.291138669,291.5013589,51.69387425,16.87500786,-100.3089076,6.5,3.0
2025-02-04 16:15:00,408.8380190913798,54.35270367,24.02489435,66.44421751,377.0608451478589,275.6152741,0.285938963,275.6152741,52.52557207,12.49270576,-93.63212089,6.5,3.0
2025-02-04 16:30:00,398.31549463405025,61.0438313,23.15535726,63.91359425,377.1698077507233,272.9579027,0.289506886,272.9579027,52.5904489,18.48280997,-95.80737091,6.5,3.0
2025-02-04 16:45:00,425.39074478942393,52.69525435,19.10338239,60.45313454,388.78643533112245,285.2667641,0.27854145,285.2667641,50.36870695,9.620429235,-95.15292815,6.5,3.0
2025-02-04 17:00:00,478.640714359178,68.48198455,20.68156617,60.59443208,190.04592895887802,280.7504735,0.260249928,280.7504735,58.41100273,17.1359834,-97.94826847,9.0,3.0
2025-02-04 17:15:00,503.94023963075506,59.36241491,29.21293177,64.4298494,199.06320831818877,269.0297365,0.266456934,269.0297365,52.03044112,23.01323008,-96.99992294,9.0,3.0
2025-02-04 17:30:00,512.3807680263042,53.83644853,19.04498028,61.1596413,199.40628079866548,285.757308,0.256163987,285.757308,52.98988128,15.52692934,-97.86642154,9.0,3.0
2025-02-04 17:45:00,460.8882779837627,59.86820253,33.44617883,67.62438347,187.12458192426777,260.4585676,0.267757962,260.4585676,52.69398924,29.26335429,-96.98256973,9.0,3.0
2025-02-04 18:00:00,461.430296294985,57.92116022,21.09043273,48.27469473,0.0,291.5482341,0.270640946,291.5482341,56.06496254,12.48378588,-99.59033862,9.0,3.0
2025-02-04 18:15:00,464.6020434345016,65.80438662,28.18810274,31.03179106,0.0,303.8504003,0.264769468,303.8504003,58.26692352,25.09338669,-108.2851435,9.0,3.0
2025-02-04 18:30:00,453.2869980975228,65.49497015,33.03147863,38.99685919,0.0,289.3889915,0.255242465,289.3889915,63.0397208,16.87129775,-101.2365492,9.0,3.0
2025-02-04 18:45:00,426.1206621729907,60.21423742,18.97733484,60.64952153,0.0,282.9316623,0.248659816,282.9316623,51.75106165,15.20576506,-96.40677576,9.0,3.0
2025-02-04 19:00:00,501.0162260456251,61.94354015,18.9097751,45.90410606,0.0,292.2620192,0.244556886,292.2620192,58.92815153,16.04022531,-100.6030739,9.0,3.0
2025-02-04 19:15:00,497.1321402457431,59.44527868,27.55217986,46.79982915,0.0,282.8796357,0.246148839,282.8796357,53.46359369,19.9506393,-99.49021059,9.0,3.0
2025-02-04 19:30:00,459.4856748103108,56.43581908,25.57718731,67.00291845,0.0,273.3375134,0.236372494,273.3375134,47.0969321,21.08300898,-96.57410687,9.0,3.0
2025-02-04 19:45:00,469.47595889832087,64.24819189,18.48565055,79.34808404,0.0,255.4408918,0.243621926,255.4408918,58.94710218,13.35057237,-88.91141689,9.0,3.0
2025-02-04 20:00:00,486.36997377016,61.58259716,22.57335694,48.13912089,0.0,290.3094295,0.223408361,290.3094295,58.41507328,20.94831422,-103.0498986,9.0,3.0
2025-02-04 20:15:00,500.77088126536484,50.44651806,22.87963356,58.45953589,0.0,282.8519655,0.218398099,282.8519655,49.14911701,20.75019417,-99.31092415,9.0,3.0
2025-02-04 20:30:00,492.4413889194371,61.75980751,31.13681388,57.58831955,0.0,269.4031021,0.190039096,269.4031021,54.07540585,21.85928296,-96.54498188,9.0,3.0
2025-02-04 20:45:00,469.21775604503796,66.3344944,17.54321445,56.96120173,0.0,286.7032735,0.191482163,286.7032735,62.4523966,10.2702934,-96.8599975,9.0,3.0
2025-02-04 21:00:00,302.2030187510571,57.79402719,22.14770516,53.34870096,0.0,269.7310224,0.204768698,269.7310224,53.78667697,14.82537105,-92.73642907,9.0,3.0
2025-02-04 21:15:00,287.58635518637493,62.00842273,22.90875017,60.61176633,0.0,275.0415616,0.206965902,275.0415616,59.36453529,16.8961915,-96.21011925,9.0,3.0
2025-02-04 21:30:00,281.32794675725603,62.06189982,23.24081415,45.22532579,0.0,293.0415736,0.201512767,293.0415736,55.07897348,14.07953752,-100.6325428,9.0,3.0
2025-02-04 21:45:00,288.362679305312,61.99838218,20.81556123,55.57806632,0.0,278.0592663,0.1921976,278.0592663,54.80468805,12.41911168,-94.95720348,9.0,3.0
2025-02-04 22:00:00,274.51399835724294,65.41001958,32.9391815,60.33245321,0.0,259.0963991,0.177921557,259.0963991,52.89040319,25.23157456,-95.1157553,6.5,3.0
2025-02-04 22:15:00,298.22078300497236,52.65408668,24.90053505,73.10875043,0.0,259.9734004,0.197546184,259.9734004,45.12267988,23.93057319,-92.63117143,6.5,3.0
2025-02-04 22:30:00,296.8048164155937,66.95349857,30.40495695,44.69790243,0.0,308.8977728,0.174908151,308.8977728,57.05514096,29.50907098,-111.9437391,6.5,3.0
2025-02-04 22:45:00,273.300402222191,55.18083411,20.55180474,52.92303103,0.0,283.8387087,0.149222252,283.8387087,50.07273971,16.22658246,-97.71369487,6.5,3.0
2025-02-04 23:00:00,290.97959228043106,52.78921994,29.69345561,52.0288133,0.0,280.1881883,0.155703363,280.1881883,52.66989784,29.55702198,-103.1129022,6.5,3.0
2025-02-04 23:15:00,294.0806313048599,63.87126771,18.21062922,54.10797082,0.0,279.8086644,0.152440463,279.8086644,59.84102653,13.21782843,-96.07427178,6.5,3.0
2025-02-04 23:30:00,286.5500711823741,60.97159804,28.47537648,64.14718703,0.0,275.5945395,0.154733237,275.5945395,52.18072777,19.02603885,-97.12205505,6.5,3.0
2025-02-04 23:45:00,263.2497052323349,59.64806659,27.40749585,61.99981288,0.0,276.8244947,0.160293804,276.8244947,57.15468577,17.11431468,-96.96675196,6.5,3.0
2025-02-05 00:00:00,293.350457410165,57.42737706,23.44768684,72.56610844,0.0,260.9442291,0.152422323,260.9442291,53.88862899,12.36097025,-89.15030248,6.5,3.0
2025-02-05 00:15:00,299.6331999283015,59.57100538,31.67329791,57.32745005,0.0,269.8358995,0.14941081,269.8358995,51.51625499,30.3709175,-100.6091957,6.5,3.0
2025-02-05 00:30:00,302.6744618549889,61.03847816,34.4107971,68.58968194,0.0,277.0785649,0.145763003,277.0785649,52.94126912,31.62258858,-102.6803509,6.5,3.0
2025-02-05 00:45:00,296.47188080654473,67.40675154,19.28053599,61.55845941,0.0,272.2291142,0.135105493,272.2291142,60.18099264,16.80694395,-95.39528581,6.5,3.0
2025-02-05 01:00:00,252.5396572548536,60.37564514,32.73194026,61.22228919,0.0,268.7522803,0.132298347,268.7522803,49.35797034,25.79379462,-97.82997845,6.5,3.0
2025-02-05 01:15:00,264.50607018127,56.3337369,33.69970036,66.98882035,0.0,266.7845688,0.130228991,266.7845688,45.33285226,20.68684905,-94.13962106,6.5,3.0
2025-02-05 01:30:00,256.9013633316996,54.53001856,24.53111658,43.96228904,0.0,292.9820056,0.128699784,292.9820056,52.59700575,21.81694408,-103.9273707,6.5,3.0
2025-02-05 01:45:00,286.51290923217687,63.20642243,27.59055431,60.50051713,0.0,268.4081779,0.117294554,268.4081779,55.17538977,15.91432023,-93.66860701,6.5,3.0
2025-02-05 02:00:00,314.3133586294041,56.16667257,18.31482692,83.39523875,0.0,245.6642019,0.127296883,245.6642019,45.99356487,17.8072857,-87.26271431,6.5,3.0
2025-02-05 02:15:00,315.89381834887297,54.000515,22.08337982,76.44080268,0.0,253.8769679,0.12070261,253.8769679,52.48024829,17.4034808,-89.66868462,6.5,3.0
2025-02-05 02:30:00,326.0505913900388,63.18204151,17.24561529,82.27402934,0.0,260.8589467,0.120735986,260.8589467,54.40407763,11.63477617,-89.49942995,6.5,3.0
2025-02-05 02:45:00,310.1622316316842,57.96628704,21.0895803,52.59266644,0.0,277.0268856,0.108197028,277.0268856,52.31191448,12.05080495,-94.19079018,6.5,3.0
2025-02-05 03:00:00,309.8741490912889,64.73043031,18.66440319,61.14226247,0.0,272.5410856,0.105554683,272.5410856,58.92750796,14.15225394,-94.17881618,6.5,3.0
2025-02-05 03:15:00,305.0757271377465,59.5200903,32.84430272,61.06674166,0.0,261.5593665,0.09938533,261.5593665,55.78412612,18.43524993,-92.53830844,6.5,3.0
2025-02-05 03:30:00,324.191742342579,65.71945031,30.30276083,66.60344641,0.0,265.5891111,0.104028813,265.5891111,54.35350816,28.49433843,-98.72045791,6.5,3.0
2025-02-05 03:45:00,304.3883814283855,57.41923447,29.15711518,79.09186429,0.0,244.3498637,0.104469008,244.3498637,56.25598051,19.43291229,-88.19832201,6.5,3.0
2025-02-05 04:00:00,278.49324124974993,52.39293207,29.54336267,62.65044606,0.0,271.6921211,0.095972171,271.6921211,46.60999955,26.36109359,-97.6490776,6.5,3.0
2025-02-05 04:15:00,273.8370057497608,66.52094199,33.75859334,64.86805592,0.0,272.1368186,0.087586173,272.1368186,57.22880525,24.90796131,-99.39349914,6.5,3.0
2025-02-05 04:30:00,263.3754771154259,50.21383495,17.03605849,74.98251741,0.0,262.1051946,0.087276602,262.1051946,43.59427368,13.43530948,-89.49729509,6.5,3.0
2025-02-05 04:45:00,289.16427588506326,65.01645931,33.88344311,58.65444484,0.0,282.3817198,0.087268892,282.3817198,57.27224356,27.52005362,-103.1153032,6.5,3.0
2025-02-05 05:00:00,300.1165644760817,59.91362464,16.90950397,46.16751937,0.0,283.4366646,0.090552917,283.4366646,50.70504323,13.49891947,-96.30967756,6.5,3.0
2025-02-05 05:15:00,289.27146381969703,63.45289615,27.05663587,57.76342862,0.0,281.2201141,0.104435146,281.2201141,60.09751798,24.26525151,-100.9404654,6.5,3.0
2025-02-05 05:30:00,306.19663921276947,53.18137047,20.57528357,68.96900765,0.0,265.8560125,0.093875572,265.8560125,53.12282365,17.08170889,-93.00764831,6.5,3.0
2025-02-05 05:45:00,277.9953324914518,65.52493308,24.92101959,65.2186416,0.0,274.7121703,0.09328648,274.7121703,56.45232695,14.25006145,-94.48111691,6.5,3.0
2025-02-05 06:00:00,384.16118427667004,64.23837947,30.1708991,56.84235126,0.0,274.3371625,0.09078531,274.3371625,62.54412683,16.98466035,-96.87608846,6.5,3.0
2025-02-05 06:15:00,394.0831374770643,57.58469566,33.06720166,68.51079352,0.0,257.2047964,0.094821481,257.2047964,50.41814897,26.47335292,-94.62684072,6.5,3.0
2025-02-05 06:30:00,399.7412318667362,51.79919954,18.49520305,59.38798666,0.0,272.1767403,0.10082388,272.1767403,44.81820445,11.95317507,-91.77966589,6.5,3.0
2025-02-05 06:45:00,392.52444637952954,55.6130964,26.49075685,54.65090034,0.0,273.2137262,0.105371657,273.2137262,54.09826204,14.34158382,-93.9718238,6.5,3.0
2025-02-05 07:00:00,504.1578870662071,50.83393885,29.42067336,61.07441231,197.26124516189267,256.3316054,0.098014464,256.3316054,48.71920181,21.84124019,-92.1406685,6.5,3.0
2025-02-05 07:15:00,504.83320253034043,63.5311967,33.03571517,67.2799564,199.63986387836755,265.8552478,0.101813239,265.8552478,60.73552993,28.63324118,-100.3323171,6.5,3.0
2025-02-05 07:30:00,510.63165218418254,54.3618454,31.78305625,72.54445948,191.07863545196693,255.6673559,0.097889788,255.6673559,53.67090092,22.44263634,-92.53712965,6.5,3.0
2025-02-05 07:45:00,441.3272582192701,64.46428403,17.46246967,61.11359269,176.36025550777288,275.1617455,0.07853959,275.1617455,63.15740138,15.03973655,-96.07903721,6.5,3.0
2025-02-05 08:00:00,400.6539147479888,54.366309,25.01532903,50.78218117,243.16761029750847,283.3539002,0.080204272,283.3539002,51.17140382,13.17673088,-95.82869425,6.5,3.0
2025-02-05 08:15:00,383.308638033385,52.12989853,28.18195668,68.43128502,241.04792594492216,259.7526626,0.066283688,259.7526626,49.74175287,17.40117522,-90.98823409,6.5,3.0
2025-02-05 08:30:00,401.6781749407312,57.62683122,18.16802731,64.59729527,237.4279456465577,264.8141914,0.079877292,264.8141914,51.37005117,15.90105522,-91.93868039,6.5,3.0
2025-02-05 08:45:00,420.249272277895,62.11462752,28.73643796,49.12467792,211.77651811101157,287.1446115,0.090593548,287.1446115,57.40901944,22.32054859,-102.202153,6.5,3.0
2025-02-05 09:00:00,328.3599346999195,51.61254312,26.320094,77.07613924,475.634917640211,260.3241558,0.115735459,260.3241558,47.29651977,21.02320868,-92.59428512,6.5,3.0
2025-02-05 09:15:00,323.34342615086865,61.23396487,25.14716889,67.43096554,466.3313918209155,268.4480671,0.111197389,268.4480671,50.63818356,16.49267213,-93.91880172,6.5,3.0
2025-02-05 09:30:00,315.6420479039317,50.6723003,26.69390683,69.06015198,463.2477256982654,270.5130069,0.101713192,270.5130069,48.42456913,18.08020568,-94.55967982,6.5,3.0
2025-02-05 09:45:00,361.1745912452801,66.5721903,29.57785725,52.00187803,428.11596484060806,287.0339939,0.111361897,287.0339939,58.92899671,17.9495558,-100.683697,6.5,3.0
2025-02-05 10:00:00,351.6944244099052,61.69096119,29.40414656,37.51753555,639.366437799223,296.1229316,0.124779108,296.1229316,52.74710076,22.78080514,-105.7485157,6.5,3.0
2025-02-05 10:15:00,336.2742042041867,59.12241441,22.28520486,63.07767527,615.3811643388636,269.4181045,0.119422599,269.4181045,49.55984642,15.75774428,-92.40848685,6.5,3.0
2025-02-05 10:30:00,321.9200017700112,62.81507884,33.29318438,53.71970253,588.44595997671,279.3173807,0.120879561,279.3173807,57.24956527,22.73745044,-100.4017699,6.5,3.0
2025-02-05 10:45:00,343.13136961589703,56.89119315,19.3796521,83.03550269,599.6064378852034,250.8834617,0.109518404,250.8834617,53.69751391,12.99590971,-87.04256857,6.5,3.0
2025-02-05 11:00:00,285.45462297400724,62.38564781,19.42033755,62.85738609,434.104050782681,277.3674317,0.11624201,277.3674317,60.26227483,10.61274371,-93.95013366,6.5,3.0
2025-02-05 11:15:00,297.16821175236817,63.2110587,20.73225534,66.17002029,453.0309582241038,265.9465858,0.114635239,265.9465858,54.4834197,14.29550299,-91.84990288,6.5,3.0
2025-02-05 11:30:00,294.82278586447165,51.21808315,33.26000395,67.14316185,424.21086477706,264.3171993,0.100703823,264.3171993,43.68259544,28.88754859,-97.46365617,6.5,3.0
2025-02-05 11:45:00,277.43437940915305,55.33610334,26.30947921,54.9575569,457.2841262161553,277.5223199,0.098390682,277.5223199,50.50385339,14.97616332,-95.32016867,6.5,3.0
2025-02-05 12:00:00,274.0455268722643,51.12747382,31.84419524,57.02468098,484.1216380190138,270.8323298,0.104720472,270.8323298,43.95670595,27.85151709,-98.50186476,6.5,3.0
2025-02-05 12:15:00,290.11612111904145,62.07657652,23.02294123,62.95335769,511.46975123808784,269.9131675,0.099818055,269.9131675,55.94339696,12.86573831,-92.0943896,6.5,3.0
2025-02-05 12:30:00,294.6472292403235,53.45442341,21.59677271,71.33253405,486.8741175126011,259.8728285,0.091163277,259.8728285,45.40999431,13.84333341,-88.87429492,6.5,3.0
2025-02-05 12:45:00,268.8811227683709,65.88923016,18.42753267,58.15505368,552.5244932302974,289.5825311,0.093633405,289.5825311,55.03954418,10.79629378,-97.36818694,6.5,3.0
2025-02-05 13:00:00,285.6309979774859,55.12477604,32.88885948,49.77600027,582.3178868655107,293.2243309,0.099870881,293.2243309,47.22079771,18.25587598,-101.1158731,6.5,3.0
2025-02-05 13:15:00,283.16113908936774,61.1358313,24.23576302,56.63231022,584.5157985894048,267.9478649,0.096157528,267.9478649,61.08285308,17.22977788,-94.64584086,6.5,3.0
2025-02-05 13:30:00,277.75528820895016,57.45522754,29.33759952,69.48453085,615.5770159827789,258.6129808,0.113321695,258.6129808,46.85189177,24.68432754,-94.44297811,6.5,3.0
2025-02-05 13:45:00,242.93257472419623,60.00394549,31.18663594,43.00783452,608.6292985623056,291.3123132,0.105423243,291.3123132,57.64993236,20.5827163,-103.0151365,6.5,3.0
2025-02-05 14:00:00,256.01344650784574,57.12372004,25.59883657,60.92574542,550.0265167697643,266.4099026,0.118042245,266.4099026,51.67065919,25.17243764,-97.04489862,6.5,3.0
2025-02-05 14:15:00,264.2599340720701,57.8550764,18.47957561,59.94940933,537.7982821922586,257.2435162,0.125440526,257.2435162,51.84137601,11.84130481,-87.94870668,6.5,3.0
2025-02-05 14:30:00,256.14483922940985,59.77196143,31.55991916,60.3592554,551.8448083530294,276.9200683,0.11813737,276.9200683,53.63975092,29.72210092,-102.0754455,6.5,3.0
2025-02-05 14:45:00,257.52178019067435,61.18563812,22.54086342,64.29553475,556.6003926849476,266.2304232,0.130677927,266.2304232,55.56790947,18.62915653,-94.55345443,6.5,3.0
2025-02-05 15:00:00,257.25033147903923,63.85883454,31.7133948,47.49308955,534.8027097629213,292.1916797,0.117004008,292.1916797,57.87410087,21.44166486,-103.0224827,6.5,3.0
2025-02-05 15:15:00,247.61104176804645,60.01065688,17.13071251,62.46380893,537.3174638072313,269.0939774,0.112930591,269.0939774,53.92252246,12.82047799,-91.98688487,6.5,3.0
2025-02-05 15:30:00,245.18913210742565,60.99344916,19.89703216,57.0190181,534.3717496921657,277.8625001,0.118561894,277.8625001,59.77702227,15.54962198,-96.88659747,6.5,3.0
2025-02-05 15:45:00,280.65949464548873,51.21834297,17.36041798,69.4900926,479.6880767376815,257.1385867,0.100114445,257.1385867,43.37370533,13.31061587,-87.30838149,6.5,3.0
2025-02-05 16:00:00,362.3916088295019,49.61890367,16.76818604,57.02939141,417.153969253595,269.1454701,0.106214781,269.1454701,44.98755019,15.94919773,-92.15628044,6.5,3.0
2025-02-05 16:15:00,367.0963690788005,63.69020463,17.12386635,69.51774967,420.60689398280743,264.1029998,0.101385567,264.1029998,55.93499378,16.53363108,-93.13501005,6.5,3.0
2025-02-05 16:30:00,352.15800337071875,61.97450048,30.79882212,68.6081626,407.9613372523256,267.5780079,0.098017241,267.5780079,57.03043705,28.26435876,-98.2109467,6.5,3.0
2025-02-05 16:45:00,350.4340187209789,50.44793601,18.52047647,69.31571579,373.0777995112719,255.4185459,0.10375867,255.4185459,44.07700717,11.32794571,-86.20544392,6.5,3.0
2025-02-05 17:00:00,455.1182069352378,57.82782784,32.70024624,69.39365332,190.56702400410234,258.2327595,0.098939589,258.2327595,46.46759243,30.04905908,-96.51080144,9.0,3.0
2025-02-05 17:15:00,459.93247678474717,52.00086083,21.50724052,56.95535803,205.6276453813002,276.0343005,0.097835038,276.0343005,47.62672992,18.45075544,-96.44044977,9.0,3.0
2025-02-05 17:30:00,437.5866411191902,64.70939796,17.77665164,76.24184574,202.70044889724295,252.0794429,0.106371502,252.0794429,62.36237393,13.52436916,-87.78133609,9.0,3.0
2025-02-05 17:45:00,462.91267516082485,54.45098507,24.32946307,52.89590649,190.8448817173545,275.9852043,0.113047779,275.9852043,47.72016201,23.28877677,-98.26918068,9.0,3.0
2025-02-05 18:00:00,445.21133685873696,64.92111869,22.29710008,60.91363267,0.0,267.9338712,0.100658604,267.9338712,63.34300833,20.57755927,-96.16823459,9.0,3.0
2025-02-05 18:15:00,440.5147076112563,53.93562498,24.84467121,57.02735869,0.0,263.1920392,0.094175821,263.1920392,47.1975556,18.23262348,-91.62758873,9.0,3.0
2025-02-05 18:30:00,481.94597465821903,61.81274942,31.12337139,54.79008933,0.0,262.4603842,0.126880361,262.4603842,60.02223447,28.60531381,-97.88450974,9.0,3.0
2025-02-05 18:45:00,475.6479808717877,63.12539179,31.86020686,68.71884062,0.0,252.0276184,0.119591694,252.0276184,59.95430239,25.75292052,-92.90886486,9.0,3.0
2025-02-05 19:00:00,451.81619856145034,51.03918626,23.53613583,61.03677193,0.0,266.7055941,0.11417332,266.7055941,46.39795748,13.18007015,-90.839215,9.0,3.0
2025-02-05 19:15:00,455.5759563414242,56.65101068,16.93944197,65.85501215,0.0,261.0008357,0.109688269,261.0008357,45.88415436,16.43050363,-89.68363024,9.0,3.0
2025-02-05 19:30:00,448.7316280941584,61.84249894,17.13166102,46.5901452,0.0,282.3721098,0.10578888,282.3721098,55.54488829,15.33603151,-97.25696347,9.0,3.0
2025-02-05 19:45:00,502.876217002967,61.95927782,31.88721847,74.62797613,0.0,250.1467484,0.111578042,250.1467484,55.60004504,26.62400673,-93.48955986,9.0,3.0
2025-02-05 20:00:00,470.6421743872529,64.62575478,31.95394984,80.0634695,0.0,242.354963,0.101621824,242.354963,57.48944094,30.19958837,-92.13248262,9.0,3.0
2025-02-05 20:15:00,466.97067442650325,58.20248641,30.34418832,69.25283711,0.0,248.6942508,0.114049542,248.6942508,52.91497602,25.72432436,-90.48005333,9.0,3.0
2025-02-05 20:30:00,455.8068762197902,55.07192287,31.64011996,60.83921911,0.0,253.5705238,0.115119053,253.5705238,49.48492653,29.72340673,-94.62707641,9.0,3.0
2025-02-05 20:45:00,520.3502749664535,57.75997641,29.51834562,66.63117912,0.0,258.3174594,0.110627694,258.3174594,53.049629,25.3076555,-93.48215111,9.0,3.0
2025-02-05 21:00:00,273.11087994452805,63.24744786,19.33998056,39.02338838,0.0,283.0135749,0.125149334,283.0135749,54.35117501,13.35667017,-96.5575043,9.0,3.0
2025-02-05 21:15:00,284.9111171253063,58.47413057,22.67804228,39.0880029,0.0,282.0116164,0.120801658,282.0116164,49.06722862,20.68898756,-99.65614623,9.0,3.0
2025-02-05 21:30:00,282.5391927134472,62.93418673,27.95578785,44.06881696,0.0,272.4019777,0.128603327,272.4019777,51.22874238,24.24828736,-97.66740709,9.0,3.0
2025-02-05 21:45:00,246.3888102167184,64.40712787,30.19748479,58.22194002,0.0,266.6629472,0.112340671,266.6629472,61.06143335,18.43003526,-94.70849334,9.0,3.0
2025-02-05 22:00:00,289.2121938266092,55.24383224,31.53343553,66.138633,0.0,257.96028,0.104691172,257.96028,53.13786326,21.42811472,-92.24423077,6.5,3.0
2025-02-05 22:15:00,294.80304076384976,64.93350492,17.76630213,64.10517712,0.0,273.1582606,0.117856529,273.1582606,61.53009265,14.649409,-94.6868256,6.5,3.0
2025-02-05 22:30:00,280.7041538241827,63.05591671,23.79895155,39.9700254,0.0,281.2931822,0.11756407,281.2931822,60.43344119,16.98177848,-98.2206292,6.5,3.0
2025-02-05 22:45:00,301.5706115853584,59.96560921,19.36681557,60.44980122,0.0,260.6662262,0.1273211,260.6662262,50.7284596,13.72971739,-89.60300919,6.5,3.0
2025-02-05 23:00:00,287.99818519780183,54.60968753,24.45458688,55.81254993,0.0,271.6745462,0.138542928,271.6745462,44.86181364,21.88985126,-95.49057552,6.5,3.0
2025-02-05 23:15:00,311.21078600355844,50.23975277,22.50934842,74.60354013,0.0,252.2118955,0.130451968,252.2118955,49.3816289,20.47594109,-89.7782901,6.5,3.0
2025-02-05 23:30:00,301.9396703803323,53.56743787,29.13652578,61.75177,0.0,270.8538795,0.12184441,270.8538795,47.35253951,23.90815383,-97.23424816,6.5,3.0
2025-02-05 23:45:00,285.4113584183074,53.95501584,17.3138889,52.26784621,0.0,260.7654348,0.136295397,260.7654348,51.44962097,17.18310724,-91.84528919,6.5,3.0
2025-02-06 00:00:00,288.9301599548064,57.72625081,19.73728325,69.59339657,0.0,249.3645803,0.144134464,249.3645803,47.77492331,12.52744292,-85.24766705,6.5,3.0
2025-02-06 00:15:00,296.1620235181499,54.72700353,20.50770577,49.79739218,0.0,276.0760963,0.151060013,276.0760963,46.37797527,14.25917679,-93.53599162,6.5,3.0
2025-02-06 00:30:00,291.65019090895004,63.14035667,24.22241844,53.09509132,0.0,276.138006,0.14237461,276.138006,50.54610624,18.78149927,-96.9349059,6.5,3.0
2025-02-06 00:45:00,306.3576256180936,57.32521298,26.85413192,64.25129182,0.0,254.614672,0.157021081,254.614672,54.36988831,20.09763204,-91.47045359,6.5,3.0
2025-02-06 01:00:00,284.85913593836676,52.41963381,24.63200087,42.60352829,0.0,285.5703283,0.15728423,285.5703283,49.13192956,18.83775886,-98.84850991,6.5,3.0
2025-02-06 01:15:00,285.4442140002798,54.56453792,29.02684647,79.90777659,0.0,255.7353814,0.158719173,255.7353814,52.37117423,15.46600271,-89.22529972,6.5,3.0
2025-02-06 01:30:00,310.70936826872656,60.10033287,18.14004978,75.72356643,0.0,239.7558258,0.151550398,239.7558258,50.82904162,16.91367799,-85.00703039,6.5,3.0
2025-02-06 01:45:00,306.0472817926268,58.05762375,30.28138618,58.36177691,0.0,266.8351897,0.146587327,266.8351897,51.10195045,15.61008888,-91.45557682,6.5,3.0
2025-02-06 02:00:00,270.81636286319974,52.26754173,30.56561283,64.07651589,0.0,260.2743907,0.135363858,260.2743907,43.82324227,29.95067837,-95.17659664,6.5,3.0
2025-02-06 02:15:00,249.57230535238875,52.52476998,26.86509372,76.87174181,0.0,245.6855388,0.1361735,245.6855388,48.6663691,23.23154634,-89.26917042,6.5,3.0
2025-02-06 02:30:00,252.7588366659706,64.15823498,17.87345996,74.50703202,0.0,251.8510559,0.12710037,251.8510559,62.08178017,17.00811624,-89.77626805,6.5,3.0
2025-02-06 02:45:00,267.37249511844084,52.81498543,21.49344511,51.32199166,0.0,282.3851452,0.127811522,282.3851452,43.38725642,19.30293665,-97.89972989,6.5,3.0
2025-02-06 03:00:00,287.4680702475341,58.60370242,28.76271713,70.48872273,0.0,257.9617358,0.123067772,257.9617358,48.28501635,15.00898268,-88.60437572,6.5,3.0
2025-02-06 03:15:00,307.1908298223251,48.96239873,31.09561739,56.70581536,0.0,268.1781353,0.125869297,268.1781353,47.73549003,30.83777441,-99.38198509,6.5,3.0
2025-02-06 03:30:00,298.89039524434264,53.02402508,21.16662068,48.77286039,0.0,276.9257553,0.125679354,276.9257553,48.6101432,11.37571585,-93.4647377,6.5,3.0
2025-02-06 03:45:00,314.51070468579815,51.85827659,19.14854941,44.574235,0.0,254.8978604,0.141686238,254.8978604,42.60462713,11.88917833,-86.15019498,6.5,3.0
2025-02-06 04:00:00,285.9988443778809,50.74158304,21.80817486,70.82012367,0.0,241.9278813,0.16101921,241.9278813,45.91742813,13.58606437,-83.21266075,6.5,3.0
2025-02-06 04:15:00,295.5586770087819,63.42351085,18.50870376,63.35703294,0.0,253.2189815,0.16484946,253.2189815,62.42248296,11.25988399,-86.74542734,6.5,3.0
2025-02-06 04:30:00,310.2308259798146,56.95526739,28.82566288,58.48074069,0.0,273.5767601,0.160405161,273.5767601,49.54905045,20.98053741,-96.5892122,6.5,3.0
2025-02-06 04:45:00,310.64165263352265,64.26547122,23.5888627,66.18653639,0.0,260.1875515,0.155857876,260.1875515,55.27671861,17.53505378,-90.99496787,6.5,3.0
2025-02-06 05:00:00,305.15836720589795,48.10622981,27.00227677,62.94202725,0.0,253.8495766,0.15191856,253.8495766,40.59910812,19.03101465,-88.59083264,6.5,3.0
2025-02-06 05:15:00,295.6070601317529,48.12550795,17.24924258,64.80872003,0.0,255.0520534,0.143915991,255.0520534,45.38492535,17.05107425,-88.22632744,6.5,3.0
2025-02-06 05:30:00,302.9760419083887,63.19880833,21.89064558,64.1395644,0.0,272.7031661,0.134857966,272.7031661,62.47541525,16.62253657,-94.97819845,6.5,3.0
2025-02-06 05:45:00,301.03853075396046,62.40862334,26.60210692,35.65181113,0.0,290.6099117,0.136341396,290.6099117,51.53890597,17.01476559,-99.93845269,6.5,3.0
2025-02-06 06:00:00,379.8934157104908,50.99429983,15.77607934,45.68787625,0.0,259.8488686,0.146094187,259.8488686,49.75754443,14.06461461,-88.31358359,6.5,3.0
2025-02-06 06:15:00,375.10004506287106,49.97144588,16.23607118,67.87821329,0.0,253.235337,0.128645824,253.235337,40.1084888,8.998341604,-83.80797192,6.5,3.0
2025-02-06 06:30:00,391.5609449899064,57.81339469,28.85117631,62.35626634,0.0,245.0436068,0.134992194,245.0436068,47.87130309,25.36364194,-89.18593372,6.5,3.0
2025-02-06 06:45:00,390.4855942367317,50.85412249,20.67888441,57.81380088,0.0,267.6583311,0.144126122,267.6583311,50.58236251,13.61686759,-91.61209468,6.5,3.0
2025-02-06 07:00:00,404.7018833893209,65.3050802,25.34440788,72.16929819,197.96102284534163,252.907886,0.135377623,252.907886,55.33031751,16.19000069,-89.00155583,6.5,3.0
2025-02-06 07:15:00,393.7700690487615,62.41247261,24.1832058,77.12929118,209.86379508786473,248.9984075,0.127422658,248.9984075,59.31957882,23.46917,-90.76358563,6.5,3.0
2025-02-06 07:30:00,400.92050014466906,48.49184282,17.957384,58.52396386,204.44760808226113,253.1462071,0.143282733,253.1462071,48.05001493,14.15556951,-86.68208456,6.5,3.0
2025-02-06 07:45:00,343.9675474172484,50.89523289,27.40482944,68.08057687,201.9075739845324,258.9354091,0.13459166,258.9354091,46.77143039,23.81225238,-92.96646721,6.5,3.0
2025-02-06 08:00:00,463.1725964279983,50.99787583,16.52568345,59.1825727,385.79253966017075,267.7948458,0.125848154,267.7948458,45.62889333,10.87737249,-89.35796822,6.5,3.0
2025-02-06 08:15:00,454.53045095847364,58.63821016,17.13374766,76.69536396,397.8373346529169,233.7564534,0.110788671,233.7564534,53.90911911,11.00100368,-80.17217527,6.5,3.0
2025-02-06 08:30:00,466.5859029260257,62.75416098,19.78172623,77.67165564,413.92707026284097,236.2734869,0.115199651,236.2734869,55.14302582,14.59960954,-82.99179812,6.5,3.0
2025-02-06 08:45:00,487.1610496875023,54.05404286,18.86376313,51.33774638,412.3530554240715,271.6276638,0.117005645,271.6276638,49.93635297,11.53075733,-91.54000952,6.5,3.0
2025-02-06 09:00:00,394.84773723753256,48.67054011,30.6772878,69.87681165,516.0086346423016,245.4564079,0.130506105,245.4564079,44.53887424,24.23046388,-89.03247951,6.5,3.0
2025-02-06 09:15:00,398.05327962163705,62.72033567,30.6364506,51.36046511,486.37037875587714,264.530057,0.118652817,264.530057,54.59133502,25.3399581,-96.41422287,6.5,3.0
2025-02-06 09:30:00,370.45291904902774,51.9761732,24.15502674,73.73388166,512.3282097055799,247.3980872,0.116167426,247.3980872,41.59756453,13.83939055,-84.30984342,6.5,3.0
2025-02-06 09:45:00,354.96606409180254,49.183815,26.02271857,56.87501542,497.9427768962414,266.474457,0.124139269,266.474457,47.20118673,16.51143954,-91.97484361,6.5,3.0
2025-02-06 10:00:00,385.40801568581145,52.33397631,32.82987355,75.85675922,664.0657557726204,254.5970724,0.121169807,254.5970724,48.56972631,21.58227246,-90.87834049,6.5,3.0
2025-02-06 10:15:00,369.9373496805555,48.36395204,26.36224136,68.64424193,628.279150588168,255.5989836,0.1117626,255.5989836,40.02349672,24.01918156,-91.17624402,6.5,3.0
2025-02-06 10:30:00,364.1371189396925,52.18732993,16.44086602,59.43110301,657.010727398199,250.4064963,0.100042386,250.4064963,46.89254245,12.83849905,-85.46881613,6.5,3.0
2025-02-06 10:45:00,380.19751569394066,59.42672038,30.84827437,65.73705639,678.8943662410124,257.8302551,0.116002419,257.8302551,58.83370045,23.89439431,-93.949816,6.5,3.0
2025-02-06 11:00:00,271.2324238896743,61.0576545,25.06315238,64.60861488,564.9930749705414,254.7027526,0.129862027,254.7027526,56.03257515,15.09461145,-88.93160615,6.5,3.0
2025-02-06 11:15:00,284.49720112570344,57.20554492,25.22379886,63.51104768,598.3574085864865,262.3463209,0.1407701,262.3463209,50.6419078,20.12070489,-92.9046173,6.5,3.0
2025-02-06 11:30:00,280.27655743506205,52.04354527,21.31614725,80.37811422,608.1800262208892,239.8605971,0.140007535,239.8605971,41.97572435,18.09786441,-83.59195556,6.5,3.0
2025-02-06 11:45:00,262.3538175495602,59.77216581,15.879792,71.83495649,560.8994902220827,253.4888739,0.12420485,253.4888739,59.15430249,9.857621267,-86.35972161,6.5,3.0
2025-02-06 12:00:00,281.3908731478347,61.42877196,21.49088993,82.54241239,626.5172962252655,237.6215477,0.121445748,237.6215477,53.89178568,11.94368295,-82.05603052,6.5,3.0
2025-02-06 12:15:00,279.0874416845777,64.22823898,31.399123,62.82960418,634.9057034351061,261.3772233,0.116075214,261.3772233,57.69682547,22.69492193,-94.32997826,6.5,3.0
2025-02-06 12:30:00,281.9745332354015,50.89167237,28.74056148,70.88226999,581.7564547160813,242.7541409,0.122129812,242.7541409,48.33276918,25.16540577,-89.12362379,6.5,3.0
2025-02-06 12:45:00,305.047151932186,51.92422185,23.20751825,58.98227724,595.7305456235467,260.5026933,0.145880536,260.5026933,49.19061695,19.05219674,-91.47381387,6.5,3.0
2025-02-06 13:00:00,275.6708152310753,49.64532352,25.09656009,77.8768955,518.2053794454839,237.1371076,0.144895154,237.1371076,42.34444969,22.70101871,-85.37645309,6.5,3.0
2025-02-06 13:15:00,273.93165227329007,50.91795451,23.39926054,62.635574,521.6755749126354,255.9597084,0.137639789,255.9597084,49.42832991,19.36942875,-90.61002835,6.5,3.0
2025-02-06 13:30:00,260.4403132326928,51.95592532,26.08676653,72.89545986,488.5014126106429,228.9941413,0.135160587,228.9941413,41.95795088,19.22064454,-81.15036692,6.5,3.0
2025-02-06 13:45:00,286.2772192629417,46.89527019,29.17670058,48.46183179,514.2776330312379,256.3025394,0.133231586,256.3025394,40.58801447,26.37091563,-92.13511842,6.5,3.0
2025-02-06 14:00:00,282.0231985001615,60.79547861,20.13318629,73.29794837,484.9223334777875,251.7931744,0.133737413,251.7931744,53.06443655,12.22346555,-86.09883776,6.5,3.0
2025-02-06 14:15:00,279.5484027956794,59.42116532,22.66223964,62.89007943,453.20511027091044,252.4290732,0.147261572,252.4290732,50.69378369,12.50409495,-86.05821849,6.5,3.0
2025-02-06 14:30:00,259.7502269212767,52.4001417,29.48468712,68.01541109,468.06618842772707,262.151059,0.157085991,262.151059,49.63725382,15.82570115,-91.08015328,6.5,3.0
2025-02-06 14:45:00,272.33817178288245,50.20794615,25.8396565,80.52026713,476.1563678235748,243.7960714,0.136432522,243.7960714,41.20799604,14.57734409,-83.35460478,6.5,3.0
2025-02-06 15:00:00,249.63149292090498,51.33853995,30.71310389,67.73448969,550.986948616117,255.0630637,0.133225361,255.0630637,45.342043,26.06514773,-92.57319605,6.5,3.0
2025-02-06 15:15:00,249.1784425821817,50.67984168,25.64391227,64.95274423,508.1242425292913,251.2506975,0.136878633,251.2506975,43.98084684,18.50247794,-88.12603412,6.5,3.0
2025-02-06 15:30:00,247.51843887375122,52.99719133,29.94260981,67.37265821,502.3275563590796,252.973516,0.128385966,252.973516,49.02699534,17.54785665,-88.34721698,6.5,3.0
2025-02-06 15:45:00,289.85162562316214,60.31043924,27.2205823,50.80003695,552.791252495512,265.4604453,0.118985574,265.4604453,48.52804542,16.03304179,-91.25826927,6.5,3.0
2025-02-06 16:00:00,330.0891154463423,62.16431248,21.73837526,70.95202162,400.7981915124543,244.7950067,0.119453287,244.7950067,59.39626377,12.41378459,-84.28523217,6.5,3.0
2025-02-06 16:15:00,324.51625641331225,63.05782806,20.21063427,63.44714574,394.7752097654648,261.6528332,0.125578377,261.6528332,53.07685131,12.68193693,-89.11165891,6.5,3.0
2025-02-06 16:30:00,323.4944660436759,59.99139355,30.14115175,63.62251374,412.72149233875575,256.6586147,0.118756581,256.6586147,50.44958347,16.99747217,-89.70455086,6.5,3.0
2025-02-06 16:45:00,322.13016209666966,51.11801375,30.62724284,66.95124408,381.4551063833251,249.3944244,0.122407853,249.3944244,44.4870077,20.60744911,-88.3116445,6.5,3.0
2025-02-06 17:00:00,495.9004013694785,58.00241011,23.11290391,69.2724219,178.33309543341196,254.9818823,0.115818279,254.9818823,49.23712552,19.01323431,-89.10246429,9.0,3.0
2025-02-06 17:15:00,486.25177516493295,54.72792129,20.33133691,62.08073889,182.93532107472092,245.9351301,0.109763921,245.9351301,50.51134915,13.11415948,-84.39660095,9.0,3.0
2025-02-06 17:30:00,509.91815527840856,55.59990186,26.95859785,79.90093922,184.60911766456232,235.8971248,0.112421408,235.8971248,50.27430257,16.51551319,-82.85632363,9.0,3.0
2025-02-06 17:45:00,454.6196681871802,49.84057163,25.4780904,61.77559434,173.6924658273049,261.3877138,0.118925567,261.3877138,48.7367121,14.3828403,-89.71342893,9.0,3.0
2025-02-06 18:00:00,465.0150392702274,54.91995541,20.82479604,54.47479443,0.0,270.7003322,0.126094534,270.7003322,45.34542743,18.45810116,-94.06310586,9.0,3.0
2025-02-06 18:15:00,460.83135841928384,56.19388509,20.12819165,63.5350126,0.0,255.2021715,0.108087822,255.2021715,49.73005368,15.77737717,-88.48011177,9.0,3.0
2025-02-06 18:30:00,443.4538909338011,54.75929239,20.47212105,68.66819789,0.0,246.6460139,0.105333019,246.6460139,50.04393175,10.46819268,-83.68370168,9.0,3.0
2025-02-06 18:45:00,461.5597113766876,50.77005677,18.31101857,66.34192623,0.0,254.1637112,0.098902326,254.1637112,41.35833408,16.54742484,-87.77133892,9.0,3.0
2025-02-06 19:00:00,485.95915207886094,49.90952513,20.90900532,85.28937868,0.0,230.2413392,0.099080401,230.2413392,42.27583417,17.26132872,-81.1376406,9.0,3.0
2025-02-06 19:15:00,502.78492531498483,51.5778283,22.05941221,53.67087454,0.0,255.2897687,0.104753969,255.2897687,46.31948579,18.92320653,-89.85020071,9.0,3.0
2025-02-06 19:30:00,461.09904310442903,60.61789777,17.06827637,73.96675198,0.0,249.6211529,0.130268963,249.6211529,55.84299988,15.68107172,-86.92366784,9.0,3.0
2025-02-06 19:45:00,475.48687950172507,48.58812042,31.24168487,71.66876416,0.0,245.8377991,0.118525694,245.8377991,45.04538176,25.20515541,-89.05233168,9.0,3.0
2025-02-06 20:00:00,457.0330895604189,53.18343248,26.91958957,50.65561814,0.0,262.5173736,0.127618884,262.5173736,46.21370094,15.2097593,-90.2289044,9.0,3.0
2025-02-06 20:15:00,477.1984724859065,56.66032798,16.97690609,70.81019773,0.0,239.7328215,0.111177008,239.7328215,52.38538523,9.993532137,-81.75052549,9.0,3.0
2025-02-06 20:30:00,455.13201351443763,61.37614479,30.86079709,61.22263121,0.0,250.8585821,0.109542138,250.8585821,58.99619425,25.56907882,-92.32831057,9.0,3.0
2025-02-06 20:45:00,475.8864244392371,58.11755646,22.5221813,75.67713318,0.0,231.3379935,0.120177626,231.3379935,50.0050376,17.16147257,-81.66864831,9.0,3.0
2025-02-06 21:00:00,297.6479090159433,56.10816019,20.10137732,68.31622763,0.0,253.5820701,0.131198972,253.5820701,55.65395979,18.37896805,-89.52925717,9.0,3.0
2025-02-06 21:15:00,307.4978217535226,59.20576058,16.42803517,82.45864935,0.0,220.9475118,0.13229732,220.9475118,50.38594497,14.30042355,-77.83884102,9.0,3.0
2025-02-06 21:30:00,300.47605234211295,56.55619616,27.51285721,48.89630212,0.0,264.5375984,0.13077826,264.5375984,50.25577427,24.28369517,-94.93849415,9.0,3.0
2025-02-06 21:45:00,286.8482168884211,56.55772993,25.5538172,82.67677918,0.0,229.1776125,0.116661547,229.1776125,52.34747745,13.38107785,-79.82646245,9.0,3.0
2025-02-06 22:00:00,287.4796347127305,49.69807262,23.65077806,68.82105265,0.0,246.5541862,0.121504317,246.5541862,42.88909476,17.52707629,-85.69087255,6.5,3.0
2025-02-06 22:15:00,274.7606903161007,56.14443708,18.37411761,64.18575961,0.0,244.833723,0.129799022,244.833723,55.6330881,13.87496707,-84.99265497,6.5,3.0
2025-02-06 22:30:00,270.9861504964038,48.52522373,15.52703208,75.17965348,0.0,235.7687263,0.132569888,235.7687263,48.42943409,15.37923217,-81.92212734,6.5,3.0
2025-02-06 22:45:00,290.4535244747651,53.53214352,15.86730914,63.49023461,0.0,243.784945,0.128154767,243.784945,44.58766858,9.370278639,-81.6582062,6.5,3.0
2025-02-06 23:00:00,295.696324160996,54.01156774,24.63294393,54.10687566,0.0,263.9955318,0.134801883,263.9955318,49.83715881,23.82105453,-94.07203297,6.5,3.0
2025-02-06 23:15:00,316.3689332420416,55.52739378,16.87563253,62.53347375,0.0,247.8382106,0.126896431,247.8382106,51.67593509,16.10981947,-86.27870439,6.5,3.0
2025-02-06 23:30:00,302.4146037222436,60.53392975,17.65748137,64.45486827,0.0,245.2385498,0.144990889,245.2385498,49.66551927,16.93134048,-85.36154151,6.5,3.0
2025-02-06 23:45:00,313.410138874719,59.04359092,20.20350551,67.70804544,0.0,244.6852821,0.128207443,244.6852821,57.49939421,13.05943692,-84.61611411,6.5,3.0
2025-02-07 00:00:00,278.7017249830004,59.75000032,18.26366981,70.9215057,0.0,247.2444105,0.142330657,247.2444105,50.6001451,14.44696007,-85.39261133,6.5,3.0
2025-02-07 00:15:00,264.5113665021243,50.03119454,18.93351496,75.35040052,0.0,236.5165784,0.148904638,236.5165784,41.43685156,14.33687747,-81.76377721,6.5,3.0
2025-02-07 00:30:00,267.83642925820163,58.59937439,18.13021328,76.57874276,0.0,223.9575886,0.141162574,223.9575886,54.32325408,13.84849673,-78.6175208,6.5,3.0
2025-02-07 00:45:00,258.15047925667363,55.70520576,30.30595768,102.1133537,0.0,211.8977588,0.15374485,211.8977588,51.86309992,29.39372144,-81.78988472,6.5,3.0
2025-02-07 01:00:00,325.6138364833068,52.51290792,17.68380877,64.06695911,0.0,245.9188242,0.150609616,245.9188242,50.6717087,10.45753174,-83.52010299,6.5,3.0
2025-02-07 01:15:00,316.37802423993173,59.16146768,27.21992728,77.58068886,0.0,235.4561495,0.140659968,235.4561495,50.42878958,17.64092879,-83.86926064,6.5,3.0
2025-02-07 01:30:00,318.4556495954347,57.28611452,25.19050146,66.75143019,0.0,248.5213206,0.126493234,248.5213206,56.59367441,23.38831123,-91.00212468,6.5,3.0
2025-02-07 01:45:00,311.29248968132686,57.37973187,19.27571559,99.06337109,0.0,225.5058585,0.143158879,225.5058585,49.99494573,16.50796172,-79.26488238,6.5,3.0
2025-02-07 02:00:00,284.78100968099625,47.39940839,15.80358413,68.67886152,0.0,243.7605987,0.143722726,243.7605987,39.70096291,8.348231795,-80.5681643,6.5,3.0
2025-02-07 02:15:00,276.72151604555086,60.18607724,23.82207766,73.49908115,0.0,242.7494797,0.131322775,242.7494797,52.88568815,14.95715518,-84.23208028,6.5,3.0
2025-02-07 02:30:00,297.592214458323,49.65726461,21.4284788,82.3657308,0.0,237.4078518,0.134540146,237.4078518,45.12185148,14.13545008,-81.84766377,6.5,3.0
2025-02-07 02:45:00,290.9652598151299,58.4138731,20.98332286,77.88715784,0.0,240.4655127,0.135060524,240.4655127,54.35106703,17.23370544,-84.4467278,6.5,3.0
2025-02-07 03:00:00,308.6540474499472,63.5292503,18.82799699,86.87591183,0.0,235.7431773,0.122452957,235.7431773,62.22220467,14.48663145,-83.30224841,6.5,3.0
2025-02-07 03:15:00,304.5801389485971,53.42443413,23.72954589,75.9497856,0.0,234.0003031,0.13174138,234.0003031,48.68708712,12.21735753,-80.5101995,6.5,3.0
2025-02-07 03:30:00,320.57546173279786,58.78632087,23.43644287,73.8402504,0.0,246.2900337,0.13611256,246.2900337,56.48339748,19.59187194,-88.0314095,6.5,3.0
2025-02-07 03:45:00,293.0203518686577,59.16346691,21.09616201,78.8239285,0.0,253.1431151,0.153008584,253.1431151,49.48344401,11.70836956,-85.67294543,6.5,3.0
2025-02-07 04:00:00,326.7066177258915,61.45804413,22.6624926,73.40839123,0.0,243.9034858,0.151781339,243.9034858,54.00870284,20.16619187,-87.50118244,6.5,3.0
2025-02-07 04:15:00,298.41996068008984,55.63073751,21.96810543,78.25893566,0.0,230.6815605,0.162119534,230.6815605,53.58446845,11.32032004,-79.49759351,6.5,3.0
2025-02-07 04:30:00,324.7770272721331,59.63953017,30.07240488,83.85056335,0.0,220.6145807,0.164847735,220.6145807,55.57242629,17.15956183,-78.52001764,6.5,3.0
2025-02-07 04:45:00,305.0163943218856,49.97174429,18.93399006,67.77674368,0.0,245.1043197,0.166724993,245.1043197,45.647971,18.77821993,-85.76335935,6.5,3.0
2025-02-07 05:00:00,313.4878759083785,47.55956271,20.08818643,75.14810689,0.0,235.2782657,0.160011424,235.2782657,40.51835823,13.99864742,-80.78770021,6.5,3.0
2025-02-07 05:15:00,319.7296133605981,48.44515653,24.75575514,66.4567681,0.0,243.4516199,0.168322864,243.4516199,40.44800327,24.04560201,-86.95578571,6.5,3.0
2025-02-07 05:30:00,308.8171830557494,54.14016057,19.83990288,75.7385058,0.0,235.3293824,0.169415864,235.3293824,47.84771187,11.84312259,-80.4993667,6.5,3.0
2025-02-07 05:45:00,357.6153276752741,59.60627556,15.69313997,82.60714881,0.0,235.1800608,0.172694881,235.1800608,57.02635259,15.50037163,-83.13830383,6.5,3.0
2025-02-07 06:00:00,390.17008539833165,53.40140227,19.63487824,93.50197807,0.0,216.0816709,0.160785878,216.0816709,46.6124568,15.3609902,-76.31076959,6.5,3.0
2025-02-07 06:15:00,402.8223860693111,50.49877588,18.02250184,64.29203034,0.0,246.7972482,0.157831334,246.7972482,46.03565485,16.18479289,-85.77822449,6.5,3.0
2025-02-07 06:30:00,415.56004472546107,62.17898038,31.09267613,66.22523101,0.0,237.3482052,0.155828367,237.3482052,51.22140313,30.52072042,-89.15735149,6.5,3.0
2025-02-07 06:45:00,403.41748380689614,49.94593206,17.66180182,69.95347258,0.0,237.6930521,0.145980279,237.6930521,48.22484736,15.15597565,-82.1822117,6.5,3.0
2025-02-07 07:00:00,392.17818492609223,52.54991576,22.65414933,81.04856225,235.5124592384432,226.7641276,0.164601591,226.7641276,46.95445088,22.43394181,-82.83773338,6.5,3.0
2025-02-07 07:15:00,400.03577857810484,48.90500134,22.33529637,67.50792505,239.6648326135371,235.0653293,0.177402835,235.0653293,45.29767143,17.29507868,-82.16159532,6.5,3.0
2025-02-07 07:30:00,416.43054469885055,61.9066243,21.13193337,92.80463795,239.13451921101677,215.0190953,0.175891396,215.0190953,51.19224818,18.26764571,-76.74547796,6.5,3.0
2025-02-07 07:45:00,422.7954917969523,53.96015189,29.94764959,66.57204162,201.16818893700292,253.0128567,0.176470655,253.0128567,53.56963718,24.8299138,-91.80182184,6.5,3.0
2025-02-07 08:00:00,488.3926613524536,61.15626289,17.28018355,55.85765149,405.24723209424155,261.7391208,0.166580369,261.7391208,55.32200492,13.29771386,-89.66406429,6.5,3.0
2025-02-07 08:15:00,499.3990636348697,51.99921197,21.84031707,69.88558034,390.1227221034282,248.3008421,0.167001372,248.3008421,43.00175402,14.81515658,-84.77801989,6.5,3.0
2025-02-07 08:30:00,493.4167314633929,62.62785068,26.58758249,83.71377295,378.6126483367457,231.9742842,0.168242471,231.9742842,61.26333177,24.74793755,-85.8855705,6.5,3.0
2025-02-07 08:45:00,513.9315435492838,57.79227666,20.16460335,79.98198275,372.3573974655844,237.8950005,0.176211612,237.8950005,53.80727448,13.3722967,-82.21570095,6.5,3.0
2025-02-07 09:00:00,398.4539600901547,56.53102116,23.34870965,67.07874171,452.4463770745121,242.4927111,0.170806276,242.4927111,45.35404843,16.60033992,-83.97365958,6.5,3.0
2025-02-07 09:15:00,401.70234435661047,51.71397834,26.33059578,61.34237588,467.679237900037,254.9375133,0.171689744,254.9375133,41.66016377,19.8066655,-88.28738583,6.5,3.0
2025-02-07 09:30:00,412.0865152815279,50.02316547,23.24283171,73.62451285,471.01686018045325,229.0942557,0.173278901,229.0942557,41.42746545,13.18034333,-77.91227421,6.5,3.0
2025-02-07 09:45:00,431.74718027170707,53.57077361,25.34094797,82.05078409,500.5975248449977,224.0504398,0.191528988,224.0504398,52.84913537,19.14101321,-80.8219501,6.5,3.0
2025-02-07 10:00:00,378.57646382724204,61.21210163,23.16650339,75.19964702,547.059767311208,236.0988334,0.18465981,236.0988334,55.73079781,22.40722503,-86.01107178,6.5,3.0
2025-02-07 10:15:00,367.7337429585838,47.44356907,18.80818068,68.78595706,577.5087795082902,235.058259,0.190364646,235.058259,38.69421462,18.12940377,-81.70795426,6.5,3.0
2025-02-07 10:30:00,362.68483711230954,56.09850866,25.33611708,88.28771046,593.4379797799747,226.9906249,0.179711387,226.9906249,49.86042955,24.18995445,-83.15239577,6.5,3.0
2025-02-07 10:45:00,402.4249561018646,56.7983225,21.59770623,64.43015886,577.0334734005269,241.4951858,0.18506747,241.4951858,52.51497082,13.44150844,-83.61459574,6.5,3.0
2025-02-07 11:00:00,259.34381073847663,47.92455847,24.57845445,81.9240029,535.0755747902051,235.551588,0.197746094,235.551588,42.96308713,14.72400661,-81.12959916,6.5,3.0
2025-02-07 11:15:00,281.5386676624329,48.39358643,20.06416877,66.207592,534.9386655481112,242.8161466,0.193487316,242.8161466,42.78808074,18.65144653,-84.78495566,6.5,3.0
2025-02-07 11:30:00,280.37826655397276,60.34387879,29.48267685,70.98750719,533.1842884203547,244.4085123,0.18863199,244.4085123,58.02339699,19.7420784,-87.42011515,6.5,3.0
2025-02-07 11:45:00,266.69925504511775,48.12338865,19.55472311,66.23527782,532.6414712413291,243.4464472,0.198622019,243.4464472,41.52632285,12.95659535,-82.81269384,6.5,3.0
2025-02-07 12:00:00,284.2942656751099,51.9815464,16.31910381,88.20608069,495.60858519543524,211.4851333,0.217284126,211.4851333,45.10825307,12.30793387,-73.03039835,6.5,3.0
2025-02-07 12:15:00,301.52237246052385,55.83041771,22.46138046,69.01848654,542.2305586280182,236.9552027,0.217535905,236.9552027,50.42582371,13.5672709,-82.00146142,6.5,3.0
2025-02-07 12:30:00,290.0048399090678,47.11205664,26.90063245,77.23772951,508.0485320484818,231.2393313,0.22034163,231.2393313,39.19253165,26.87548304,-84.72960183,6.5,3.0
2025-02-07 12:45:00,305.3985219552985,51.77859829,25.19324935,66.51882451,534.9023241280647,242.8318152,0.215913928,242.8318152,47.12841133,15.44106321,-83.92393129,6.5,3.0
2025-02-07 13:00:00,256.60646964482606,61.07066023,18.93649949,66.34528694,410.2549532157329,244.7515182,0.217715354,244.7515182,48.97616031,17.48539681,-85.55162029,6.5,3.0
2025-02-07 13:15:00,275.69200636853355,58.01453886,29.45835228,74.18653252,421.74921913051423,243.8218178,0.220880779,243.8218178,50.0174154,15.73640597,-84.78125555,6.5,3.0
2025-02-07 13:30:00,270.6738785229138,48.2564815,30.2436077,88.55453236,427.5321104140433,225.9349968,0.225969427,225.9349968,43.96705236,25.71855381,-83.09113689,6.5,3.0
2025-02-07 13:45:00,261.19764546372664,55.90132073,30.07127159,57.28292022,407.0937172397098,239.7704114,0.207691923,239.7704114,54.58550932,22.72294139,-86.41365458,6.5,3.0
2025-02-07 14:00:00,272.3818324770131,47.99315593,19.28603423,89.44780453,574.0365131811133,221.4443408,0.209364852,221.4443408,38.71084351,12.82908223,-76.06431581,6.5,3.0
2025-02-07 14:15:00,271.3126711761608,49.47991687,17.15538047,69.41597975,550.2989701657915,245.2340651,0.217245589,245.2340651,45.69322044,10.0884369,-82.64070952,6.5,3.0
2025-02-07 14:30:00,266.7749530735889,46.8032308,24.21060537,73.04545367,532.6676099409622,220.9787751,0.221583503,220.9787751,38.63321065,13.47986815,-75.46736457,6.5,3.0
2025-02-07 14:45:00,290.6305432732371,58.11054815,24.61583356,77.09717334,570.2469067121331,230.7201433,0.222931943,230.7201433,50.50524565,15.0800268,-80.11421957,6.5,3.0
2025-02-07 15:00:00,301.35837674795044,51.99829449,15.24300098,84.16944159,460.12520342434243,215.6010491,0.22713243,215.6010491,43.19282389,8.1820424,-72.40471532,6.5,3.0
2025-02-07 15:15:00,297.2216932409573,60.25759881,24.58828139,78.82904082,491.77847133068883,215.3551897,0.232042599,215.3551897,57.33976877,17.51979318,-77.34866938,6.5,3.0
2025-02-07 15:30:00,276.0629632432968,58.25141664,26.0715508,74.33761729,491.9821336328072,224.0217204,0.248186228,224.0217204,50.85038578,23.09915224,-82.79651975,6.5,3.0
2025-02-07 15:45:00,275.1869667677954,47.12877998,27.42262673,68.82050579,492.10419161216146,239.2046844,0.25101465,239.2046844,42.47316846,17.56562089,-83.72403854,6.5,3.0
2025-02-07 16:00:00,329.2226460128457,50.31663689,25.28912967,99.53147756,378.58320009443463,197.9831314,0.248184956,197.9831314,49.26093597,13.96255069,-70.02730568,6.5,3.0
2025-02-07 16:15:00,348.2927282820584,47.27270373,18.67195192,66.7567207,374.25645017325684,237.1452056,0.255554017,237.1452056,44.0858196,12.18422819,-80.56600864,6.5,3.0
2025-02-07 16:30:00,347.1170841742166,55.67222422,17.53597811,64.28452331,390.8904724078205,235.1553214,0.250512763,235.1553214,49.87792084,17.02304966,-82.76823437,6.5,3.0
2025-02-07 16:45:00,326.2575415308793,52.08750992,20.35851533,76.06790774,398.369877324488,226.0236223,0.238704982,226.0236223,49.90806179,13.8719376,-78.08072094,6.5,3.0
2025-02-07 17:00:00,476.93851784098206,52.93355831,25.14420532,81.1133274,218.20453614289124,216.6203327,0.233807352,216.6203327,48.62839342,17.48364018,-76.63118076,9.0,3.0
2025-02-07 17:15:00,495.51597406234686,52.85987008,24.31440449,89.53931301,221.15487234547044,213.2727383,0.228546956,213.2727383,50.49140881,15.2784139,-75.44051856,9.0,3.0
2025-02-07 17:30:00,466.88681754755254,47.78955908,24.65054249,76.77983934,222.80482351919284,232.6930248,0.233645297,232.6930248,45.70683666,20.5143417,-81.94626043,9.0,3.0
2025-02-07 17:45:00,449.91869054911854,50.66088379,26.08902006,58.86491674,210.38576799244538,234.3758236,0.214114978,234.3758236,50.26507041,18.75172107,-82.79514415,9.0,3.0
2025-02-07 18:00:00,476.3696323183301,60.62283958,16.60409311,72.11045622,0.0,230.3002286,0.194137563,230.3002286,60.37272468,11.86637912,-80.43320669,9.0,3.0
2025-02-07 18:15:00,486.77916120437885,57.85619985,24.81078981,75.55552811,0.0,230.6229127,0.206341029,230.6229127,54.61552404,21.54520593,-83.67335832,9.0,3.0
2025-02-07 18:30:00,492.73249307787944,56.38389768,25.56005585,92.87632334,0.0,208.1087871,0.194158931,208.1087871,52.97918256,20.80038712,-76.6024419,9.0,3.0
2025-02-07 18:45:00,454.9187133994117,52.70739555,19.87785455,70.60944183,0.0,231.2045216,0.196647586,231.2045216,43.47305974,19.69476507,-81.86623498,9.0,3.0
2025-02-07 19:00:00,447.4158787491157,53.29805468,17.12279199,93.79444533,0.0,202.8867127,0.208282319,202.8867127,52.18570842,13.15310918,-71.95245068,9.0,3.0
2025-02-07 19:15:00,478.6262080526684,59.84943381,24.606878,78.83715169,0.0,215.3099375,0.207733982,215.3099375,57.92633076,15.94345984,-76.75106246,9.0,3.0
2025-02-07 19:30:00,467.4559566431483,55.0002905,28.95248724,72.96652563,0.0,226.8057849,0.206266526,226.8057849,49.60380209,15.3863675,-79.30291586,9.0,3.0
2025-02-07 19:45:00,441.9019565550677,59.73176154,25.13785771,80.98859235,0.0,221.4660383,0.210975006,221.4660383,53.52998707,17.86474906,-78.23014165,9.0,3.0
2025-02-07 20:00:00,479.2107265098125,53.75759578,19.74581794,84.06546453,0.0,217.3852525,0.220211733,217.3852525,44.48203042,11.47028868,-74.20408336,9.0,3.0
2025-02-07 20:15:00,505.05407858240363,55.96077837,27.34465754,54.66295516,0.0,254.8983423,0.231040816,254.8983423,48.50620956,25.30830114,-90.98822222,9.0,3.0
2025-02-07 20:30:00,472.9748794280587,57.50144688,26.62503049,103.6242478,0.0,217.8307027,0.215159695,217.8307027,48.10434126,26.54394867,-81.30697035,9.0,3.0
2025-02-07 20:45:00,473.9303154797251,49.89797801,25.63145248,72.32864433,0.0,232.9448572,0.219772612,232.9448572,46.68664249,23.07998184,-83.29778279,9.0,3.0
2025-02-07 21:00:00,281.08865628217814,50.74443716,22.27023963,83.01209929,0.0,221.2193189,0.220040233,221.2193189,43.01585012,20.95844616,-79.44000656,9.0,3.0
2025-02-07 21:15:00,271.6845449099194,57.13469904,28.33027491,83.6853016,0.0,213.317311,0.232162445,213.317311,54.30936251,16.54064477,-75.6553612,9.0,3.0
2025-02-07 21:30:00,270.16052655336057,50.89987972,28.24619816,73.49093591,0.0,239.3654428,0.235983031,239.3654428,46.19185399,14.7315655,-82.11615795,9.0,3.0
2025-02-07 21:45:00,259.5762722545419,59.63931743,26.44978347,79.9767285,0.0,214.5931925,0.233168356,214.5931925,55.74772562,19.7970623,-78.7332656,9.0,3.0
2025-02-07 22:00:00,249.2631659477418,49.31612637,24.45704265,75.34544066,0.0,231.1595109,0.234368075,231.1595109,42.08409446,22.63615969,-83.02651771,6.5,3.0
2025-02-07 22:15:00,249.77281661344668,52.07165884,17.36083898,82.43130784,0.0,226.8441283,0.237117738,226.8441283,42.63470921,9.47672585,-75.86080387,6.5,3.0
2025-02-07 22:30:00,244.05163645588365,54.2607266,22.31021053,72.19586813,0.0,224.1322766,0.23007081,224.1322766,50.75027836,12.6118623,-77.45129797,6.5,3.0
2025-02-07 22:45:00,276.3923809829279,55.4304291,26.95727746,88.53972881,0.0,225.2487112,0.225901551,225.2487112,49.43131452,16.55457963,-79.42023338,6.5,3.0
2025-02-07 23:00:00,250.1095268101472,51.64448999,24.52902918,94.26978298,0.0,213.2267042,0.225270127,213.2267042,51.40288919,18.64573632,-76.83905247,6.5,3.0
2025-02-07 23:15:00,263.45651266841,58.10365699,26.36092988,50.83034051,0.0,246.1919166,0.217534259,246.1919166,49.76540032,15.66945063,-85.54783485,6.5,3.0
2025-02-07 23:30:00,245.66739743563434,47.43854515,21.35504171,59.85896753,0.0,246.5482608,0.214906848,246.5482608,38.6013321,15.61886679,-83.43386101,6.5,3.0
2025-02-07 23:45:00,257.24656308580836,50.54694443,19.40411815,68.03942379,0.0,237.3926843,0.223498546,237.3926843,44.73309021,15.67489015,-81.94595787,6.5,3.0
2025-02-08 00:00:00,261.82122174126187,53.39573159,19.36510614,83.71308977,0.0,221.237463,0.244377493,221.237463,52.50201897,13.59286602,-76.70660952,6.5,3.0
2025-02-08 00:15:00,253.22512462903606,49.30523369,29.54098643,66.7141077,0.0,228.2167184,0.235177788,228.2167184,47.22234945,28.6324094,-84.79983608,6.5,3.0
2025-02-08 00:30:00,274.68520840254826,55.82967846,23.83206798,103.7313721,0.0,194.7094601,0.239536715,194.7094601,49.18400285,12.64811638,-68.58072659,6.5,3.0
2025-02-08 00:45:00,267.3384452271538,50.02030631,26.19328746,80.24494491,0.0,209.2965976,0.224762492,209.2965976,48.91223008,14.12389626,-73.27811248,6.5,3.0
2025-02-08 01:00:00,225.11097278720743,46.1257722,29.31092967,64.25445639,0.0,239.7484984,0.209784352,239.7484984,39.59508443,20.64270312,-84.06007528,6.5,3.0
2025-02-08 01:15:00,236.90461433076788,52.72304997,26.09635829,64.95856453,0.0,238.9091781,0.198527563,238.9091781,45.55275316,23.40279281,-85.27376393,6.5,3.0
2025-02-08 01:30:00,237.19434592274513,51.53219904,28.02143116,64.26898202,0.0,231.7750519,0.197077456,231.7750519,47.02551188,19.02812177,-81.65045431,6.5,3.0
2025-02-08 01:45:00,206.66006695927956,51.40743437,22.90205593,74.3990239,0.0,220.7053636,0.195458402,220.7053636,46.14192986,22.3999433,-80.46734408,6.5,3.0
2025-02-08 02:00:00,270.6808925650302,52.59811859,26.63375403,78.05037845,0.0,227.8236887,0.201159525,227.8236887,49.27487848,19.41474383,-81.28984089,6.5,3.0
2025-02-08 02:15:00,277.4542387564506,50.47230646,16.98264439,98.1997306,0.0,194.6889754,0.217877249,194.6889754,49.61649791,9.872745937,-67.25321199,6.5,3.0
2025-02-08 02:30:00,271.56624410644076,56.43604681,27.73021805,69.33293514,0.0,222.7519515,0.214860017,222.7519515,52.66882683,16.44570847,-78.86196466,6.5,3.0
2025-02-08 02:45:00,309.4686245720785,58.24984638,18.15065299,91.18466747,0.0,207.5162448,0.215274126,207.5162448,52.73949278,10.09161018,-71.50376895,6.5,3.0
2025-02-08 03:00:00,229.03871396143919,50.3605618,19.0497084,80.40121454,0.0,214.7116478,0.225089992,214.7116478,44.07563729,16.14829265,-74.93118334,6.5,3.0
2025-02-08 03:15:00,235.86588522591495,51.82874586,15.58747795,82.82344676,0.0,207.874181,0.2320411,207.874181,49.42790621,12.12872215,-72.17300329,6.5,3.0
2025-02-08 03:30:00,246.32772904323767,57.39052129,15.36660024,78.4398867,0.0,214.1495164,0.234982517,214.1495164,53.75469037,8.240769229,-73.20991722,6.5,3.0
2025-02-08 03:45:00,230.72767176940818,55.01142583,29.67397563,63.28649295,0.0,231.6043201,0.223860583,231.6043201,51.68274347,24.23886986,-84.22244764,6.5,3.0
2025-02-08 04:00:00,267.81072268323703,60.1439461,16.27224757,87.13562449,0.0,214.1700662,0.224796512,214.1700662,51.40324816,8.137361415,-72.68090577,6.5,3.0
2025-02-08 04:15:00,275.4156745116713,48.07808135,18.78551466,71.42830346,0.0,221.8360942,0.243260904,221.8360942,43.18445728,12.09115738,-75.79005685,6.5,3.0
2025-02-08 04:30:00,254.87490879623263,58.95566343,18.82051002,98.74633563,0.0,202.1200775,0.23909156,202.1200775,50.86393674,9.897302009,-69.63621037,6.5,3.0
2025-02-08 04:45:00,265.6686940088591,50.55049139,24.5215614,87.26200867,0.0,220.5190318,0.231319251,220.5190318,48.7236351,19.99829292,-79.82856574,6.5,3.0
2025-02-08 05:00:00,256.2076272144421,50.55451658,26.44474691,71.50914894,0.0,235.7518525,0.234865277,235.7518525,42.80548702,22.56080368,-84.36010206,6.5,3.0
2025-02-08 05:15:00,267.7182794475592,53.87258454,24.29395568,86.82758115,0.0,208.7088837,0.220386403,208.7088837,47.55831642,12.59283961,-72.17888054,6.5,3.0
2025-02-08 05:30:00,254.13158671231437,53.08279437,25.2872871,72.25316352,0.0,221.5892492,0.201250165,221.5892492,43.71321121,15.14220192,-77.23819049,6.5,3.0
2025-02-08 05:45:00,242.0125066256843,47.37234808,26.61648766,103.421109,0.0,203.1144413,0.198306041,203.1144413,43.10392865,25.81303988,-75.76474085,6.5,3.0
2025-02-08 06:00:00,374.690432599924,51.98083728,30.26788796,93.52513222,0.0,217.743961,0.200834929,217.743961,47.02145002,27.62391349,-80.49762834,6.5,3.0
2025-02-08 06:15:00,402.94245788759133,49.29093709,19.86595547,85.60640857,0.0,204.3724791,0.192758389,204.3724791,49.26032698,10.98325092,-70.76984466,6.5,3.0
2025-02-08 06:30:00,384.27552161771615,47.89190898,19.21676332,79.55476582,0.0,220.0596886,0.18958997,220.0596886,38.72716178,13.2587265,-75.10237323,6.5,3.0
2025-02-08 06:45:00,387.3715878947685,46.64129036,21.040565,66.96613756,0.0,237.6826414,0.174282038,237.6826414,37.33482492,13.34715822,-80.59283518,6.5,3.0
2025-02-08 07:00:00,452.7401434612221,53.17178199,23.55955179,84.72709232,137.32360416074502,213.7528309,0.168681183,213.7528309,47.347585,14.48196109,-74.66460974,6.5,3.0
2025-02-08 07:15:00,447.81685592433985,48.33595974,25.55002295,78.36546084,132.8996988453145,218.4485793,0.18077313,218.4485793,47.95357736,17.11456339,-77.31611174,6.5,3.0
2025-02-08 07:30:00,433.4828660064228,54.37019008,17.53384479,73.48873876,140.54584188478626,216.2294257,0.196103018,216.2294257,51.66317215,9.492495197,-73.91534196,6.5,3.0
2025-02-08 07:45:00,417.8301346080152,49.28939424,17.15419116,87.29349612,129.42085510915433,223.4633754,0.190428852,223.4633754,40.01882287,15.34855283,-76.92200873,6.5,3.0
2025-02-08 08:00:00,423.94723605344257,45.01846559,14.83373283,83.61821557,334.6940862156999,210.1329909,0.175860624,210.1329909,41.02430894,10.24217345,-70.99051652,6.5,3.0
2025-02-08 08:15:00,431.960331766413,48.47284808,24.77752365,88.4377277,354.0625476061402,204.5363993,0.173674381,204.5363993,41.46927274,18.82012598,-73.37685387,6.5,3.0
2025-02-08 08:30:00,427.5596022552028,57.94727478,29.35537887,85.17471263,360.98586314410693,212.3283569,0.184489509,212.3283569,56.67566332,27.8162419,-80.45950604,6.5,3.0
2025-02-08 08:45:00,473.29282992494177,46.61841318,18.29781312,88.29573005,333.607503034053,217.2267094,0.181412926,217.2267094,45.48125871,12.41155105,-74.56456519,6.5,3.0
2025-02-08 09:00:00,303.154136573327,52.81439275,17.67321364,77.72723441,555.7667299992273,223.0940394,0.188836599,223.0940394,44.13467127,16.7858564,-78.62974848,6.5,3.0
2025-02-08 09:15:00,317.4224004943197,48.32480486,21.30311985,81.57743028,543.9643325197226,228.1106452,0.193949367,228.1106452,42.53558358,13.49617796,-78.20463221,6.5,3.0
2025-02-08 09:30:00,325.32871107757364,51.68792663,18.86686767,89.09158267,513.9079303073172,210.346249,0.19261165,210.346249,44.92392199,16.45746337,-74.67856888,6.5,3.0
2025-02-08 09:45:00,297.0947518547797,49.74950393,19.87435134,97.05397864,512.5210071737329,199.6994945,0.18984347,199.6994945,40.65203593,13.06265469,-69.18103812,6.5,3.0
2025-02-08 10:00:00,339.36016644688397,56.89777035,29.03113684,82.91973788,608.288478182962,201.5849154,0.1999935,201.5849154,48.77066542,15.28208163,-71.25962237,6.5,3.0
2025-02-08 10:15:00,330.8543235144844,54.57159577,18.24232606,77.65339527,586.2648811529341,226.7315681,0.182760936,226.7315681,48.97755905,14.89764928,-78.82024895,6.5,3.0
2025-02-08 10:30:00,358.07398856433537,49.82250038,27.16438977,75.12640092,594.5066980872975,203.3475997,0.178064269,203.3475997,49.56291886,22.89023282,-74.09406657,6.5,3.0
2025-02-08 10:45:00,357.50152147429617,53.20719916,17.70020417,88.49304859,607.7799425768067,222.8820199,0.177600231,222.8820199,43.72015879,10.91018716,-75.28262476,6.5,3.0
2025-02-08 11:00:00,239.06350149073668,52.14155464,18.81695356,83.76938982,538.9282561271516,216.2629405,0.188571283,216.2629405,42.88846537,11.727809,-73.82269067,6.5,3.0
2025-02-08 11:15:00,239.56514433925244,51.72489335,15.27562745,71.08917688,488.69654041978947,222.3992414,0.205579162,222.3992414,43.76284332,9.609536032,-74.76344184,6.5,3.0
2025-02-08 11:30:00,232.79000972704387,44.80545263,17.62312683,77.95580818,506.12366765326266,212.0101491,0.206922108,212.0101491,43.39072492,11.78489341,-72.55605074,6.5,3.0
2025-02-08 11:45:00,242.63134444296702,55.32599595,15.59122239,72.76448733,522.9615357997964,219.435332,0.205869705,219.435332,49.00299981,15.51847283,-76.76127392,6.5,3.0
2025-02-08 12:00:00,237.19664615654176,52.61290956,18.4491271,94.46217554,403.05152391348895,203.0392491,0.224277429,203.0392491,49.95450023,15.88978067,-72.19570889,6.5,3.0
2025-02-08 12:15:00,229.09940600594106,52.02610549,21.91767519,97.45498342,400.2282369634715,194.239501,0.222105762,194.239501,48.94882182,18.49632674,-70.24298167,6.5,3.0
2025-02-08 12:30:00,238.08798108600328,46.33861482,15.876947,62.92929318,398.8652310988347,233.8451234,0.233280619,233.8451234,38.08574631,12.93071882,-78.87290483,6.5,3.0
2025-02-08 12:45:00,236.00596675151382,54.19040295,27.87450977,96.80762919,367.0650080242049,184.388874,0.243371225,184.388874,51.0128422,22.76874591,-69.14323903,6.5,3.0
2025-02-08 13:00:00,258.73760341616656,54.7020637,21.81196935,82.71869943,395.55193270428003,208.064924,0.241413254,208.064924,46.84735067,18.99669417,-74.13652241,6.5,3.0
2025-02-08 13:15:00,264.56549492901894,44.93919458,25.06077665,94.48461554,415.6495375990407,196.1958688,0.241557503,196.1958688,38.95144564,18.65217289,-69.21775912,6.5,3.0
2025-02-08 13:30:00,261.9014399019085,49.25728649,21.17717148,91.42196924,396.212808261522,197.4310594,0.232406113,197.4310594,48.81193964,16.23542669,-70.75721957,6.5,3.0
2025-02-08 13:45:00,242.84546175290598,49.04320014,24.34527912,68.29744174,423.0057214351573,221.1246576,0.24381029,221.1246576,46.83058449,18.20658097,-78.18188125,6.5,3.0
2025-02-08 14:00:00,244.0129103116739,55.19704346,16.6360734,89.00538513,527.6801428461421,231.5287473,0.249851078,231.5287473,46.83027602,9.292666129,-77.86327418,6.5,3.0
2025-02-08 14:15:00,248.05211353908908,54.40434816,28.93733337,97.30755793,527.2597647193494,205.570767,0.257557076,205.570767,51.07848035,22.78911442,-75.88108873,6.5,3.0
2025-02-08 14:30:00,245.15099917979015,56.77279508,17.74117498,87.42805504,506.6101162830555,206.7232714,0.266691529,206.7232714,53.70441009,15.38591594,-73.36276561,6.5,3.0
2025-02-08 14:45:00,278.7039769694469,57.5705401,18.68345523,59.81886442,553.3699761514531,232.0479852,0.272563379,232.0479852,54.70828242,14.74546149,-80.6052857,6.5,3.0
2025-02-08 15:00:00,269.45904858131115,45.99746396,28.57198764,79.50014369,413.0304254665604,221.5330003,0.279807032,221.5330003,41.3957824,19.41063572,-78.09361958,6.5,3.0
2025-02-08 15:15:00,270.3045264936957,46.00416386,20.93939816,85.80784416,429.39079741586585,201.9327551,0.28223935,201.9327551,43.88144094,13.53103439,-70.3571339,6.5,3.0
2025-02-08 15:30:00,264.5332461537268,46.53010842,21.58091026,91.68967259,422.5965317413954,192.1875159,0.282599755,192.1875159,45.86300031,13.29908303,-67.83219496,6.5,3.0
2025-02-08 15:45:00,241.59317877126637,43.98339942,21.64942712,99.55122303,416.04224537617824,184.0237272,0.284664176,184.0237272,40.82908368,14.11393942,-65.25160776,6.5,3.0
2025-02-08 16:00:00,346.1507032627865,58.33070543,14.9967219,86.66313634,363.76707855888003,211.6948968,0.263073076,211.6948968,50.59959877,10.40072936,-72.55165917,6.5,3.0
2025-02-08 16:15:00,338.6142058649312,56.31523682,17.55053584,87.85441205,339.3820169743996,204.3837031,0.26011877,204.3837031,55.13842863,11.61083772,-70.71910251,6.5,3.0
2025-02-08 16:30:00,351.17113707394424,54.55429803,29.1501146,95.47587638,340.1596259892693,197.5867281,0.256686142,197.5867281,54.40253851,22.42043266,-73.50535671,6.5,3.0
2025-02-08 16:45:00,305.0739537983379,47.02354782,29.73905012,81.44175393,371.88127847745113,216.5945677,0.260913412,216.5945677,44.54717969,29.17580378,-80.811457,6.5,3.0
2025-02-08 17:00:00,393.5000642420103,58.20552987,29.32986374,77.39689776,204.56216004714204,228.4813795,0.26309062,228.4813795,51.75383401,27.32552531,-84.38629622,9.0,3.0
2025-02-08 17:15:00,388.6421942050619,57.75778845,20.73895079,102.5135286,200.99544469828595,189.5956664,0.270684499,189.5956664,48.02465505,17.60643463,-68.46331278,9.0,3.0
2025-02-08 17:30:00,402.4420526335849,48.48435062,17.71996919,88.12323196,202.59932573593994,202.4951867,0.257894111,202.4951867,41.75659981,15.76576615,-70.81316263,9.0,3.0
2025-02-08 17:45:00,443.07568891934284,57.41826244,27.26102317,93.23870928,208.5730695186321,197.904341,0.265800247,197.904341,56.82821429,26.25246156,-75.78377416,9.0,3.0
2025-02-08 18:00:00,424.287727150601,47.83726977,23.22859831,88.02883856,0.0,207.2839039,0.262268444,207.2839039,42.0543104,19.90181547,-73.84346648,9.0,3.0
2025-02-08 18:15:00,414.7855855537718,48.68786578,25.0143314,85.91418267,0.0,228.9863733,0.257389503,228.9863733,41.95540515,19.33957743,-80.6900449,9.0,3.0
2025-02-08 18:30:00,426.73501698211226,44.17438956,26.01332475,90.95610779,0.0,204.3440024,0.258516156,204.3440024,40.84995465,23.26785378,-74.05601545,9.0,3.0
2025-02-08 18:45:00,428.701670313515,51.6642804,26.5017399,80.80411817,0.0,216.0731792,0.250292025,216.0731792,43.79079553,24.62102567,-79.41073555,9.0,3.0
2025-02-08 19:00:00,446.8543514791665,56.23378123,15.53845275,82.00353493,0.0,208.1215096,0.254333105,208.1215096,49.07989439,11.33376446,-71.7603198,9.0,3.0
2025-02-08 19:15:00,466.5096560527106,55.27237997,22.7914014,90.11308568,0.0,206.826167,0.236554365,206.826167,51.55934818,18.05011657,-73.87606108,9.0,3.0
2025-02-08 19:30:00,453.78814703568906,50.15931511,28.79000803,76.25003154,0.0,221.607399,0.237333956,221.607399,41.84147135,22.06839845,-79.66968559,9.0,3.0
2025-02-08 19:45:00,419.4678454324337,51.5398368,29.00981334,86.6371767,0.0,211.5282468,0.22944823,211.5282468,49.20114258,22.54352839,-77.70268345,9.0,3.0
2025-02-08 20:00:00,421.6869981739969,47.83223831,19.36339575,95.35263408,0.0,195.8626489,0.225512241,195.8626489,43.82155433,13.91010907,-68.18538739,9.0,3.0
2025-02-08 20:15:00,404.33361452240496,54.53809952,23.78903228,81.46198626,0.0,208.5631892,0.224302583,208.5631892,47.65645914,14.33335565,-72.59648326,9.0,3.0
2025-02-08 20:30:00,425.3908540821388,43.98812575,26.45271408,97.03573153,0.0,182.31077,0.216110914,182.31077,38.01727635,25.54696728,-68.84379596,9.0,3.0
2025-02-08 20:45:00,404.82853322145934,57.48326627,28.87917682,100.4787667,0.0,191.8423002,0.224715421,191.8423002,47.03673447,15.6130644,-68.94563597,9.0,3.0
2025-02-08 21:00:00,273.6801777953408,58.28631473,25.59227015,85.39872054,0.0,213.3924838,0.222123413,213.3924838,56.52227993,24.91692099,-78.87079544,9.0,3.0
2025-02-08 21:15:00,284.85222754730324,50.15595972,27.29873322,72.98196327,0.0,209.8212694,0.228545547,209.8212694,42.702989,22.36548646,-75.8349051,9.0,3.0
2025-02-08 21:30:00,298.0229551143344,55.06427953,22.3072173,94.06590604,0.0,206.4002302,0.225103411,206.4002302,53.67671283,15.50464459,-73.33179127,9.0,3.0
2025-02-08 21:45:00,294.4246395430215,54.12617672,22.97321227,76.02697249,0.0,204.2744281,0.232666776,204.2744281,51.66177765,14.87406793,-72.1719592,9.0,3.0
2025-02-08 22:00:00,217.8913706053217,50.23845845,20.23323341,80.92213098,0.0,201.6496453,0.220218245,201.6496453,46.01285455,13.9710615,-70.59302015,6.5,3.0
2025-02-08 22:15:00,217.7163998768881,45.19459458,14.55479001,93.94807363,0.0,189.7531721,0.2312746,189.7531721,43.21036545,11.44063031,-65.55841278,6.5,3.0
2025-02-08 22:30:00,236.10724954830468,43.34366571,19.35361468,77.42315888,0.0,211.9176869,0.230043631,211.9176869,42.90974631,13.16003083,-72.82423584,6.5,3.0
2025-02-08 22:45:00,233.1049799694856,55.49970731,23.90168999,85.45150056,0.0,197.6152095,0.222198447,197.6152095,47.57001283,17.79021624,-71.20333553,6.5,3.0
2025-02-08 23:00:00,276.96866648070477,46.10444668,21.68346071,102.5244091,0.0,178.3259677,0.212027106,178.3259677,44.423923,12.11691486,-62.38169521,6.5,3.0
2025-02-08 23:15:00,288.9762678654739,48.24633996,28.05351148,88.9687938,0.0,199.5676469,0.219367599,199.5676469,42.64345622,19.74973187,-71.51166826,6.5,3.0
2025-02-08 23:30:00,276.7986683666719,57.38918696,29.24255677,76.35886095,0.0,225.1909217,0.220296361,225.1909217,47.2382684,24.99692929,-82.28201179,6.5,3.0
2025-02-08 23:45:00,306.9963972871494,53.58120788,27.49358776,88.111142,0.0,203.9170371,0.226503243,203.9170371,49.89915762,13.76564806,-71.1939998,6.5,3.0
2025-02-09 00:00:00,295.00941053619437,50.74690018,18.09926318,97.0927972,0.0,183.7396716,0.224061717,183.7396716,46.00516346,11.89577542,-64.30825832,6.5,3.0
2025-02-09 00:15:00,281.5623375262637,51.747124,14.92170243,102.1552389,0.0,185.6863875,0.210558011,185.6863875,43.07841892,10.49707624,-64.08496812,6.5,3.0
2025-02-09 00:30:00,288.0812132897325,44.59905964,21.67662102,77.07024584,0.0,204.0958081,0.21090599,204.0958081,41.5727398,14.59686975,-71.11151568,6.5,3.0
2025-02-09 00:45:00,292.3670386478095,43.49281828,22.66836448,88.02338303,0.0,194.999224,0.214801317,194.999224,39.52499769,18.14348269,-69.27552091,6.5,3.0
2025-02-09 01:00:00,233.3019755196789,48.60522581,25.24649449,82.20128438,0.0,211.0501489,0.21868452,211.0501489,40.79369184,21.15557531,-75.47597399,6.5,3.0
2025-02-09 01:15:00,215.24262249266835,50.44397381,24.48938449,92.12031139,0.0,195.6922882,0.216186098,195.6922882,48.5345527,24.27806952,-72.83041461,6.5,3.0
2025-02-09 01:30:00,219.56549401785952,55.44590928,15.36224863,98.68175907,0.0,184.440801,0.208382158,184.440801,48.55198669,15.19406328,-66.13359501,6.5,3.0
2025-02-09 01:45:00,235.13990796979328,47.17425067,21.32690619,90.64843297,0.0,187.8880494,0.214036288,187.8880494,42.94021779,12.73202442,-65.46425746,6.5,3.0
2025-02-09 02:00:00,274.57065322334927,55.262739,21.07674959,89.22527126,0.0,200.8761454,0.21816319,200.8761454,50.36616067,12.02480562,-69.63614333,6.5,3.0
2025-02-09 02:15:00,267.6714797888141,44.6337404,25.29070531,85.27021515,0.0,197.7605048,0.210136193,197.7605048,39.05338246,19.65661301,-70.47928395,6.5,3.0
2025-02-09 02:30:00,286.1182912497386,53.51339681,16.62689498,85.66741396,0.0,204.2808212,0.201528162,204.2808212,44.11208813,16.06681043,-72.32925903,6.5,3.0
2025-02-09 02:45:00,277.65957573809806,42.74331961,26.19499191,97.33642897,0.0,169.6839011,0.199818236,169.6839011,37.1655243,20.05898076,-62.12587536,6.5,3.0
2025-02-09 03:00:00,289.95895794185617,52.23480136,25.46128475,81.73769982,0.0,206.5710347,0.209627656,206.5710347,47.82208232,22.04282533,-75.32921325,6.5,3.0
2025-02-09 03:15:00,301.52279125666746,52.85541392,27.76140624,98.81444966,0.0,185.8237799,0.199623877,185.8237799,44.58145319,15.54504147,-66.1597964,6.5,3.0
2025-02-09 03:30:00,278.3271524058041,55.18116611,26.80330351,100.1323298,0.0,183.5579687,0.203566212,183.5579687,54.05832948,26.64822762,-70.06195736,6.5,3.0
2025-02-09 03:45:00,292.1410983956723,50.32268306,20.84566507,101.2334162,0.0,184.7610906,0.185253582,184.7610906,50.19604049,15.24002695,-66.50807252,6.5,3.0
2025-02-09 04:00:00,281.59010870519523,54.81077854,17.08767569,89.8338224,0.0,197.2785717,0.188985602,197.2785717,54.57777364,14.3671706,-70.16121439,6.5,3.0
2025-02-09 04:15:00,287.4251396949868,46.22008791,15.66979461,108.6420878,0.0,187.9158249,0.181071804,187.9158249,42.37365378,7.972522262,-63.51430176,6.5,3.0
2025-02-09 04:30:00,292.829384632718,44.1098752,16.86809263,99.6896509,0.0,184.7235196,0.170388012,184.7235196,42.60353538,13.29367519,-64.06488948,6.5,3.0
2025-02-09 04:45:00,282.7453669670999,48.97111678,18.16722782,81.98998067,0.0,198.4275575,0.154236479,198.4275575,44.39530873,17.59253825,-70.07741183,6.5,3.0
2025-02-09 05:00:00,290.1615989175549,45.71994609,23.38211317,82.937864,0.0,209.7358701,0.142841185,209.7358701,37.62857559,19.97802581,-74.79592387,6.5,3.0
2025-02-09 05:15:00,282.8429158651957,57.0386221,15.75591312,90.79194164,0.0,214.0799795,0.139673255,214.0799795,50.04440115,8.520571613,-72.34318539,6.5,3.0
2025-02-09 05:30:00,298.13272340221357,55.47671282,18.82726538,101.5121951,0.0,176.1029848,0.144163539,176.1029848,54.10338548,18.4655858,-65.02280086,6.5,3.0
2025-02-09 05:45:00,290.95276181503573,50.16261224,20.91829898,97.28301759,0.0,194.2239688,0.157566038,194.2239688,41.93887046,15.17545029,-68.68101853,6.5,3.0
2025-02-09 06:00:00,381.7617510982589,49.39172207,17.71368526,77.07970807,0.0,215.5664884,0.161608802,215.5664884,41.31505237,11.19114738,-73.03250965,6.5,3.0
2025-02-09 06:15:00,388.7740321118707,50.93520989,15.98011696,95.76872352,0.0,201.6477138,0.175723476,201.6477138,41.94688348,12.01481633,-69.00804878,6.5,3.0
2025-02-09 06:30:00,402.7944657812484,49.28945135,24.92079508,93.51509694,0.0,186.2975995,0.177474404,186.2975995,40.34957243,18.57029544,-67.01765758,6.5,3.0
2025-02-09 06:45:00,424.319751008622,53.75298377,14.70284049,81.55047449,0.0,209.1740144,0.174347669,209.1740144,49.29195783,7.510067755,-70.48851964,6.5,3.0
2025-02-09 07:00:00,414.28933050497164,53.30663749,16.56535422,109.2912056,195.50651545372764,177.2383824,0.189798025,177.2383824,51.55975664,10.20587616,-61.73555739,6.5,3.0
2025-02-09 07:15:00,422.9285453311912,45.47429725,19.53411288,89.59563056,201.40988302384062,198.4313795,0.19033341,198.4313795,43.20132812,12.22929258,-68.82106002,6.5,3.0
2025-02-09 07:30:00,391.4850584957776,43.19975124,22.35696891,85.28104685,211.48497568253808,194.9547255,0.193451884,194.9547255,36.08974384,22.04942583,-70.0198953,6.5,3.0
2025-02-09 07:45:00,397.51706566805956,44.74299679,27.4245121,90.56632511,201.4286258398937,201.9451308,0.19780085,201.9451308,40.19468149,14.03842241,-69.70522562,6.5,3.0
2025-02-09 08:00:00,397.1887483773143,53.98988096,16.01598671,94.70413108,354.05034198682733,189.9741345,0.191898134,189.9741345,44.72153455,9.800802551,-64.9663783,6.5,3.0
2025-02-09 08:15:00,403.78459067306494,53.14478664,18.97934001,79.76163867,378.1501446920011,198.7583916,0.196986542,198.7583916,44.4355686,16.4674299,-70.85774359,6.5,3.0
2025-02-09 08:30:00,385.7467589768424,52.33268899,15.72204459,99.90219467,365.03422204327984,191.4704684,0.180782411,191.4704684,49.6738628,12.30700702,-66.72713462,6.5,3.0
2025-02-09 08:45:00,420.6099019727783,51.98113167,20.73185709,99.81320692,352.57529127789167,184.1643101,0.182458991,184.1643101,49.148532,13.37210952,-65.61968243,6.5,3.0
2025-02-09 09:00:00,297.2528913207272,50.44662974,15.03697907,93.88875756,557.281855462582,189.8684514,0.185459689,189.8684514,41.67452849,14.72765378,-66.84133332,6.5,3.0
2025-02-09 09:15:00,294.3996154465109,50.3007145,23.66050567,89.94503097,564.3309861903281,199.5553913,0.170406554,199.5553913,44.32586449,12.78192346,-68.74660111,6.5,3.0
2025-02-09 09:30:00,301.2683841997629,46.17887353,23.2372639,82.55372046,547.2616378763272,192.7466045,0.170663494,192.7466045,42.06268354,19.28817474,-69.34177591,6.5,3.0
2025-02-09 09:45:00,304.089109032999,50.72750408,27.19854134,98.72041559,513.1655204707627,182.0224227,0.163792955,182.0224227,50.18505636,22.96865922,-69.09008647,6.5,3.0
2025-02-09 10:00:00,337.32297222947443,44.90340345,16.80503489,87.31841533,577.5262421636569,193.4296609,0.162438815,193.4296609,36.69693858,11.3861073,-65.85335439,6.5,3.0
2025-02-09 10:15:00,337.7285882621565,55.83365037,15.60778966,93.44649213,566.2337477936827,195.577041,0.175920419,195.577041,52.84109496,12.01707053,-68.48515604,6.5,3.0
2025-02-09 10:30:00,342.41851933792896,49.84279563,25.63618595,99.50489988,560.7866593986497,179.5138649,0.187952617,179.5138649,44.15893775,16.2913931,-64.8574456,6.5,3.0
2025-02-09 10:45:00,322.6199201704401,45.86296003,26.22303945,109.7848845,595.3033506440106,180.6653317,0.173928194,180.6653317,41.26458523,21.37344897,-66.2265332,6.5,3.0
2025-02-09 11:00:00,264.4015140428324,42.864019,25.92262371,97.723809,436.45424093623217,194.7453657,0.16835865,194.7453657,39.70951846,15.97938796,-68.4811236,6.5,3.0
2025-02-09 11:15:00,260.8029013313835,50.58524022,25.6907889,106.5843472,456.67830025892215,175.9140091,0.172789816,175.9140091,47.8889104,23.07935394,-65.79111881,6.5,3.0
2025-02-09 11:30:00,279.31126636967997,54.6697031,16.10658414,91.47131388,432.7023446881947,180.3914225,0.163795404,180.3914225,46.28662697,14.35740399,-64.27295434,6.5,3.0
2025-02-09 11:45:00,269.9843182561042,46.1269967,14.85786236,90.44465823,420.75511411665093,195.5730033,0.151396913,195.5730033,39.77897639,10.6551224,-66.76176992,6.5,3.0
2025-02-09 12:00:00,242.04428698070484,54.06206947,20.07916798,95.42801756,466.25261168888807,192.0691058,0.152925957,192.0691058,44.07666462,19.54036161,-69.20003235,6.5,3.0
2025-02-09 12:15:00,234.52474784248218,43.16957452,19.75088913,92.26024206,448.26643279683367,184.3727225,0.170102697,184.3727225,42.18681374,12.30854132,-64.17750274,6.5,3.0
2025-02-09 12:30:00,226.39127686233462,50.65899388,14.59507075,112.9827967,435.82679949826564,168.0481643,0.166205903,168.0481643,42.40493746,10.4640769,-58.35437106,6.5,3.0
2025-02-09 12:45:00,228.50968831447835,57.50096677,17.03404365,97.93282662,437.6741560160126,179.2914966,0.161866152,179.2914966,46.6628977,16.90505537,-64.40663009,6.5,3.0
2025-02-09 13:00:00,259.52667252620626,48.22325972,21.9301473,104.0675939,562.0383119051132,174.7014565,0.158699909,174.7014565,47.50861974,15.70882927,-62.67603844,6.5,3.0
2025-02-09 13:15:00,267.63174253361456,50.17866878,18.7638423,81.71541032,587.2728351306502,202.1025752,0.163165428,202.1025752,49.91184465,17.30110694,-72.49298169,6.5,3.0
2025-02-09 13:30:00,273.91184123974597,46.30501427,20.76056442,114.6041217,560.8670350917856,158.6634141,0.181562046,158.6634141,40.09937792,17.59446224,-57.74671555,6.5,3.0
2025-02-09 13:45:00,268.58974370043336,50.6363722,22.46511828,86.38117828,549.1518178724509,188.1118029,0.176068821,188.1118029,48.77859309,16.90028469,-67.7980118,6.5,3.0
2025-02-09 14:00:00,270.8567846972094,48.95766561,21.73043311,120.6149119,447.86015394411237,169.1577281,0.179086975,169.1577281,43.35416878,18.85570265,-61.90263451,6.5,3.0
2025-02-09 14:15:00,261.6498729863069,46.61020488,24.26464238,94.66863815,433.43022100344695,173.8955006,0.16829092,173.8955006,37.60138846,18.37301515,-62.93265727,6.5,3.0
2025-02-09 14:30:00,275.4160837940703,52.07561806,18.17740689,96.92540532,418.37829581053796,182.0482717,0.1774642,182.0482717,47.2788898,12.16552462,-64.32331029,6.5,3.0
2025-02-09 14:45:00,246.79725852241336,50.38102772,14.70307781,94.99785479,427.4413292419026,179.4948714,0.168730295,179.4948714,46.26061513,7.488816222,-60.93090134,6.5,3.0
2025-02-09 15:00:00,243.33771324211887,48.71936542,16.93476608,88.97816306,398.0943006286426,197.9978356,0.172696501,197.9978356,41.44816332,9.987409612,-67.01488729,6.5,3.0
2025-02-09 15:15:00,234.9024267332728,54.28960696,19.14144189,83.27123285,418.13687350811875,204.8780363,0.174256627,204.8780363,50.89107222,15.98737451,-72.5082965,6.5,3.0
2025-02-09 15:30:00,234.20678714863124,51.42254844,25.61633283,84.33672647,403.4357320467598,192.7959723,0.18073029,192.7959723,46.4745817,17.99261872,-69.01549651,6.5,3.0
2025-02-09 15:45:00,231.063072875977,44.05946717,20.90809196,95.53754406,400.55309381647885,187.7395963,0.177519942,187.7395963,36.86730864,11.17020146,-63.66849095,6.5,3.0
2025-02-09 16:00:00,313.52736651553334,56.05468927,14.58089875,79.97421198,403.3076618162587,209.8526444,0.187572927,209.8526444,52.28697741,10.0589572,-71.82343748,6.5,3.0
2025-02-09 16:15:00,319.06460412688796,44.01780842,23.74236581,93.46888998,406.6030666133535,183.7746186,0.199269795,183.7746186,43.8013757,19.30486584,-66.45398806,6.5,3.0
2025-02-09 16:30:00,326.940085125516,44.7219501,16.85661423,94.59726651,411.9176653965438,179.8274596,0.193505522,179.8274596,43.65348124,16.13487964,-64.68766056,6.5,3.0
2025-02-09 16:45:00,303.3079442320626,48.42699396,17.40211153,108.7951021,440.61160617384417,165.6013037,0.200498123,165.6013037,47.99612616,16.78072225,-61.02168831,6.5,3.0
2025-02-09 17:00:00,425.29130992549693,52.5971799,15.32825753,117.1968422,182.57492315882922,165.3762842,0.202524055,165.3762842,46.40325708,10.01884979,-57.82449079,9.0,3.0
2025-02-09 17:15:00,392.6448340119859,47.97405167,23.07017374,87.62021909,186.15107890928243,205.4115646,0.209026464,205.4115646,46.67312904,22.48412375,-74.33762569,9.0,3.0
2025-02-09 17:30:00,410.33723884111447,49.86279514,17.03967198,89.89433114,196.24665223547555,194.5247419,0.211295021,194.5247419,45.78032477,15.92757815,-68.98797608,9.0,3.0
2025-02-09 17:45:00,418.83661722140255,53.67059786,19.46027684,97.69419359,202.36734569641283,188.3485402,0.232343097,188.3485402,49.04740509,10.91199533,-65.64559006,9.0,3.0
2025-02-09 18:00:00,416.7047203905886,48.87753682,27.32683023,109.1294244,0.0,169.6771771,0.24070376,169.6771771,39.62534269,20.54519668,-62.05695145,9.0,3.0
2025-02-09 18:15:00,399.677883853664,51.39449965,25.25635976,81.97708817,0.0,203.1145601,0.233864639,203.1145601,41.84314655,25.03393698,-74.82498801,9.0,3.0
2025-02-09 18:30:00,423.4185184684799,49.33051236,17.90524443,91.73831009,0.0,188.7791742,0.233704762,188.7791742,46.85547336,14.94711477,-66.84013483,9.0,3.0
2025-02-09 18:45:00,441.34887728726744,50.86565968,22.89281388,89.27835013,0.0,205.9947131,0.237206738,205.9947131,46.18229645,22.70824862,-74.13278645,9.0,3.0
2025-02-09 19:00:00,435.0165562871427,43.70594418,25.85216183,92.43035569,0.0,191.1829682,0.242843051,191.1829682,37.65765163,20.73635893,-67.50817459,9.0,3.0
2025-02-09 19:15:00,456.43337405465064,55.33956429,16.29949975,89.78361074,0.0,197.8566014,0.224008246,197.8566014,50.30759614,8.319635476,-67.39850885,9.0,3.0
2025-02-09 19:30:00,443.8214804242708,45.47684299,15.98923356,86.76166692,0.0,196.6948369,0.228453882,196.6948369,42.02281534,12.24473045,-67.63521681,9.0,3.0
2025-02-09 19:45:00,420.408589233936,48.98900606,25.08451426,79.38113807,0.0,194.4062305,0.229814936,194.4062305,43.70418538,18.602013,-69.08995614,9.0,3.0
2025-02-09 20:00:00,413.38979158539945,53.25803277,21.18937115,100.7812741,0.0,185.5300946,0.226676671,185.5300946,50.61521522,16.86233035,-66.63061607,9.0,3.0
2025-02-09 20:15:00,419.81998338055155,47.8355816,15.03899964,93.39489789,0.0,181.2661084,0.236447406,181.2661084,43.88099891,8.724843271,-61.57379633,9.0,3.0
2025-02-09 20:30:00,423.7573693031297,52.06809765,20.36521445,89.2778352,0.0,184.7228384,0.246832279,184.7228384,49.2968482,15.24500772,-65.90376343,9.0,3.0
2025-02-09 20:45:00,414.35285573091915,49.6968928,26.38316467,96.71818,0.0,192.2753041,0.252430533,192.2753041,47.47438654,22.10824698,-70.189796,9.0,3.0
2025-02-09 21:00:00,243.5861818436275,43.07354007,21.8641562,85.93302386,0.0,190.6865087,0.250510652,190.6865087,38.58336521,14.90440956,-66.81156427,9.0,3.0
2025-02-09 21:15:00,242.1848751962366,49.46196497,24.42817171,100.1070383,0.0,178.9785548,0.250571489,178.9785548,47.22114439,16.65548765,-63.85293353,9.0,3.0
2025-02-09 21:30:00,244.8727222636246,52.0216898,15.12396889,97.60531302,0.0,187.0366038,0.262032845,187.0366038,41.63536337,10.30983513,-63.65886696,9.0,3.0
2025-02-09 21:45:00,259.8162206965113,45.22847005,25.26082307,97.36014146,0.0,194.1056481,0.267638199,194.1056481,38.02165861,20.53567683,-69.31905862,9.0,3.0
2025-02-09 22:00:00,269.3686829991593,40.81959503,18.26292841,87.83535199,0.0,190.4344695,0.248317149,190.4344695,37.0755147,10.90529666,-64.81410774,6.5,3.0
2025-02-09 22:15:00,284.59117909703207,52.98361804,16.55491072,96.10755266,0.0,169.3720787,0.257903768,169.3720787,47.46447526,12.40230073,-59.73179611,6.5,3.0
2025-02-09 22:30:00,293.1396871135891,46.3243581,23.33597508,101.0613938,0.0,167.8312776,0.25892464,167.8312776,39.45470296,11.95493443,-58.71774689,6.5,3.0
2025-02-09 22:45:00,281.2404507902195,50.9177853,16.70931466,93.70507394,0.0,175.9297817,0.247650029,175.9297817,48.01764963,14.96398463,-62.74732783,6.5,3.0
2025-02-09 23:00:00,258.4711366054573,42.54440111,15.80283898,98.90271236,0.0,178.712841,0.240930409,178.712841,38.25344625,15.66648563,-63.15580892,6.5,3.0
2025-02-09 23:15:00,272.4724791728543,41.21615864,17.93618009,85.87331546,0.0,183.1128943,0.226373315,183.1128943,33.90120517,15.74135498,-64.57919329,6.5,3.0
2025-02-09 23:30:00,263.4580083361912,52.70838852,13.99009907,81.74765088,0.0,190.3177182,0.219476468,190.3177182,48.28829494,10.50720506,-65.73523952,6.5,3.0
2025-02-09 23:45:00,246.01837588549733,48.29449172,15.05139708,97.09879151,0.0,175.9378127,0.224169364,175.9378127,48.06731638,10.92027627,-61.58186361,6.5,3.0
2025-02-10 00:00:00,309.77575935164987,45.27021742,15.57446663,98.0582742,0.0,189.9288129,0.219906084,189.9288129,37.19444296,8.714880646,-63.63413154,6.5,3.0
2025-02-10 00:15:00,317.0992197860866,53.90446145,16.53050127,88.45203973,0.0,201.1417243,0.226802274,201.1417243,52.28890385,13.96921452,-70.17181197,6.5,3.0
2025-02-10 00:30:00,299.6777629144828,44.11920374,23.23037131,95.05414543,0.0,177.6715879,0.254329815,177.6715879,37.25073772,12.61770205,-61.87917931,6.5,3.0
2025-02-10 00:45:00,326.26725794778054,44.86724731,14.33500882,114.4534861,0.0,156.0080877,0.243018235,156.0080877,41.81528613,13.168583,-55.60353478,6.5,3.0
2025-02-10 01:00:00,274.4683326821266,49.16002317,22.64525539,94.05235993,0.0,183.4740738,0.262932277,183.4740738,48.07755879,17.16649279,-65.90149267,6.5,3.0
2025-02-10 01:15:00,269.64263863171846,49.46372378,16.83965145,98.71403258,0.0,169.3190235,0.26207058,169.3190235,49.25261082,9.12015772,-59.01177828,6.5,3.0
2025-02-10 01:30:00,275.63626655857746,42.75372899,23.03384903,71.19937585,0.0,200.7342709,0.266591532,200.7342709,41.67461582,17.70857721,-70.4037652,6.5,3.0
2025-02-10 01:45:00,314.17276212757747,50.74946067,26.03461856,90.92920108,0.0,195.6428724,0.269858546,195.6428724,45.31456296,14.04510502,-68.30923268,6.5,3.0
2025-02-10 02:00:00,306.6579127022942,42.96909922,15.85670128,102.7188115,0.0,165.2844936,0.264874633,165.2844936,41.79396544,9.107457823,-57.10000676,6.5,3.0
2025-02-10 02:15:00,330.2179815967337,41.96490689,15.10058032,96.79418746,0.0,170.1080187,0.260706382,170.1080187,33.70379177,12.69662901,-58.43072859,6.5,3.0
2025-02-10 02:30:00,327.8001563828126,44.67741103,17.61867512,84.79135852,0.0,189.5194918,0.238000044,189.5194918,43.03453993,9.924914906,-64.42644365,6.5,3.0
2025-02-10 02:45:00,321.2139493181596,52.24487288,20.27675524,88.06118718,0.0,183.4515132,0.224426275,183.4515132,49.09198233,11.69305201,-63.58829167,6.5,3.0
2025-02-10 03:00:00,312.7190208897827,47.73618284,17.49792911,77.90446209,0.0,210.5189719,0.224298094,210.5189719,39.8546673,15.40365123,-72.58197144,6.5,3.0
2025-02-10 03:15:00,291.0274931183876,52.38177757,18.23351693,108.0179174,0.0,171.2887966,0.234745479,171.2887966,46.28543809,10.32127403,-59.54325426,6.5,3.0
2025-02-10 03:30:00,287.1155821912808,53.01324345,26.45937359,98.03242957,0.0,179.4452295,0.215733204,179.4452295,46.96890917,13.23657842,-63.11349302,6.5,3.0
2025-02-10 03:45:00,304.3779038005489,42.07221444,22.57506825,102.4161099,0.0,178.913946,0.216679978,178.913946,38.08800146,17.23525175,-63.15693349,6.5,3.0
2025-02-10 04:00:00,246.22454055720024,44.10051356,24.20780775,97.13745028,0.0,181.6860872,0.221886852,181.6860872,42.40280607,22.52782635,-66.97739058,6.5,3.0
2025-02-10 04:15:00,251.05676476282702,43.23523797,20.56109852,104.6838585,0.0,182.4376862,0.220617741,182.4376862,42.44692066,19.62561683,-66.09183164,6.5,3.0
2025-02-10 04:30:00,270.3137204509485,46.26122308,20.82293154,90.73209679,0.0,173.2200908,0.223755776,173.2200908,38.59485584,12.08647369,-59.70133412,6.5,3.0
2025-02-10 04:45:00,267.1749742290242,44.42900588,20.63823898,103.4657852,0.0,168.8257207,0.229898878,168.8257207,44.12077647,13.68359393,-59.93266874,6.5,3.0
2025-02-10 05:00:00,324.2419104227971,45.65818622,17.95232763,83.77077394,0.0,189.2915593,0.221275568,189.2915593,39.06500182,10.42961256,-64.35863752,6.5,3.0
2025-02-10 05:15:00,323.63525306327807,46.87657231,27.10877707,78.55152892,0.0,197.4835305,0.213405762,197.4835305,39.22658897,25.67463822,-71.50251171,6.5,3.0
2025-02-10 05:30:00,317.4546785187673,54.24916415,16.31872264,98.9290197,0.0,169.7342982,0.213208372,169.7342982,44.58325344,14.51105415,-60.22003792,6.5,3.0
2025-02-10 05:45:00,300.19815799515743,43.54025465,22.16478357,99.98539553,0.0,185.4008477,0.207551957,185.4008477,36.41883707,18.75274412,-65.65778293,6.5,3.0
2025-02-10 06:00:00,436.4877996570787,43.62023716,19.79552583,107.1765847,0.0,166.0580528,0.208278352,166.0580528,43.05210973,16.83585487,-60.18869413,6.5,3.0
2025-02-10 06:15:00,430.5531524827472,54.25572574,19.61902886,113.4934966,0.0,158.4435937,0.219129102,158.4435937,44.26718213,19.1696123,-59.0672029,6.5,3.0
2025-02-10 06:30:00,451.4810790819593,46.83932949,24.78951083,103.0425053,0.0,175.3118267,0.223287927,175.3118267,45.5384788,13.63806241,-61.83819926,6.5,3.0
2025-02-10 06:45:00,426.10796877821485,43.02272554,21.47307322,103.8204098,0.0,158.6942086,0.232324333,158.6942086,38.29287039,19.7549958,-58.59320821,6.5,3.0
2025-02-10 07:00:00,448.2407554967357,42.0658348,21.17703703,88.47145019,154.16293250548483,179.6201109,0.232574036,179.6201109,39.30013632,20.69469019,-64.46837404,6.5,3.0
2025-02-10 07:15:00,478.58898869511097,46.02698897,24.08796875,82.18518423,141.79949030581952,185.7844892,0.212902742,185.7844892,45.80624041,18.95996181,-67.4827627,6.5,3.0
2025-02-10 07:30:00,476.51720352841227,49.69053782,16.45720865,107.7250038,150.53029199467866,169.8530429,0.201234597,169.8530429,48.52600796,12.90318393,-60.19584788,6.5,3.0
2025-02-10 07:45:00,440.4230522797411,47.97445474,18.00638975,95.9449662,143.197285194017,169.0763938,0.201637416,169.0763938,47.35475773,10.29959796,-59.33994469,6.5,3.0
2025-02-10 08:00:00,389.1105017391305,53.07700078,24.14539289,109.8076221,365.14037154288684,167.5854797,0.207093702,167.5854797,43.37549803,22.62745086,-62.12658518,6.5,3.0
2025-02-10 08:15:00,386.77173959664543,41.33278657,17.40878603,105.4786616,361.2101646212346,168.6395552,0.210426437,168.6395552,33.88958434,12.35360922,-58.16436453,6.5,3.0
2025-02-10 08:30:00,407.4523755031454,51.06341425,26.28515581,90.95383788,372.8064917103617,178.7979796,0.20857286,178.7979796,46.2610679,22.89628391,-65.69840193,6.5,3.0
2025-02-10 08:45:00,386.5553831610789,49.16727259,14.47213768,82.87214659,372.29297212551705,190.5996872,0.222899375,190.5996872,44.89946845,13.51619595,-66.54649907,6.5,3.0
2025-02-10 09:00:00,394.85268398892737,48.47231705,18.65036441,101.1864265,435.4749158421563,173.7007374,0.208773577,173.7007374,42.29942547,13.71005057,-61.06709345,6.5,3.0
2025-02-10 09:15:00,379.1545736200214,50.90594697,18.52641312,108.7510468,462.2515121762022,171.3315744,0.214370301,171.3315744,44.81063165,16.72073077,-61.88298931,6.5,3.0
2025-02-10 09:30:00,390.5289345547795,48.32471375,25.41219432,92.44867743,442.6947570626285,181.2571997,0.222560888,181.2571997,44.18862995,23.88518525,-66.77317259,6.5,3.0
2025-02-10 09:45:00,344.2138078362718,53.18591665,22.07805674,85.50137492,473.99881491901306,181.2043107,0.242240788,181.2043107,51.27726162,20.73184981,-66.2701994,6.5,3.0
2025-02-10 10:00:00,387.64590646937773,54.89353857,22.03181797,89.01166819,647.4072737310184,192.3874891,0.258522311,192.3874891,49.91702342,12.66367975,-67.25593861,6.5,3.0
2025-02-10 10:15:00,368.7605920665265,42.53590882,25.96971068,121.7105102,627.2648846725748,144.5330919,0.260408485,144.5330919,37.73489913,18.20363199,-53.09796067,6.5,3.0
2025-02-10 10:30:00,374.0489211652957,52.83022914,24.80537953,81.24702468,608.2812991776137,183.2478649,0.265589181,183.2478649,43.01133054,16.57961548,-65.48797156,6.5,3.0
2025-02-10 10:45:00,415.29458029880016,53.33035383,18.60094318,92.6900646,597.7565424187933,180.5048849,0.254611409,180.5048849,50.08571762,16.64420365,-64.65572469,6.5,3.0
2025-02-10 11:00:00,245.45478567869193,44.72447594,19.95277886,98.9625772,516.6191008523566,159.5730517,0.266025311,159.5730517,37.55401981,19.03801738,-58.29624142,6.5,3.0
2025-02-10 11:15:00,267.64849909794174,53.15844087,20.49095111,109.2682336,535.5921069140426,172.8703142,0.27390365,172.8703142,47.08286358,16.29529896,-62.02805837,6.5,3.0
2025-02-10 11:30:00,259.70236905201733,50.52169811,23.50398947,89.02852111,514.1165782499967,184.5241114,0.282458321,184.5241114,46.48924642,21.30867961,-67.99489803,6.5,3.0
2025-02-10 11:45:00,248.92434617134904,41.92765423,15.02110899,82.31107512,522.2722139836042,185.9979734,0.283425571,185.9979734,40.50059553,11.76863484,-63.6784031,6.5,3.0
2025-02-10 12:00:00,275.35716748934897,45.93395768,14.59925162,86.98645307,605.4426226370423,181.4684622,0.281019431,181.4684622,40.09966003,13.95459874,-63.16485416,6.5,3.0
2025-02-10 12:15:00,267.4739315993639,42.60109961,14.01634737,95.67959823,618.9094961274137,175.3586797,0.266619835,175.3586797,40.12908346,12.01050916,-60.38212709,6.5,3.0
2025-02-10 12:30:00,285.0651676605586,40.53583023,24.66203113,111.0038027,584.5254645052479,148.0524088,0.2749431,148.0524088,40.45477476,20.44021164,-55.34887737,6.5,3.0
2025-02-10 12:45:00,263.41373325072857,44.46760036,19.62693569,107.7598221,570.4824167302963,159.8801592,0.284647048,159.8801592,35.58088932,11.27443293,-55.48991363,6.5,3.0
2025-02-10 13:00:00,273.18130804995974,43.18499958,21.96589917,89.83165208,517.8362979299212,175.5240351,0.285251253,175.5240351,40.64541626,18.04836613,-63.13120102,6.5,3.0
2025-02-10 13:15:00,263.3331870004786,48.14290781,22.18839308,97.83946024,508.24114610010133,173.390326,0.287832332,173.390326,45.71422135,17.77310521,-62.44794454,6.5,3.0
2025-02-10 13:30:00,273.27195021356977,51.07101748,26.53244667,81.98587929,503.6910824743551,182.085417,0.289011614,182.085417,48.40673074,21.67322138,-66.66330038,6.5,3.0
2025-02-10 13:45:00,265.78355473599186,46.98492612,24.34999045,111.8958894,460.5914734956225,172.8796684,0.293816242,172.8796684,44.18953085,14.99113046,-61.12768077,6.5,3.0
2025-02-10 14:00:00,242.09040610665298,47.29475132,19.6901403,90.32120882,410.25532699300794,177.5144048,0.288946277,177.5144048,41.85329534,16.87389484,-63.0146304,6.5,3.0
2025-02-10 14:15:00,240.82366150122974,46.75689488,19.16002143,117.41325,410.29162035340573,152.8766187,0.283530581,152.8766187,42.62352006,10.34060316,-54.39210367,6.5,3.0
2025-02-10 14:30:00,241.16408849885178,40.78061404,25.44333447,101.637687,415.1883720786052,154.4385672,0.274053263,154.4385672,33.44966167,22.83467694,-57.42441817,6.5,3.0
2025-02-10 14:45:00,280.29184389326554,45.25909197,15.64057688,94.43734394,371.9846805749812,175.4978365,0.257900401,175.4978365,36.64557485,7.861152801,-58.62137225,6.5,3.0
2025-02-10 15:00:00,270.59548134712105,46.75616329,24.57056473,85.33256877,388.89974263873114,186.7166111,0.268804425,186.7166111,43.65257118,22.44444364,-68.11009573,6.5,3.0
2025-02-10 15:15:00,281.13706706284654,41.63450759,24.4096905,96.61566932,418.25821828663936,170.068784,0.265926861,170.068784,37.43995046,17.52286986,-60.68573786,6.5,3.0
2025-02-10 15:30:00,258.7016358190253,40.30878114,22.80303015,107.0691258,400.9544123178267,147.9734457,0.28632299,147.9734457,39.17810822,13.07877783,-52.94694476,6.5,3.0
2025-02-10 15:45:00,273.825815771007,45.36571561,19.17555325,98.8854285,428.8576267568028,170.7571211,0.290661342,170.7571211,43.81985074,13.34495699,-60.30934979,6.5,3.0
2025-02-10 16:00:00,420.15305568539117,42.97510658,23.64815097,92.60633645,343.4017429164285,186.5383388,0.28803337,186.5383388,42.75375925,13.72190605,-64.569527,6.5,3.0
2025-02-10 16:15:00,413.48550072020043,44.10878578,24.25524487,112.412738,328.7395308192091,161.3245798,0.287799017,161.3245798,36.22896368,23.81830184,-60.59385522,6.5,3.0
2025-02-10 16:30:00,424.42979413662823,52.66511943,26.08362388,106.5828143,323.7286319357556,170.3340199,0.2855777,170.3340199,48.52447398,25.94482689,-65.13279077,6.5,3.0
2025-02-10 16:45:00,418.8916494577802,52.54643243,24.62936983,103.4176356,338.60009432860693,162.8195063,0.286269516,162.8195063,52.07947569,14.24077688,-59.07353642,6.5,3.0
2025-02-10 17:00:00,481.00092853283496,45.39368058,15.05852807,82.95286726,216.46347311532836,187.9077513,0.281955457,187.9077513,41.68140852,13.56066789,-65.25700849,9.0,3.0
2025-02-10 17:15:00,474.72487822274996,48.74340174,15.13176094,93.78786539,227.10080134763976,177.4593734,0.260521575,177.4593734,41.74086764,9.480829268,-60.41354956,9.0,3.0
2025-02-10 17:30:00,487.1675814157243,44.23972938,20.50858232,95.86198841,210.09173344459384,176.0702004,0.248363733,176.0702004,42.47119937,11.16925281,-60.84598797,9.0,3.0
2025-02-10 17:45:00,509.8766118286908,47.54975136,14.97360406,82.66491984,224.05399209243808,187.8131586,0.247074533,187.8131586,38.30589674,10.73813696,-63.77405124,9.0,3.0
2025-02-10 18:00:00,477.10274002797433,40.68253178,16.65397522,108.0988152,0.0,164.4962133,0.247532582,164.4962133,35.08138868,12.3745255,-56.973235,9.0,3.0
2025-02-10 18:15:00,499.43858502870756,48.1739745,21.32331868,105.3638846,0.0,162.9726357,0.246881716,162.9726357,45.70048889,12.62593913,-57.71318907,9.0,3.0
2025-02-10 18:30:00,501.0089938112282,48.06097043,19.67060328,115.4059586,0.0,146.5561042,0.247128603,146.5561042,43.35545405,14.43002453,-53.5474688,9.0,3.0
2025-02-10 18:45:00,448.91968113208986,40.41389302,16.70688036,73.43785604,0.0,191.8113791,0.242873306,191.8113791,39.72223364,8.901813927,-64.65456617,9.0,3.0
2025-02-10 19:00:00,459.1987743429109,43.92349272,18.92231312,82.00330355,0.0,189.0153112,0.227473955,189.0153112,41.81554083,15.49955267,-66.60776433,9.0,3.0
2025-02-10 19:15:00,446.63481577602033,49.86583622,18.38122055,104.7033656,0.0,175.8648047,0.211740533,175.8648047,47.43071614,14.53244342,-62.69771525,9.0,3.0
2025-02-10 19:30:00,452.13877417008007,42.50939544,22.69298297,103.2545303,0.0,161.0149315,0.212192035,161.0149315,36.67021118,15.52262658,-57.17857961,9.0,3.0
2025-02-10 19:45:00,450.4976357109888,40.35506706,25.58726363,84.91293951,0.0,179.759864,0.228436158,179.759864,33.64899134,23.79523101,-65.2283538,9.0,3.0
2025-02-10 20:00:00,474.831872523271,39.89525069,16.48974197,111.5914715,0.0,139.6135952,0.227921536,139.6135952,35.63515591,13.18139958,-49.7035953,9.0,3.0
2025-02-10 20:15:00,476.49522394070283,45.0010136,21.14363398,84.70477221,0.0,189.3486908,0.244642657,189.3486908,39.09274821,19.25833249,-67.10120329,9.0,3.0
2025-02-10 20:30:00,495.49383876030174,45.55453181,22.31415548,110.8394392,0.0,150.233713,0.241945436,150.233713,39.4288751,14.23720535,-53.80892032,9.0,3.0
2025-02-10 20:45:00,442.16906477572434,42.87215152,22.30016145,82.54862489,0.0,188.0781055,0.232185673,188.0781055,41.6967001,21.5745079,-67.53663379,9.0,3.0
2025-02-10 21:00:00,300.53650133686943,50.25943198,21.35916377,102.5838641,0.0,165.3516718,0.235153675,165.3516718,50.21475292,13.18476444,-59.3340295,9.0,3.0
2025-02-10 21:15:00,298.46564836436494,43.40564545,18.76249852,106.8002331,0.0,152.374631,0.22911485,152.374631,35.44571545,11.13502457,-52.67830005,9.0,3.0
2025-02-10 21:30:00,296.64888694326925,47.66262713,21.91892908,109.7658268,0.0,155.4552489,0.206608519,155.4552489,42.24534013,17.40165299,-57.4288654,9.0,3.0
2025-02-10 21:45:00,268.4489633554963,52.421951,20.24645644,100.6320199,0.0,163.0351112,0.214808393,163.0351112,47.17455045,12.05096723,-57.98983711,9.0,3.0
2025-02-10 22:00:00,258.71042374119617,46.30835042,15.27075947,100.1377251,0.0,170.3491731,0.224466302,170.3491731,43.31302505,10.51875727,-58.91447659,6.5,3.0
2025-02-10 22:15:00,270.27354839000185,51.3606224,15.93885347,108.8324245,0.0,167.580813,0.236530937,167.580813,46.09600245,9.652371598,-58.02661767,6.5,3.0
2025-02-10 22:30:00,258.69810473036836,45.50591055,15.23088661,90.59106923,0.0,182.3460416,0.230389591,182.3460416,38.49432502,14.1066529,-63.58729027,6.5,3.0
2025-02-10 22:45:00,256.33792313843355,49.09535802,21.80043052,89.18013047,0.0,181.0493523,0.233143523,181.0493523,40.18175744,20.43134749,-65.40441466,6.5,3.0
2025-02-10 23:00:00,268.5550974845675,45.30509477,24.03430266,101.9998481,0.0,156.6630098,0.236541068,156.6630098,43.70814695,14.54438899,-56.46388375,6.5,3.0
2025-02-10 23:15:00,266.6119607091987,46.39548748,13.8021833,97.74085751,0.0,169.5807796,0.236122906,169.5807796,43.63942326,13.53758953,-59.63394986,6.5,3.0
2025-02-10 23:30:00,271.81063362480825,47.44496541,20.71819323,87.71021078,0.0,183.0654482,0.239346636,183.0654482,40.89513761,15.11956276,-63.96122785,6.5,3.0
2025-02-10 23:45:00,293.9123081814256,45.29177124,14.90223241,101.996364,0.0,174.5241044,0.248745463,174.5241044,44.10670141,9.611206281,-60.04679337,6.5,3.0
2025-02-11 00:00:00,320.47988809935316,46.64432965,14.83991027,100.0086155,0.0,167.4704787,0.224611893,167.4704787,39.55803518,9.924262578,-57.02915185,6.5,3.0
2025-02-11 00:15:00,330.18260197849196,40.13405605,25.27897436,99.13946652,0.0,162.6863737,0.235832423,162.6863737,35.81448976,24.01944084,-60.23391744,6.5,3.0
2025-02-11 00:30:00,308.9164256128217,44.02703582,25.97188291,107.3553426,0.0,154.9544577,0.236177555,154.9544577,43.36279604,20.38253608,-56.7860775,6.5,3.0
2025-02-11 00:45:00,336.71108430933305,47.67494211,23.4890724,111.208395,0.0,148.1653574,0.228663227,148.1653574,46.82663022,12.28570309,-53.38944278,6.5,3.0
2025-02-11 01:00:00,260.42770311829605,46.13677648,22.02691791,84.85449716,0.0,184.5242907,0.229479338,184.5242907,41.53774577,16.90158547,-65.09569395,6.5,3.0
2025-02-11 01:15:00,258.15332791689013,45.62205887,17.44446791,113.0730025,0.0,141.8987978,0.23401923,141.8987978,43.12616969,11.89456972,-50.30388717,6.5,3.0
2025-02-11 01:30:00,254.11352014613936,48.95537756,24.47887512,91.06085765,0.0,175.8265207,0.231509369,175.8265207,44.49856845,18.59561395,-63.46591568,6.5,3.0
2025-02-11 01:45:00,232.17544881867445,54.31374223,25.14664543,99.13114474,0.0,169.499243,0.237120297,169.499243,48.20813785,19.81829534,-62.10053873,6.5,3.0
2025-02-11 02:00:00,271.8863382650738,48.1491805,22.57104096,94.699288,0.0,175.1699927,0.236093411,175.1699927,47.81289331,14.47401157,-62.26756237,6.5,3.0
2025-02-11 02:15:00,284.631966906949,46.74066218,19.96450873,87.5944104,0.0,180.3338779,0.22515532,180.3338779,42.41034891,18.60493519,-65.2807729,6.5,3.0
2025-02-11 02:30:00,288.79361205223375,43.4318089,15.53121327,96.21186163,0.0,167.4834033,0.226890596,167.4834033,39.92398607,13.10964047,-58.72103874,6.5,3.0
2025-02-11 02:45:00,290.4380827757434,49.32292513,26.30732836,98.58218887,0.0,174.5144245,0.241405577,174.5144245,42.93008615,22.02182859,-64.63184307,6.5,3.0
2025-02-11 03:00:00,319.42629090634836,41.15158413,21.90129029,80.98073761,0.0,200.969304,0.240408957,200.969304,33.11238113,20.17808784,-70.26541476,6.5,3.0
2025-02-11 03:15:00,310.0824394275769,46.21833165,13.72396558,109.5256669,0.0,166.1600925,0.245639615,166.1600925,45.00462026,10.22518094,-57.58377743,6.5,3.0
2025-02-11 03:30:00,319.29338358697873,52.58919965,21.49688972,105.6407491,0.0,161.5761745,0.223207435,161.5761745,49.73237165,16.06035864,-59.1222018,6.5,3.0
2025-02-11 03:45:00,303.9978860790959,44.50742679,16.8004822,110.8971257,0.0,154.6537036,0.212192968,154.6537036,39.45068687,11.89765681,-54.21234592,6.5,3.0
2025-02-11 04:00:00,272.5212392785546,50.48693172,21.54451725,84.51538439,0.0,179.7537584,0.201589405,179.7537584,45.40888223,13.36748425,-63.40397132,6.5,3.0
2025-02-11 04:15:00,266.74266124610386,46.20269182,21.68383348,114.0745688,0.0,159.2463665,0.200722449,159.2463665,41.16481453,19.26495408,-57.94941613,6.5,3.0
2025-02-11 04:30:00,277.51482100092267,53.99386993,23.10859758,81.54268848,0.0,187.9234854,0.196443056,187.9234854,49.95642757,17.37484452,-66.84334723,6.5,3.0
2025-02-11 04:45:00,280.39127847441887,42.19238936,24.70015296,114.604979,0.0,146.8903299,0.206280889,146.8903299,40.04386212,24.44667998,-55.92298295,6.5,3.0
2025-02-11 05:00:00,287.0955675797953,51.5516351,17.01656426,83.93828352,0.0,176.0874961,0.185807201,176.0874961,45.9123103,16.21421989,-62.12696878,6.5,3.0
2025-02-11 05:15:00,295.40042973251536,42.61841998,25.3948572,106.7809991,0.0,153.5473776,0.190432122,153.5473776,40.34317176,25.01185351,-58.05112053,6.5,3.0
2025-02-11 05:30:00,285.99108139948214,49.78685955,19.46879786,101.9029449,0.0,173.9393421,0.193170262,173.9393421,49.25088732,10.83416493,-60.73123416,6.5,3.0
2025-02-11 05:45:00,275.4529212882072,46.61900659,18.18129149,88.58451321,0.0,173.279927,0.179761567,173.279927,37.68435544,9.279014379,-58.52175363,6.5,3.0
2025-02-11 06:00:00,499.21457866110575,42.0523452,21.33145717,108.6288187,0.0,147.7360504,0.186360315,147.7360504,39.44715811,19.63880899,-54.9002384,6.5,3.0
2025-02-11 06:15:00,478.8295261113071,43.92617775,18.37352315,107.6484379,0.0,157.9989823,0.175548833,157.9989823,41.16283888,14.5091963,-56.22831792,6.5,3.0
2025-02-11 06:30:00,513.6168040583128,41.50384452,23.38902271,95.72862305,0.0,172.8488412,0.17868466,172.8488412,36.6446971,19.08948366,-61.86226713,6.5,3.0
2025-02-11 06:45:00,497.3590911692745,47.41481528,16.06383894,108.0052074,0.0,143.5068559,0.17442943,143.5068559,43.07623301,8.805302852,-50.32992356,6.5,3.0
2025-02-11 07:00:00,397.4918530395014,49.09023168,13.37540382,89.30406058,194.664485047755,179.9473505,0.184468986,179.9473505,40.52109291,7.819726163,-60.72837526,6.5,3.0
2025-02-11 07:15:00,377.3688337872409,41.89876111,22.12665833,88.14996276,197.2106295058127,177.465156,0.184447789,177.465156,34.03943557,17.96451944,-62.48334551,6.5,3.0
2025-02-11 07:30:00,368.97132178870726,46.09769578,15.84329491,105.5837497,203.63661147998567,158.6488848,0.187544892,158.6488848,43.07223491,8.612333325,-54.40707202,6.5,3.0
2025-02-11 07:45:00,382.02799138455043,46.14708677,17.57413041,118.379718,186.54827396644657,133.1496188,0.190368806,133.1496188,37.6305326,17.3932635,-49.60940396,6.5,3.0
2025-02-11 08:00:00,423.65177368246515,50.02627128,15.67490028,94.60673873,295.90852882271884,182.5237866,0.175743703,182.5237866,43.98507686,9.708658381,-62.33080204,6.5,3.0
2025-02-11 08:15:00,417.3160775281394,43.5960926,24.59879095,92.33734525,309.5176660735344,181.1995516,0.17336982,181.1995516,37.73199189,18.36042051,-64.26485047,6.5,3.0
2025-02-11 08:30:00,435.0358211987355,44.9480505,20.36660578,106.9472497,306.59811372178825,160.5658075,0.158286314,160.5658075,37.79399417,12.62881167,-55.84484289,6.5,3.0
2025-02-11 08:45:00,476.02632759066,43.07358627,23.45720663,93.6602483,274.35569138195865,181.2764948,0.168349753,181.2764948,38.57681405,23.22094329,-65.41828532,6.5,3.0
2025-02-11 09:00:00,426.1869931168237,46.8025926,16.21946186,114.5551249,549.8103913813329,140.6151925,0.164890034,140.6151925,45.11279064,11.82976473,-49.99911342,6.5,3.0
2025-02-11 09:15:00,418.16079304440103,45.47981347,22.49540864,89.72124395,558.8501286268894,179.2269769,0.16579777,179.2269769,41.4064759,19.12577749,-64.66692135,6.5,3.0
2025-02-11 09:30:00,423.37017791556383,43.10203432,25.68294215,103.2635455,571.6826069091115,155.3571304,0.169312355,155.3571304,37.68063994,13.87910088,-55.21385131,6.5,3.0
2025-02-11 09:45:00,404.3220359232114,38.6992262,19.65717252,95.39462311,556.6668730826664,158.9594383,0.162535128,158.9594383,32.97822368,17.5803262,-57.17786579,6.5,3.0
2025-02-11 10:00:00,338.3270870466537,50.1063458,22.71131358,93.23699752,676.9184468182019,179.8887283,0.158731306,179.8887283,41.06570121,15.29983213,-63.27494962,6.5,3.0
2025-02-11 10:15:00,345.2281739349257,45.07990834,18.68600943,128.3198056,620.0789693381818,123.0123543,0.163824078,123.0123543,40.68430081,15.81834717,-45.87486937,6.5,3.0
2025-02-11 10:30:00,351.53167467834385,47.10513839,21.22321822,102.0019784,646.8318211267955,161.5632792,0.174035522,161.5632792,37.76306375,17.66162184,-58.02981425,6.5,3.0
2025-02-11 10:45:00,368.4430643400767,49.77513176,22.63351353,83.41906712,647.9207627168207,179.4919934,0.173227515,179.4919934,43.43805919,17.87743841,-63.91826803,6.5,3.0
2025-02-11 11:00:00,269.06113838583605,51.19647303,19.36184612,81.76417065,437.30814468641796,183.8791747,0.178854363,183.8791747,45.41219954,13.17943093,-63.72623906,6.5,3.0
2025-02-11 11:15:00,263.128763316158,40.59896265,21.80194253,105.6543743,464.92161716674104,162.5994287,0.183101817,162.5994287,38.99334596,20.90458566,-59.34633828,6.5,3.0
2025-02-11 11:30:00,270.3188819758676,49.51211863,16.64704414,105.591298,447.93920973675256,155.5293239,0.187970323,155.5293239,45.74033712,16.47231141,-56.43956239,6.5,3.0
2025-02-11 11:45:00,287.14121632213846,51.42024401,22.29739204,87.72740839,459.4810284100886,175.7573039,0.185305984,175.7573039,46.35367962,18.18622752,-63.48916288,6.5,3.0
2025-02-11 12:00:00,273.2671215362759,49.92449906,21.49546067,90.75447992,414.59785905637733,161.6390145,0.18730883,161.6390145,41.52176874,12.26293796,-56.55610146,6.5,3.0
2025-02-11 12:15:00,261.6497990286843,42.2466252,22.09723979,114.1509823,431.6242027774611,144.0934018,0.203204147,144.0934018,34.71021127,12.86284039,-51.09235904,6.5,3.0
2025-02-11 12:30:00,272.55889045726923,51.82609428,25.9194132,106.0433565,414.1089718189277,161.9165048,0.207200901,161.9165048,49.37735565,24.96805632,-61.31491116,6.5,3.0
2025-02-11 12:45:00,270.5041889777706,49.59574572,14.45758116,81.89672065,456.10896634723395,177.2924309,0.202485792,177.2924309,45.36593219,13.4153886,-62.45086289,6.5,3.0
2025-02-11 13:00:00,257.1967415972534,45.88931534,13.88537937,91.73250197,533.173812235395,166.9520219,0.204182395,166.9520219,38.48094337,13.28807479,-58.14440639,6.5,3.0
2025-02-11 13:15:00,260.41295543102007,52.52928722,16.18618459,100.9588483,525.9355082379288,166.1119054,0.191825906,166.1119054,43.2684464,16.1223557,-59.05569627,6.5,3.0
2025-02-11 13:30:00,269.8702914509286,43.90161466,18.54486318,102.1749842,497.46202551185974,147.9337761,0.202554393,147.9337761,35.896243,11.74173207,-51.82434267,6.5,3.0
2025-02-11 13:45:00,249.82001152079783,51.59631897,23.67596127,98.39825624,491.4286540148164,166.2248659,0.21823562,166.2248659,46.94052619,16.49281506,-59.92184124,6.5,3.0
2025-02-11 14:00:00,261.86420976572526,50.6269059,17.9347517,103.4299719,436.7857750832028,152.0847776,0.221811206,152.0847776,47.19879805,14.82374611,-55.01664744,6.5,3.0
2025-02-11 14:15:00,267.5363097493829,50.52101711,24.98076662,82.33185851,428.309420975692,173.6295608,0.233525068,173.6295608,40.91531941,15.31361375,-60.76259192,6.5,3.0
2025-02-11 14:30:00,279.77070674747097,40.57072145,19.32814367,71.56019941,426.00610432730537,195.502409,0.227477945,195.502409,38.62004845,19.08910286,-69.04380447,6.5,3.0
2025-02-11 14:45:00,269.19877373742077,52.09343988,20.70827294,96.77120742,418.41869961379984,168.1849461,0.22134101,168.1849461,47.09496713,11.53858867,-58.82715502,6.5,3.0
2025-02-11 15:00:00,260.04705459223044,50.8113375,25.8643861,101.899992,497.15024964456444,169.067415,0.227930899,169.067415,45.8529905,19.62501072,-61.61969565,6.5,3.0
2025-02-11 15:15:00,270.6017571503901,51.99526943,17.70713553,105.776742,481.4454510891345,152.7442042,0.235702563,152.7442042,42.8637231,9.29815445,-53.25452578,6.5,3.0
2025-02-11 15:30:00,258.29345130983035,44.44587227,13.39096384,89.58083281,503.7162121440933,168.4774453,0.25063836,168.4774453,36.0301351,8.409200028,-57.06297856,6.5,3.0
2025-02-11 15:45:00,247.31773694754907,48.7206797,13.88680833,91.01337722,439.35808712220773,164.6322565,0.236209716,164.6322565,43.5983948,12.2878567,-57.87797665,6.5,3.0
2025-02-11 16:00:00,362.485724350065,41.50273767,25.61993478,109.1352951,402.99975429504224,160.2809448,0.240409473,160.2809448,33.22665431,23.74986873,-58.80922788,6.5,3.0
2025-02-11 16:15:00,360.58994779017405,50.14875323,23.55725086,105.3073974,392.43856420168373,138.0085477,0.250077268,138.0085477,46.80807295,20.28897091,-52.24194356,6.5,3.0
2025-02-11 16:30:00,363.3046276590965,49.59056291,15.79282412,99.62207231,399.5324897731406,158.5334205,0.242882518,158.5334205,46.57445611,9.733317956,-55.15867918,6.5,3.0
2025-02-11 16:45:00,355.70970020066443,47.50485598,18.30633272,101.1058415,377.27919173013333,156.3038267,0.250311483,156.3038267,42.75831411,16.06031998,-56.24951125,6.5,3.0
2025-02-11 17:00:00,457.18383542380724,53.01901834,25.95122646,82.20591011,211.55711042231067,185.4252082,0.250079096,185.4252082,49.60696177,20.55371594,-67.12118227,9.0,3.0
2025-02-11 17:15:00,484.4503342525961,50.4095915,16.38565123,92.59667848,225.28142410683512,166.301516,0.244116009,166.301516,48.90849632,8.585449387,-57.41682773,9.0,3.0
2025-02-11 17:30:00,473.02924769822357,47.72027461,16.62603166,91.13712287,224.71984150236108,180.077124,0.247850796,180.077124,42.96886478,12.18101982,-61.97759699,9.0,3.0
2025-02-11 17:45:00,478.63658262537297,45.7315116,15.43449866,104.3619227,228.09162396849308,160.2760182,0.263724754,160.2760182,37.90850202,13.30454021,-56.29595675,9.0,3.0
2025-02-11 18:00:00,465.5922723047148,46.98895519,16.06524523,84.96709529,0.0,169.8152289,0.252765142,169.8152289,41.9659923,13.75870113,-59.38749863,9.0,3.0
2025-02-11 18:15:00,488.8895593080931,40.39965515,19.25453457,105.1321368,0.0,156.4793287,0.265174435,156.4793287,37.13061323,15.22743728,-55.57909428,9.0,3.0
2025-02-11 18:30:00,492.1713649524593,42.13175695,13.47404401,89.45256189,0.0,171.1143232,0.262284618,171.1143232,41.24740701,6.883675522,-57.74612444,9.0,3.0
2025-02-11 18:45:00,467.7368034347328,50.8448799,24.18476928,110.4650459,0.0,168.6450975,0.258179226,168.6450975,46.93727583,15.78195843,-60.53010335,9.0,3.0
2025-02-11 19:00:00,447.0309553391976,39.91846126,23.77107512,98.55476671,0.0,148.6421188,0.240613925,148.6421188,34.22872911,13.50438793,-52.30017761,9.0,3.0
2025-02-11 19:15:00,487.2577654988672,43.65631482,16.11410185,93.10996848,0.0,173.291667,0.248466665,173.291667,41.24596939,12.23256289,-59.83323507,9.0,3.0
2025-02-11 19:30:00,479.56890314435236,50.19547067,14.11547621,101.0678255,0.0,167.47558,0.244787859,167.47558,40.49828956,9.819698667,-57.29065187,9.0,3.0
2025-02-11 19:45:00,454.6723760175828,44.26620408,25.56559637,96.3745146,0.0,156.3143068,0.230301145,156.3143068,44.09047631,13.05368725,-55.61833529,9.0,3.0
2025-02-11 20:00:00,445.68510194152964,50.56247808,17.00988295,103.440505,0.0,157.9230599,0.219435783,157.9230599,43.12474872,9.385827859,-55.0636354,9.0,3.0
2025-02-11 20:15:00,447.41231413705424,47.84174576,17.81934721,82.63542935,0.0,176.6863589,0.227402769,176.6863589,47.3782711,13.87420067,-62.02201259,9.0,3.0
2025-02-11 20:30:00,457.8128585311162,47.61051828,23.53887802,104.8184147,0.0,170.4644586,0.23785334,170.4644586,43.65433265,12.35044765,-59.49863154,9.0,3.0
2025-02-11 20:45:00,456.8897253902999,49.81107731,23.83064193,81.29109421,0.0,187.4151979,0.237937644,187.4151979,48.08337299,21.8243564,-68.42156504,9.0,3.0
2025-02-11 21:00:00,280.2120338697608,50.35752738,22.94299844,106.0563755,0.0,163.0328036,0.229703617,163.0328036,43.27576532,18.59590792,-59.29819676,9.0,3.0
2025-02-11 21:15:00,299.3307791153577,48.4361902,16.46639049,112.0870421,0.0,144.4730773,0.247868366,144.4730773,39.4464746,8.801666953,-50.11647413,9.0,3.0
2025-02-11 21:30:00,293.43995092929396,50.84879594,22.96722494,94.81865759,0.0,164.4983544,0.251208107,164.4983544,41.07755049,14.22007506,-58.07679199,9.0,3.0
2025-02-11 21:45:00,275.3972360855878,51.89889446,19.73262611,102.1659248,0.0,174.4749456,0.23885355,174.4749456,42.5092257,15.45885732,-61.15262788,9.0,3.0
2025-02-11 22:00:00,259.7151417598289,51.52742986,16.05081931,107.8419602,0.0,152.8228474,0.230336475,152.8228474,49.18701706,15.70406122,-55.691103,6.5,3.0
2025-02-11 22:15:00,247.36314052529937,49.04047085,25.36180966,94.45488542,0.0,159.9622114,0.238907252,159.9622114,42.47455648,20.98491515,-58.73493126,6.5,3.0
2025-02-11 22:30:00,259.82309955957237,42.83788477,19.84720411,87.59946813,0.0,175.5047765,0.248670224,175.5047765,42.13220419,17.97103605,-62.52720234,6.5,3.0
2025-02-11 22:45:00,270.27861815529945,48.19216735,18.58004916,97.48535913,0.0,166.9939402,0.252366429,166.9939402,42.58495156,13.5521111,-58.38897785,6.5,3.0
2025-02-11 23:00:00,265.83920187770315,43.57964232,25.34677694,96.1593112,0.0,163.1089997,0.244252488,163.1089997,40.19547221,13.58245875,-57.03471368,6.5,3.0
2025-02-11 23:15:00,265.0933211976379,50.48377259,23.60923733,102.6097148,0.0,155.4518055,0.250671024,155.4518055,48.60601934,18.46135357,-57.60827864,6.5,3.0
2025-02-11 23:30:00,273.4390833853661,50.34020889,22.98805152,101.4083609,0.0,172.9079364,0.242867391,172.9079364,43.92045945,22.66352423,-63.61759473,6.5,3.0
2025-02-11 23:45:00,267.16839353929277,52.62881261,19.37503913,104.2988912,0.0,156.4117539,0.234948783,156.4117539,44.84723327,15.17920098,-56.72801581,6.5,3.0
2025-02-12 00:00:00,298.64870125709,39.42729773,17.18848531,101.4959198,0.0,162.2296749,0.233877138,162.2296749,32.26682499,14.49648675,-56.48596137,6.5,3.0
2025-02-12 00:15:00,294.8400283233554,43.1666153,13.27609615,95.92285289,0.0,171.0390432,0.244960481,171.0390432,41.27099042,8.558440207,-58.20423589,6.5,3.0
2025-02-12 00:30:00,312.0169268014916,44.98914144,23.83066173,102.5374729,0.0,143.2619145,0.237535333,143.2619145,41.76014574,12.59091485,-50.90451212,6.5,3.0
2025-02-12 00:45:00,318.6243436180632,51.16519737,20.49523064,116.4402431,0.0,138.2174916,0.228957143,138.2174916,50.42340308,16.49346992,-52.05509012,6.5,3.0
2025-02-12 01:00:00,265.0396456074705,45.93457395,22.53905477,105.6791672,0.0,147.9440292,0.226600895,147.9440292,43.94288268,14.51275145,-52.97308601,6.5,3.0
2025-02-12 01:15:00,254.25782797559884,47.65972684,16.60749156,90.20927513,0.0,174.1828137,0.244478953,174.1828137,40.82065739,14.68428351,-60.81284185,6.5,3.0
2025-02-12 01:30:00,253.68263136502867,47.2504286,18.0920869,99.79951435,0.0,158.9389119,0.254838687,158.9389119,40.39132333,11.52545704,-55.2388214,6.5,3.0
2025-02-12 01:45:00,266.24989505190194,42.18242671,15.82758748,98.11472478,0.0,160.9329942,0.247370935,160.9329942,39.23553947,13.05839776,-56.0189273,6.5,3.0
2025-02-12 02:00:00,303.65322304664267,49.37299744,25.51305951,82.66697007,0.0,175.1957185,0.233758734,175.1957185,42.52883046,21.31076647,-64.3716015,6.5,3.0
2025-02-12 02:15:00,325.34000406552866,47.31791717,21.36332597,103.8145047,0.0,164.7101463,0.235354182,164.7101463,41.11504347,15.06301239,-58.44640681,6.5,3.0
2025-02-12 02:30:00,324.47255014731877,38.11807794,22.6533636,108.2223088,0.0,153.0347342,0.228433634,153.0347342,34.01430801,21.72114389,-56.67532837,6.5,3.0
2025-02-12 02:45:00,288.61422274050983,50.96313068,24.14290973,106.7120547,0.0,151.8585047,0.229367919,151.8585047,50.78823437,17.46880411,-56.00637851,6.5,3.0
2025-02-12 03:00:00,323.8970548918164,39.61633058,21.97256249,84.87140552,0.0,176.0777121,0.227446013,176.0777121,36.95417012,11.15237784,-59.78885198,6.5,3.0
2025-02-12 03:15:00,324.19308557354947,52.66520047,23.23789649,105.483599,0.0,165.6563518,0.238495291,165.6563518,45.87117482,17.28751314,-60.23386055,6.5,3.0
2025-02-12 03:30:00,306.5292240099159,45.17658777,16.3118808,89.66473272,0.0,172.8817529,0.231165982,172.8817529,44.22825434,11.466004,-59.79386988,6.5,3.0
2025-02-12 03:45:00,326.4506355247181,47.96548832,17.62714406,98.35527853,0.0,163.8715939,0.236811702,163.8715939,41.46015007,12.73018529,-57.42484092,6.5,3.0
2025-02-12 04:00:00,298.65368258350827,48.21205256,19.06465814,90.97095113,0.0,160.4649535,0.251924816,160.4649535,44.06255989,15.44724257,-57.69065685,6.5,3.0
2025-02-12 04:15:00,298.21407416406794,41.59162012,18.3490339,102.039435,0.0,150.5473638,0.243090907,150.5473638,39.15729229,17.63035485,-54.66733461,6.5,3.0
2025-02-12 04:30:00,292.9831847034653,49.11262375,13.36796337,96.64502317,0.0,160.5604266,0.236231715,160.5604266,41.9351258,12.25959169,-56.59283574,6.5,3.0
2025-02-12 04:45:00,292.1090585489585,48.72719654,25.38562918,102.6579551,0.0,160.1017028,0.21066204,160.1017028,42.35660909,18.94010346,-57.6214502,6.5,3.0
2025-02-12 05:00:00,289.8149244269892,41.16857658,17.46734952,81.69501365,0.0,175.7900682,0.210022848,175.7900682,33.98579323,14.33394303,-60.43752075,6.5,3.0
2025-02-12 05:15:00,297.2717848686323,39.23948039,24.80244881,95.27828922,0.0,164.2847342,0.214419149,164.2847342,37.93051362,21.4241972,-60.47220514,6.5,3.0
2025-02-12 05:30:00,312.17853515517066,43.93292694,17.33076663,110.2764951,0.0,158.1055306,0.226845858,158.1055306,40.66715421,16.17971896,-56.28037119,6.5,3.0
2025-02-12 05:45:00,313.8447555492078,39.0208325,21.60889913,88.9488588,0.0,165.222939,0.224569089,165.222939,37.09083213,15.25217944,-58.07432537,6.5,3.0
2025-02-12 06:00:00,461.84244419398595,43.1847,21.74768246,99.30787189,0.0,156.0175628,0.23420941,156.0175628,35.31932475,15.43117255,-54.95996045,6.5,3.0
2025-02-12 06:15:00,479.9141206295391,40.13141863,14.23192971,92.37557103,0.0,179.1554808,0.232968602,179.1554808,39.25199301,7.685088568,-60.05645321,6.5,3.0
2025-02-12 06:30:00,474.28053828111535,41.78625089,24.51464996,96.63397086,0.0,154.7766569,0.244359932,154.7766569,40.06857814,20.54761767,-55.8745486,6.5,3.0
2025-02-12 06:45:00,440.7528968953595,40.32055879,23.97278065,83.24457854,0.0,166.4550067,0.23995894,166.4550067,39.28838909,12.56206109,-57.95515539,6.5,3.0
2025-02-12 07:00:00,389.1013704036016,47.0117885,17.74467738,94.7069274,200.97748290646044,162.4606457,0.243638984,162.4606457,41.92885421,17.03603262,-57.80940115,6.5,3.0
2025-02-12 07:15:00,411.9142291249019,41.82749569,21.85495445,89.27615911,217.37437099773075,175.8876498,0.241449201,175.8876498,40.99385986,21.71371177,-64.18553729,6.5,3.0
2025-02-12 07:30:00,401.59219697740497,48.26939548,14.16523011,99.85552843,212.88540220727742,165.2911871,0.244115831,165.2911871,38.62098958,12.25946875,-57.11419939,6.5,3.0
2025-02-12 07:45:00,378.8222034940916,42.73227042,17.38664519,82.82847907,199.86274388853133,163.6530994,0.251694025,163.6530994,41.11550012,13.05652872,-56.96572666,6.5,3.0
2025-02-12 08:00:00,384.5307747967594,43.03271357,17.68648975,100.6450939,330.52547036586236,152.6794144,0.253804963,152.6794144,41.5495508,10.72600423,-53.01925143,6.5,3.0
2025-02-12 08:15:00,409.7760540991134,44.13278896,15.44231483,101.5192114,335.14961612081,159.4362574,0.24286748,159.4362574,35.92076128,14.84807058,-56.49807177,6.5,3.0
2025-02-12 08:30:00,416.76754093217835,49.09363077,19.80592364,87.7022056,346.3265703166379,173.8374119,0.245797303,173.8374119,46.29405855,18.32897967,-62.4163453,6.5,3.0
2025-02-12 08:45:00,377.88563017194883,49.84246096,22.54695291,92.73482983,326.03834319668965,155.9596044,0.247933464,155.9596044,40.90179761,17.30141754,-56.49610586,6.5,3.0
2025-02-12 09:00:00,414.0263200388365,39.63151142,19.70139371,109.3172466,433.96611275433054,144.3699551,0.249371125,144.3699551,31.87641016,10.77168875,-49.95672735,6.5,3.0
2025-02-12 09:15:00,437.81309246334456,46.72965212,15.86781181,93.96617585,454.7792272053972,148.5459299,0.262198413,148.5459299,41.06311814,14.97846761,-53.04970563,6.5,3.0
2025-02-12 09:30:00,421.4311189188817,46.51645979,15.42548757,83.75008927,458.1080766690322,176.1326016,0.276192546,176.1326016,46.05912527,8.812987409,-60.2550459,6.5,3.0
2025-02-12 09:45:00,397.7994685789372,45.29794795,22.5089803,90.20654244,470.94658337123997,169.484217,0.286896649,169.484217,39.00797715,15.10299763,-59.1816716,6.5,3.0
2025-02-12 10:00:00,330.2200613366464,50.99338163,14.51928459,85.94697411,590.545744924064,169.641094,0.287625272,169.641094,42.57737735,8.029456,-57.67137234,6.5,3.0
2025-02-12 10:15:00,323.42085345373175,46.64195223,13.70820283,100.2679363,583.7363608201956,151.1804207,0.285763456,151.1804207,38.65306529,8.988827302,-51.78451283,6.5,3.0
2025-02-12 10:30:00,340.5989053937844,39.03499311,17.83548881,91.5823422,543.6472603950477,165.2616049,0.277204072,165.2616049,35.93267149,15.62110824,-58.18282455,6.5,3.0
2025-02-12 10:45:00,349.0601798158375,47.19908421,24.59193409,106.8537056,561.4806338606923,145.6998912,0.296861886,145.6998912,40.41720026,12.31985046,-51.50672056,6.5,3.0
2025-02-12 11:00:00,248.7630775564273,48.75736775,19.06943067,111.5187281,514.92235927807,144.535698,0.298039329,144.535698,48.13443865,11.70343533,-51.43495591,6.5,3.0
2025-02-12 11:15:00,249.23174401334134,43.84966139,19.25649955,93.87171511,514.5027984025603,173.7210471,0.301904324,173.7210471,38.4958522,9.939544367,-58.7208265,6.5,3.0
2025-02-12 11:30:00,248.09283435019404,38.94274364,18.83823081,100.934184,497.67960382564695,158.5573604,0.305464367,158.5573604,34.31115792,13.24520608,-55.22690918,6.5,3.0
2025-02-12 11:45:00,260.47234408003726,42.94685052,23.68883391,94.24254663,471.9052384937229,154.3000469,0.303785817,154.3000469,41.96616448,21.25465167,-56.82304241,6.5,3.0
2025-02-12 12:00:00,265.1537879317768,46.37385956,18.11084987,85.11824469,512.8961322320349,171.3444777,0.318010594,171.3444777,38.32237294,12.25913845,-58.79439304,6.5,3.0
2025-02-12 12:15:00,265.6910759800482,46.94464038,14.0468088,103.2854672,520.3467631644394,141.7838685,0.306508976,141.7838685,46.74043954,13.10234093,-51.69683564,6.5,3.0
2025-02-12 12:30:00,277.70587111415637,52.42800231,14.03818235,107.0978013,518.6315445960331,152.2288448,0.320317709,152.2288448,46.70775661,12.04988046,-54.09830478,6.5,3.0
2025-02-12 12:45:00,267.1692649740187,39.60704945,15.74129506,99.82805117,499.28556000749245,158.5679905,0.32293277,158.5679905,31.86953102,12.78556416,-54.6233735,6.5,3.0
2025-02-12 13:00:00,254.93841336086405,47.87190642,12.46196941,87.90942183,443.93160012643636,164.9767612,0.31813363,164.9767612,38.99660308,10.3808786,-56.83758848,6.5,3.0
2025-02-12 13:15:00,257.39636208027326,44.68219965,17.37822006,95.00556252,450.79155132524824,153.9182588,0.327045864,153.9182588,41.37946688,9.657080812,-53.2813051,6.5,3.0
2025-02-12 13:30:00,267.13679785318516,44.36478734,16.55130788,97.40343937,446.32447478569776,148.2775687,0.318894701,148.2775687,44.10301655,10.34752841,-52.10962123,6.5,3.0
2025-02-12 13:45:00,286.1084267056775,43.2247609,21.00441086,96.5576259,406.33237376261786,152.6099393,0.310683979,152.6099393,37.36134735,10.72152391,-53.01358353,6.5,3.0
2025-02-12 14:00:00,256.6380711252665,37.55304713,17.3546098,98.90079225,528.9004955250612,149.0472204,0.312656671,149.0472204,34.82380128,16.93362737,-53.4518401,6.5,3.0
2025-02-12 14:15:00,250.43253216421581,43.50806502,16.09189465,85.05266096,519.5527049592854,176.9044069,0.31650276,176.9044069,35.1228976,8.281417299,-58.98947775,6.5,3.0
2025-02-12 14:30:00,272.1087862383708,44.6456773,21.23801549,98.72334644,551.8129392001817,151.4038808,0.323996826,151.4038808,42.03752298,19.65510684,-55.51467344,6.5,3.0
2025-02-12 14:45:00,261.24061047214695,42.54671667,23.75574264,94.41222119,546.0038603154717,167.2884664,0.315434901,167.2884664,41.79447816,17.26928789,-60.21413369,6.5,3.0
2025-02-12 15:00:00,299.8209201510368,38.33628835,21.61887083,102.0549067,566.3219985103185,141.8559453,0.300563081,141.8559453,37.57930676,12.58021937,-50.25882689,6.5,3.0
2025-02-12 15:15:00,293.9910351199261,38.68249481,17.22434238,102.9151224,616.0846356415564,148.5945675,0.288383276,148.5945675,36.19658916,10.35683909,-51.17374132,6.5,3.0
2025-02-12 15:30:00,295.72432229011554,41.47979813,18.2367916,98.19949265,569.9747125967364,160.2264617,0.293583699,160.2264617,40.42203029,17.463637,-57.05785456,6.5,3.0
2025-02-12 15:45:00,296.1737224389216,42.09569302,24.44805168,91.43007574,619.9686532513888,149.339884,0.294913665,149.339884,34.87841093,15.20826197,-52.92582488,6.5,3.0
2025-02-12 16:00:00,360.19286894134905,40.06821251,21.9556309,113.6010587,416.2787738379445,140.638549,0.292292802,140.638549,39.12027577,19.37056157,-52.66138471,6.5,3.0
2025-02-12 16:15:00,353.6868613591092,46.4669701,21.08985256,89.65421207,401.900134579236,171.439303,0.29480038,171.439303,46.22944139,10.73520566,-59.38631573,6.5,3.0
2025-02-12 16:30:00,351.6721828439747,49.5640077,20.87018547,95.5937073,412.58241385813915,147.0825823,0.296515735,147.0825823,47.65482832,13.05957074,-52.94203267,6.5,3.0
2025-02-12 16:45:00,360.2780868555669,40.97263562,22.65601376,86.15014024,357.4886777246802,161.3791351,0.287795174,161.3791351,36.35242345,21.62159681,-58.70420435,6.5,3.0
2025-02-12 17:00:00,514.2263729942489,45.57568238,21.34376024,108.7253649,198.63784886775073,151.9082457,0.281115601,151.9082457,44.05577623,11.14272294,-53.58546092,9.0,3.0
2025-02-12 17:15:00,477.3336599037782,48.7047172,13.40399999,85.47071134,206.11727920607214,160.9784527,0.260269924,160.9784527,44.43671238,8.344269643,-55.24150659,9.0,3.0
2025-02-12 17:30:00,491.74044068116496,47.52758353,14.06677744,86.8911693,197.00054743218453,181.6597138,0.253133087,181.6597138,43.00666133,12.62187287,-62.30189066,9.0,3.0
2025-02-12 17:45:00,485.549526420808,43.48863213,21.91480445,80.92856389,211.20432449399254,165.4391208,0.25789719,165.4391208,42.78404577,18.7024764,-59.7200292,9.0,3.0
2025-02-12 18:00:00,499.84883267053493,50.30962464,21.10451858,87.85288094,0.0,166.3308301,0.252725212,166.3308301,49.42213858,12.99212244,-58.91647537,9.0,3.0
2025-02-12 18:15:00,468.4675896832117,40.31876174,24.18334764,92.52495242,0.0,174.2284506,0.256872799,174.2284506,34.97969831,16.63553768,-60.44773729,9.0,3.0
2025-02-12 18:30:00,464.97992099030654,50.24749219,24.1870022,99.97152695,0.0,157.3699002,0.241804032,157.3699002,41.19242246,17.2249573,-57.20181212,9.0,3.0
2025-02-12 18:45:00,520.0836566559469,43.32045554,15.46677474,90.38346016,0.0,173.2476683,0.241197868,173.2476683,35.82660848,12.53928938,-59.63169769,9.0,3.0
2025-02-12 19:00:00,495.5393568027269,48.28510166,14.13944137,95.00323497,0.0,158.3019792,0.242589555,158.3019792,39.16111369,10.09873674,-54.45725743,9.0,3.0
2025-02-12 19:15:00,490.40733491149746,41.61844917,18.00405867,103.8274624,0.0,151.5957357,0.230034153,151.5957357,37.88288006,11.16963395,-52.87319933,9.0,3.0
2025-02-12 19:30:00,486.4705706331125,46.74867313,15.36634983,89.39379918,0.0,166.118696,0.23611297,166.118696,42.48043461,11.12869662,-57.64918595,9.0,3.0
2025-02-12 19:45:00,513.432737652663,47.18136649,16.2008887,99.45505306,0.0,160.1495192,0.212469792,160.1495192,41.55369602,8.602923577,-54.97308467,9.0,3.0
2025-02-12 20:00:00,473.9990887785511,46.64541775,15.69510926,110.3134052,0.0,141.132864,0.207815995,141.132864,45.33243892,13.33471311,-51.16168743,9.0,3.0
2025-02-12 20:15:00,453.86845358352343,45.4283414,23.89599882,80.19689282,0.0,180.9170887,0.213678098,180.9170887,38.70720302,12.86247406,-62.19239283,9.0,3.0
2025-02-12 20:30:00,467.15989170564984,45.02816908,23.25556719,87.71722835,0.0,163.6385556,0.221888228,163.6385556,42.08561064,19.40096019,-58.74574249,9.0,3.0
2025-02-12 20:45:00,423.8425659322754,45.88546309,17.79823828,104.6123529,0.0,152.484687,0.222642995,152.484687,44.59568845,11.33589247,-53.39729317,9.0,3.0
2025-02-12 21:00:00,338.9141590834606,41.49504468,22.7797104,84.8100649,0.0,170.4802179,0.233888739,170.4802179,33.2479336,12.89837435,-58.62221982,9.0,3.0
2025-02-12 21:15:00,324.0907504545287,46.64438448,17.80894629,87.12588288,0.0,172.4859792,0.232896401,172.4859792,40.17417318,17.6967422,-60.90495,9.0,3.0
2025-02-12 21:30:00,322.62263746394854,46.20993792,14.71284676,108.5297054,0.0,146.543656,0.221668217,146.543656,42.95015685,10.53981952,-51.45749519,9.0,3.0
2025-02-12 21:45:00,312.65245299806213,43.82619157,13.76588698,102.624054,0.0,153.7766512,0.225420592,153.7766512,38.80975663,7.124181697,-52.05985678,9.0,3.0
2025-02-12 22:00:00,313.45975172642034,42.10541379,14.55444916,95.9526442,0.0,162.9568945,0.234563756,162.9568945,39.88440579,13.81183681,-56.85443955,6.5,3.0
2025-02-12 22:15:00,305.6204952329105,43.66283575,12.93450917,89.29878813,0.0,154.8987331,0.246103759,154.8987331,39.41585431,9.481938712,-53.12661182,6.5,3.0
2025-02-12 22:30:00,307.9822728622402,42.71504295,16.11210658,100.7577284,0.0,150.5422282,0.247889453,150.5422282,39.63403488,15.11870221,-53.81569797,6.5,3.0
2025-02-12 22:45:00,303.9674801784288,47.33478935,12.81003891,88.76432324,0.0,165.1441113,0.243205002,165.1441113,40.79288066,11.69941612,-57.05786702,6.5,3.0
2025-02-12 23:00:00,262.6648252096217,45.88931268,18.05245094,97.58740179,0.0,159.5060002,0.242452312,159.5060002,40.63835462,15.06569217,-56.88108895,6.5,3.0
2025-02-12 23:15:00,247.09543284159918,41.86102766,20.92357019,96.23127793,0.0,150.141279,0.252927804,150.141279,39.75220051,15.25071605,-53.39687276,6.5,3.0
2025-02-12 23:30:00,253.31711283553068,46.49603194,22.1371232,96.71402942,0.0,151.1197415,0.28436632,151.1197415,39.99649704,16.03170806,-54.03184653,6.5,3.0
2025-02-12 23:45:00,264.9026291132484,43.91798017,14.61864492,81.36579602,0.0,174.0772841,0.289459836,174.0772841,41.87241927,7.769502894,-58.32346211,6.5,3.0
2025-02-13 00:00:00,293.08212970509413,39.06658892,15.57076207,81.91972699,0.0,158.05597,0.289385587,158.05597,32.87540767,8.976647177,-53.50782438,6.5,3.0
2025-02-13 00:15:00,287.28850520543983,40.89352607,23.66888285,88.27547079,0.0,163.9697244,0.281033335,163.9697244,40.10547389,22.63751487,-60.19964424,6.5,3.0
2025-02-13 00:30:00,290.0775486805334,41.24574939,16.00761847,114.608178,0.0,141.603576,0.266031932,141.603576,36.59415415,9.995013211,-49.26920178,6.5,3.0
2025-02-13 00:45:00,326.4218164089325,49.513673,18.05216338,90.0797611,0.0,168.6029445,0.262661559,168.6029445,43.60294601,9.60997666,-58.12433332,6.5,3.0
2025-02-13 01:00:00,262.4097412009761,47.55497482,16.90308807,92.32522059,0.0,158.6821734,0.263062565,158.6821734,45.23314901,12.13443974,-55.81234798,6.5,3.0
2025-02-13 01:15:00,249.21086439233633,39.30304473,14.84646252,101.8631271,0.0,148.1065147,0.282025994,148.1065147,37.05110058,12.83777764,-52.2245605,6.5,3.0
2025-02-13 01:30:00,257.5930271723253,39.80586678,18.54453487,104.2278143,0.0,149.2227705,0.274171957,149.2227705,36.93817616,13.14039193,-53.45628305,6.5,3.0
2025-02-13 01:45:00,241.03636723436216,37.05950892,15.83126936,89.33947492,0.0,154.3696124,0.285170398,154.3696124,32.81503517,13.74460938,-53.607653,6.5,3.0
2025-02-13 02:00:00,321.3631165596134,41.88651115,18.06731105,105.3664653,0.0,144.0261556,0.270081505,144.0261556,40.58155438,12.35380792,-50.97269034,6.5,3.0
2025-02-13 02:15:00,316.81947787494,48.14616755,15.12544818,86.01624552,0.0,163.5879029,0.261912912,163.5879029,39.32974711,9.090620105,-55.85937412,6.5,3.0
2025-02-13 02:30:00,294.8387431190733,42.04902627,14.61747713,100.6001518,0.0,140.0289702,0.252687149,140.0289702,38.30698945,8.042316299,-48.01860707,6.5,3.0
2025-02-13 02:45:00,298.03866244637334,39.11010695,23.0028201,80.56549182,0.0,160.9265693,0.264544857,160.9265693,32.42727064,17.47929907,-56.22832303,6.5,3.0
2025-02-13 03:00:00,311.62500082102616,46.82336995,19.00800299,93.29200693,0.0,150.556743,0.286147976,150.556743,40.93439332,16.75397435,-55.04984477,6.5,3.0
2025-02-13 03:15:00,298.2197308337836,45.43308996,19.00562266,95.68040985,0.0,142.0891869,0.298766468,142.0891869,36.5003964,16.59652594,-51.22283811,6.5,3.0
2025-02-13 03:30:00,320.51739311304726,43.82364412,21.04087153,87.99272303,0.0,173.5557887,0.299028632,173.5557887,38.71228757,11.81538824,-59.62710962,6.5,3.0
2025-02-13 03:45:00,309.40787523214294,47.72425135,18.1538467,94.8393137,0.0,152.6922236,0.308700223,152.6922236,43.31622381,16.66875146,-54.99994051,6.5,3.0
2025-02-13 04:00:00,283.2254765468192,41.97102278,18.41275137,110.7698828,0.0,145.5984939,0.312090471,145.5984939,39.24801382,10.85456119,-50.81886324,6.5,3.0
2025-02-13 04:15:00,287.74062185628406,38.55191061,17.03492697,99.7641485,0.0,153.4984658,0.29314202,153.4984658,34.49469373,9.562625759,-52.14587017,6.5,3.0
2025-02-13 04:30:00,289.2140467747194,43.62019818,24.07488369,110.1115824,0.0,129.2331865,0.288288464,129.2331865,39.81139052,15.16345313,-47.15064141,6.5,3.0
2025-02-13 04:45:00,320.5398548221774,43.91496654,20.37641801,93.67405938,0.0,153.2069632,0.271887925,153.2069632,36.1858204,14.22430656,-53.70576687,6.5,3.0
2025-02-13 05:00:00,298.83585547241915,47.01392497,20.46206252,85.77066237,0.0,168.5527971,0.260900761,168.5527971,45.68922599,17.15523758,-60.48453727,6.5,3.0
2025-02-13 05:15:00,301.154797534784,43.89829014,20.06852157,102.1937038,0.0,144.5398767,0.264840934,144.5398767,35.71546842,18.98835336,-52.77436583,6.5,3.0
2025-02-13 05:30:00,305.58669608536826,47.85092613,17.15841953,82.51947536,0.0,158.0181807,0.26147777,158.0181807,45.17745386,10.11409719,-55.03528481,6.5,3.0
2025-02-13 05:45:00,351.4826509074285,39.29941043,20.97421915,93.18581614,0.0,166.3612099,0.280057275,166.3612099,39.22032249,15.30492992,-58.38353558,6.5,3.0
2025-02-13 06:00:00,396.86321980413845,48.98618152,19.92227929,91.78832749,0.0,171.6717588,0.260236387,171.6717588,48.16046352,16.86299517,-61.39197139,6.5,3.0
2025-02-13 06:15:00,405.9774794278654,47.20114406,12.86750048,74.41546356,0.0,185.181427,0.266310019,185.181427,41.54457134,7.961629357,-62.16639221,6.5,3.0
2025-02-13 06:30:00,368.04311995740466,49.70180317,16.44703787,74.69380897,0.0,176.3839638,0.261078727,176.3839638,47.51941323,15.74123603,-62.69394092,6.5,3.0
2025-02-13 06:45:00,378.05618081059174,39.91773673,21.46557005,94.19394763,0.0,162.2879817,0.258019145,162.2879817,33.09142423,18.19855434,-57.3361633,6.5,3.0
2025-02-13 07:00:00,367.06724797263183,46.39964833,20.0196622,89.379695,189.67640275773732,166.8934034,0.266043254,166.8934034,39.43860997,18.13357094,-59.04861802,6.5,3.0
2025-02-13 07:15:00,382.7809575811175,49.45936263,21.09515559,79.25581557,187.80930125697734,176.2388761,0.269271797,176.2388761,47.38752233,14.82251611,-62.12857822,6.5,3.0
2025-02-13 07:30:00,368.89834496635683,49.39177655,14.67386798,95.4893911,192.6886769414278,161.4022353,0.265564329,161.4022353,43.48423004,9.102333135,-55.66422768,6.5,3.0
2025-02-13 07:45:00,402.4834494798938,45.4172837,25.09592922,81.96968751,211.77561904385766,165.9759498,0.276036832,165.9759498,42.7566903,17.26245769,-59.14403052,6.5,3.0
2025-02-13 08:00:00,425.3680661294572,47.00308856,13.24591994,86.28023434,395.62517158470973,168.1450558,0.261470753,168.1450558,37.62469236,11.88840865,-57.80567785,6.5,3.0
2025-02-13 08:15:00,428.28226382442057,38.58575776,18.90940096,93.85911752,400.75040739942466,154.4975968,0.262394849,154.4975968,38.39516715,10.25147509,-53.37701359,6.5,3.0
2025-02-13 08:30:00,441.77285520602146,43.02790367,18.22228569,98.86509837,403.2715628745632,138.6470194,0.266699215,138.6470194,37.41504905,15.68133476,-49.71979583,6.5,3.0
2025-02-13 08:45:00,400.9468148401006,46.88464338,13.38945826,90.32228858,426.8328581413025,150.6135482,0.266999434,150.6135482,42.90708759,12.94729541,-53.57381268,6.5,3.0
2025-02-13 09:00:00,358.0713028821156,50.38059832,22.81446493,84.71136654,492.5062541493552,177.6041315,0.268777145,177.6041315,47.22409591,19.20993035,-63.87767964,6.5,3.0
2025-02-13 09:15:00,336.05094039189663,50.24109846,22.56710558,88.94513347,509.68188527168127,163.2448933,0.268167675,163.2448933,43.59194658,15.71705388,-57.98907461,6.5,3.0
2025-02-13 09:30:00,348.8186064128718,43.51936819,16.70002196,107.931195,473.1566357346537,151.4287084,0.289715111,151.4287084,39.48742494,10.12763966,-52.60320448,6.5,3.0
2025-02-13 09:45:00,365.199150313116,43.26364742,22.10123633,93.37177012,516.34522484431,166.8534074,0.283033965,166.8534074,38.4946966,19.6328588,-60.24924674,6.5,3.0
2025-02-13 10:00:00,360.82955817093324,43.74539334,15.6596598,86.07956845,580.7977491745293,155.4068175,0.280864573,155.4068175,42.67572006,13.12859388,-54.20278106,6.5,3.0
2025-02-13 10:15:00,363.6194179791872,41.5516407,18.80190583,96.19872331,564.4989879876429,147.313185,0.282250932,147.313185,34.46246589,10.65954913,-50.9769882,6.5,3.0
2025-02-13 10:30:00,361.099387201678,45.07183493,12.72232387,84.05602434,604.2418157890688,173.2400282,0.2758885,173.2400282,41.76372376,9.784598943,-59.17826635,6.5,3.0
2025-02-13 10:45:00,345.57163664820155,45.7908933,18.95410887,87.52332717,606.581447048759,148.4480633,0.283013533,148.4480633,40.96023471,12.39736806,-52.74505707,6.5,3.0
2025-02-13 11:00:00,269.1500629239248,38.52763655,24.22132934,102.0635661,549.5581911564775,147.3127742,0.286797839,147.3127742,34.57533074,23.37944345,-55.06451718,6.5,3.0
2025-02-13 11:15:00,275.3429534575618,46.32979901,12.19620884,95.0809625,552.7437030830787,147.54605,0.265317287,147.54605,43.1570315,7.285643854,-51.01517302,6.5,3.0
2025-02-13 11:30:00,260.7596182137824,46.5887311,16.01012157,100.8826257,532.1114828841496,155.2969022,0.272274428,155.2969022,42.54141784,9.660345795,-53.80540136,6.5,3.0
2025-02-13 11:45:00,246.21736540473103,38.27783639,20.45088766,96.92407556,486.7066228762942,152.4227162,0.260707326,152.4227162,31.97815351,14.65509996,-53.52386769,6.5,3.0
2025-02-13 12:00:00,276.96293314388066,50.93060459,22.00110403,67.09822763,430.5060691149082,195.5121705,0.259048312,195.5121705,47.94373873,16.09842812,-68.13974665,6.5,3.0
2025-02-13 12:15:00,263.97413649416677,48.37228757,24.68158135,78.05852788,445.13547628343605,185.9698491,0.253797993,185.9698491,44.87081557,16.40636961,-65.58017935,6.5,3.0
2025-02-13 12:30:00,278.6982605594822,48.20231733,22.05870875,84.10836013,414.8854093603452,168.8395098,0.259891168,168.8395098,45.01706138,12.953735,-58.91627107,6.5,3.0
2025-02-13 12:45:00,250.75466980247052,42.79495166,16.93750883,80.86579255,413.2530452413105,164.349641,0.264494069,164.349641,35.5861796,13.24975994,-56.73633996,6.5,3.0
2025-02-13 13:00:00,298.443992247691,48.4173373,18.27924308,105.6271804,446.6612884410569,141.9472583,0.272189893,141.9472583,39.27183008,15.86463915,-51.22062186,6.5,3.0
2025-02-13 13:15:00,296.021463649248,47.89098951,16.65800674,91.05819565,480.0384532181308,158.3952177,0.273485402,158.3952177,40.06259705,9.592175751,-54.66093098,6.5,3.0
2025-02-13 13:30:00,292.82401607062985,47.19374751,20.64148457,87.16227222,478.57698764432496,160.9388202,0.264995931,160.9388202,42.33090279,15.29034669,-57.07190028,6.5,3.0
2025-02-13 13:45:00,277.49052803243103,46.89614455,16.86134648,92.56544428,442.7932706964873,151.3359066,0.274439949,151.3359066,43.87758167,11.38832244,-52.86909592,6.5,3.0
2025-02-13 14:00:00,293.58904826005636,42.36641695,18.16590533,87.42392944,648.7919065841166,165.1521804,0.267178549,165.1521804,34.04223783,13.13159845,-57.39191139,6.5,3.0
2025-02-13 14:15:00,284.2820035194414,46.74474436,13.01153218,94.4298302,597.0291764176867,159.1284836,0.254589157,159.1284836,38.41835931,8.66796289,-54.05269217,6.5,3.0
2025-02-13 14:30:00,277.76375392434556,43.66895762,23.98062612,84.50001082,639.1949400271243,154.6335828,0.256384625,154.6335828,41.08647382,13.45008418,-54.32936299,6.5,3.0
2025-02-13 14:45:00,301.30519429615674,48.72025005,18.83951368,93.09283273,601.5839769710724,154.2695472,0.262857572,154.2695472,42.58068367,18.2679026,-55.45440068,6.5,3.0
2025-02-13 15:00:00,252.2150967425226,46.66822956,18.42726047,69.40072667,444.27281912361485,177.0887893,0.260989125,177.0887893,39.11863109,18.36976178,-62.98070992,6.5,3.0
2025-02-13 15:15:00,260.10905332302644,36.66821802,19.48529397,97.89354068,471.60066533816394,147.5910719,0.270271325,147.5910719,34.77794399,10.12035456,-50.50504962,6.5,3.0
2025-02-13 15:30:00,257.1181007828029,42.59517017,12.7530787,79.01532978,452.743495526179,177.3417054,0.268660472,177.3417054,40.39412353,12.21559236,-60.6794195,6.5,3.0
2025-02-13 15:45:00,258.97774915164814,46.42361948,24.38532087,76.39871401,460.22302001204207,166.3619362,0.267188945,166.3619362,46.28635037,20.00476388,-60.5859959,6.5,3.0
2025-02-13 16:00:00,403.57355925365067,48.66704646,25.53042256,79.36166635,367.6768147450956,180.0505496,0.264103231,180.0505496,40.31132016,14.48680992,-62.18586631,6.5,3.0
2025-02-13 16:15:00,424.63090514624895,48.55441806,25.35945669,79.5281944,363.97341658170944,179.277062,0.255034787,179.277062,39.96367826,18.45724212,-63.55176433,6.5,3.0
2025-02-13 16:30:00,424.85234418853656,38.76336506,18.12457352,88.69575915,352.75134248989343,160.0173088,0.243844414,160.0173088,34.72402401,17.36986158,-56.81262946,6.5,3.0
2025-02-13 16:45:00,374.2331914115639,45.11851425,13.5605522,71.65633416,336.7484261833015,165.6241256,0.250080696,165.6241256,44.12280205,11.60560716,-57.42421599,6.5,3.0
2025-02-13 17:00:00,511.32541905321574,46.71547733,15.77973347,94.98542795,175.73977483971518,153.4786736,0.247635725,153.4786736,44.02409279,12.66565826,-54.77782053,9.0,3.0
2025-02-13 17:15:00,520.1589746735733,40.13487514,19.35023442,92.74997168,181.99824584654718,153.3923503,0.251250934,153.3923503,36.47927637,18.13317442,-55.30585645,9.0,3.0
2025-02-13 17:30:00,484.7451596999733,43.12359695,19.40983288,89.03351872,173.63582525156136,164.0600608,0.250301234,164.0600608,38.34046249,12.66792902,-57.0726767,9.0,3.0
2025-02-13 17:45:00,469.69044657323775,40.44351514,21.30975302,89.73860401,185.39615406217627,159.6768449,0.248245373,159.6768449,34.25018657,16.63054636,-55.66526175,9.0,3.0
2025-02-13 18:00:00,468.60462818273,41.86819338,13.15076527,76.20762884,0.0,173.3265941,0.249487188,173.3265941,34.77931628,12.88461095,-59.63325013,9.0,3.0
2025-02-13 18:15:00,496.799031426319,43.21267462,24.00085463,104.7081037,0.0,146.0016428,0.25336882,146.0016428,40.99328934,21.55338086,-54.50171764,9.0,3.0
2025-02-13 18:30:00,479.53881210884214,49.89033926,13.44714725,75.2532371,0.0,173.9898901,0.263396617,173.9898901,45.60386276,11.35007103,-59.99966449,9.0,3.0
2025-02-13 18:45:00,499.26752828210897,39.66039636,15.27548131,89.84071002,0.0,163.3110784,0.2699982,163.3110784,35.86558271,10.81015836,-55.47935119,9.0,3.0
2025-02-13 19:00:00,504.83345760555005,45.18047952,22.89504848,94.09979447,0.0,143.1235604,0.289573359,143.1235604,40.19235405,22.81045831,-53.42872914,9.0,3.0
2025-02-13 19:15:00,479.5340964627769,41.49938286,19.30914725,90.17595488,0.0,154.5217597,0.292862609,154.5217597,38.75700423,16.93233731,-54.67175685,9.0,3.0
2025-02-13 19:30:00,472.34237671198036,44.63401668,17.29537487,84.13959575,0.0,152.2935908,0.300062391,152.2935908,43.86123911,17.1523478,-55.09250429,9.0,3.0
2025-02-13 19:45:00,506.47006921969273,38.23468315,14.81983037,76.77554398,0.0,164.5266321,0.310744796,164.5266321,34.84493481,13.38118087,-56.39671093,9.0,3.0
2025-02-13 20:00:00,451.32455116710855,40.66690437,21.26586086,96.31435137,0.0,146.5323208,0.307735152,146.5323208,35.7880039,14.07903593,-52.12503795,9.0,3.0
2025-02-13 20:15:00,449.49824501329147,45.67469593,18.05689541,90.91124122,0.0,170.9262876,0.321895413,170.9262876,38.84571583,9.274032497,-57.73410125,9.0,3.0
2025-02-13 20:30:00,466.8033616749746,36.79218562,20.28983591,61.21176706,0.0,193.1007368,0.321076768,193.1007368,35.56296174,14.00161964,-65.8702233,9.0,3.0
2025-02-13 20:45:00,445.8838421446253,40.56042549,21.96863597,107.3715517,0.0,127.158609,0.319598705,127.158609,37.49830304,14.40980595,-46.2202588,9.0,3.0
2025-02-13 21:00:00,286.4254196732344,46.28708813,15.47849702,86.80596453,0.0,153.1694473,0.314164138,153.1694473,42.43892496,10.31260086,-53.39025395,9.0,3.0
2025-02-13 21:15:00,285.3268148225851,47.13925022,21.95096375,63.03621011,0.0,185.3308221,0.301259889,185.3308221,38.07709211,19.54916543,-64.83200863,9.0,3.0
2025-02-13 21:30:00,280.96977892507095,44.05189646,22.83080811,87.32756818,0.0,171.2240925,0.290573175,171.2240925,39.65544242,17.84265881,-60.85797565,9.0,3.0
2025-02-13 21:45:00,300.9479865791096,46.73382875,17.21783619,85.45914281,0.0,170.6213047,0.28913326,170.6213047,45.50652616,14.87338628,-60.20144236,9.0,3.0
2025-02-13 22:00:00,258.5834252666805,41.11493858,17.68038816,88.27341315,0.0,156.140759,0.283407631,156.140759,38.40694382,10.00034055,-53.55040561,6.5,3.0
2025-02-13 22:15:00,276.7675370788668,42.53852838,17.73789586,86.38374137,0.0,166.3704966,0.28326008,166.3704966,41.2877403,10.97003179,-57.25334589,6.5,3.0
2025-02-13 22:30:00,267.41614982928843,50.34052143,23.33786944,83.81366343,0.0,168.3337219,0.273522545,168.3337219,40.6788813,15.0309434,-58.85709348,6.5,3.0
2025-02-13 22:45:00,274.80288782516425,38.42939556,18.49935809,77.62877611,0.0,177.7022131,0.260709328,177.7022131,32.82978005,12.9112861,-60.38896554,6.5,3.0
2025-02-13 23:00:00,295.81979888780563,37.480505,22.90995133,78.60538074,0.0,164.6168572,0.271318649,164.6168572,33.56689292,12.70578604,-56.83271277,6.5,3.0
2025-02-13 23:15:00,289.6462861461524,51.16529015,16.25364273,86.82224766,0.0,176.6467575,0.275942355,176.6467575,46.02055546,12.43077759,-61.25415104,6.5,3.0
2025-02-13 23:30:00,307.6298957487211,43.46570839,15.42283939,91.21004,0.0,155.3413746,0.287729187,155.3413746,39.02409043,13.18841922,-54.46004252,6.5,3.0
2025-02-13 23:45:00,305.784019217321,41.04245048,17.05126984,94.93052234,0.0,159.1366217,0.296737937,159.1366217,40.9435982,9.046201212,-54.4801592,6.5,3.0
2025-02-14 00:00:00,251.9737876557566,48.96971722,16.07744993,88.66005682,0.0,172.0056655,0.294329403,172.0056655,45.29782034,11.05981384,-59.39663345,6.5,3.0
2025-02-14 00:15:00,249.94101347920008,44.51800413,16.47382051,92.97364933,0.0,153.6613606,0.307579637,153.6613606,42.84318356,13.8879381,-53.78826974,6.5,3.0
2025-02-14 00:30:00,269.96326038571334,37.82788424,23.10888865,80.89740944,0.0,169.9506627,0.327921849,169.9506627,34.3562567,19.07402485,-60.83065296,6.5,3.0
2025-02-14 00:45:00,263.7219384793299,46.84246865,19.29895246,86.82543776,0.0,168.7003173,0.324487515,168.7003173,39.25552331,10.62997661,-57.92014971,6.5,3.0
2025-02-14 01:00:00,304.7838752570435,39.71309712,18.96183089,65.32788146,0.0,188.4489326,0.313727479,188.4489326,31.89537535,12.04568824,-63.57158653,6.5,3.0
2025-02-14 01:15:00,323.8392501123758,50.24323725,24.21558266,89.41247183,0.0,165.3419311,0.306703867,165.3419311,49.74951032,16.41158908,-59.78025263,6.5,3.0
2025-02-14 01:30:00,305.87433488821466,48.84781436,21.5483866,76.95650346,0.0,178.8208682,0.303849151,178.8208682,40.05512706,14.34353725,-62.10351708,6.5,3.0
2025-02-14 01:45:00,346.6225397423659,45.8002483,17.39566743,74.67140038,0.0,167.4572558,0.298459053,167.4572558,41.60171894,10.089643,-57.37379497,6.5,3.0
2025-02-14 02:00:00,314.7814182281894,47.43422173,14.29045619,88.7858785,0.0,164.4673733,0.293415802,164.4673733,38.1952832,10.39414332,-56.33587258,6.5,3.0
2025-02-14 02:15:00,315.5020551280422,49.1314232,19.27517393,67.65011603,0.0,183.594854,0.279640529,183.594854,48.3208499,16.03039308,-64.32296127,6.5,3.0
2025-02-14 02:30:00,305.0715486468894,48.98274231,16.86853439,82.57217769,0.0,164.6593117,0.284775745,164.6593117,46.86765287,14.37547481,-58.22813366,6.5,3.0
2025-02-14 02:45:00,333.0649779968792,40.83303999,15.11140817,82.71022018,0.0,162.6857082,0.284340356,162.6857082,38.46807815,14.46253553,-56.85223785,6.5,3.0
2025-02-14 03:00:00,268.21020650111205,49.71360493,21.64618478,70.55239956,0.0,191.1523003,0.2869272,191.1523003,48.42360051,12.00812681,-65.80341567,6.5,3.0
2025-02-14 03:15:00,276.0765681507021,45.09673931,24.78747614,84.74643892,0.0,176.5709519,0.275431573,176.5709519,40.24470264,23.33953398,-64.50336073,6.5,3.0
2025-02-14 03:30:00,255.72904157257253,38.47263905,18.35771907,78.96270686,0.0,176.2187289,0.28400126,176.2187289,33.53982059,15.87016526,-60.67861803,6.5,3.0
2025-02-14 03:45:00,255.77418377561332,45.25336912,20.34411605,91.57302233,0.0,153.3168962,0.263747759,153.3168962,43.79153705,12.98226243,-53.90489016,6.5,3.0
2025-02-14 04:00:00,275.9627749450587,40.05216759,18.3656998,89.47087139,0.0,162.6401362,0.270261073,162.6401362,37.39659872,12.57598426,-56.18998794,6.5,3.0
2025-02-14 04:15:00,287.8686760429013,45.46458823,13.11062348,83.46269785,0.0,177.8795052,0.264888813,177.8795052,43.20349241,12.57001105,-61.52101471,6.5,3.0
2025-02-14 04:30:00,274.80243334068905,46.91395735,18.63401272,83.51192371,0.0,159.3388055,0.248036934,159.3388055,43.30034294,13.30576781,-56.17099055,6.5,3.0
2025-02-14 04:45:00,258.34611567135096,40.10694137,23.36023383,79.18988237,0.0,165.4598792,0.248152906,165.4598792,35.55201899,12.52070054,-56.79928609,6.5,3.0
2025-02-14 05:00:00,292.4931453344234,43.78577263,14.51110907,88.36674501,0.0,168.9601332,0.25650007,168.9601332,40.1422102,9.699090538,-57.49462542,6.5,3.0
2025-02-14 05:15:00,299.7908221017175,47.56459128,23.06686694,106.1172167,0.0,141.546192,0.246965521,141.546192,41.99036154,20.27940911,-52.57459717,6.5,3.0
2025-02-14 05:30:00,292.56082826646787,50.47448675,19.99760859,82.58880772,0.0,178.3767896,0.254861215,178.3767896,46.09858648,19.37695149,-64.1377582,6.5,3.0
2025-02-14 05:45:00,291.44520429739123,46.84498178,14.25077977,71.7772682,0.0,178.3576428,0.257797074,178.3576428,45.52764558,9.017430337,-60.87277517,6.5,3.0
2025-02-14 06:00:00,441.52366822490757,47.93173154,19.48482646,76.91868965,0.0,161.5780445,0.241575405,161.5780445,40.11148518,17.33919953,-57.0529892,6.5,3.0
2025-02-14 06:15:00,445.94271585480317,43.68097669,15.97652484,95.83440548,0.0,151.2379582,0.238960847,151.2379582,40.97770321,11.0787007,-52.48982187,6.5,3.0
2025-02-14 06:30:00,462.33631119649976,49.41161826,12.92463759,89.07138781,0.0,156.6560757,0.257140776,156.6560757,40.88454103,11.01600579,-54.616447,6.5,3.0
2025-02-14 06:45:00,509.22730472378953,46.87591141,18.59156158,71.72764799,0.0,168.885253,0.246998398,168.885253,44.19347304,15.69946576,-60.13708804,6.5,3.0
2025-02-14 07:00:00,379.7188201223413,38.4831716,14.22299821,70.54849493,208.81804110585733,177.0071315,0.238559427,177.0071315,30.9355485,9.81785411,-59.1998101,6.5,3.0
2025-02-14 07:15:00,404.0210316513959,38.12496633,17.675024,77.63830107,199.31598458065045,170.7254643,0.228089058,170.7254643,30.8063537,14.06903911,-58.87348006,6.5,3.0
2025-02-14 07:30:00,376.87336476870814,48.82936448,16.71492006,74.02650761,200.76696838004165,174.0561227,0.21205626,174.0561227,47.43312986,13.12855828,-60.49724541,6.5,3.0
2025-02-14 07:45:00,391.4667834575546,44.36873533,15.27570826,74.15900171,207.90900593345054,172.8173045,0.216479187,172.8173045,40.79507135,15.06138616,-60.09283677,6.5,3.0
2025-02-14 08:00:00,464.7028027054196,42.78757126,20.09144505,81.21440075,430.6392880224247,169.4062952,0.223229208,169.4062952,38.54345378,11.12526997,-58.01184142,6.5,3.0
2025-02-14 08:15:00,495.96880594952813,49.0608821,16.31602197,105.6772739,420.69075281770864,144.1556504,0.242250915,144.1556504,46.79509412,11.14396661,-51.55404742,6.5,3.0
2025-02-14 08:30:00,484.99415407782544,45.31443213,22.1753204,75.91746855,396.80125259269863,176.9486754,0.255870949,176.9486754,42.12051818,15.1379726,-62.17911641,6.5,3.0
2025-02-14 08:45:00,490.60423726722684,41.66821644,18.95014122,79.94577444,392.6587065671681,165.3653717,0.255435554,165.3653717,33.56078565,14.38533883,-57.41786011,6.5,3.0
2025-02-14 09:00:00,345.2733061160511,39.58628207,21.91731288,78.95051258,535.9555641367552,162.3822927,0.260151501,162.3822927,37.79330317,21.73872162,-58.83112714,6.5,3.0
2025-02-14 09:15:00,344.9833116709647,47.40078149,15.74245251,103.2464055,517.5097772898442,144.8049276,0.248796736,144.8049276,39.93609579,8.076951662,-49.7069588,6.5,3.0
2025-02-14 09:30:00,336.72398085391785,48.0625771,16.56137295,76.79860314,541.79376982218,167.3058022,0.256696855,167.3058022,44.38762644,9.52200006,-57.07119985,6.5,3.0
2025-02-14 09:45:00,308.11940135906616,45.36971599,14.31344194,90.77186007,575.5808887512208,167.7179223,0.280022606,167.7179223,37.25788062,13.28360426,-58.30175006,6.5,3.0
2025-02-14 10:00:00,428.83804179796414,40.32318561,15.12797491,69.4030215,569.6443634317783,188.9650366,0.279937072,188.9650366,32.60503724,11.0237373,-63.18242895,6.5,3.0
2025-02-14 10:15:00,439.9419376527669,41.25104025,22.66729174,82.81902611,562.0600474180177,158.2054362,0.271490966,158.2054362,35.2698772,18.74331325,-56.37118849,6.5,3.0
2025-02-14 10:30:00,440.07122817736786,47.28835275,21.96472267,91.91768421,553.2591038971173,143.9703887,0.263374504,143.9703887,46.48927694,17.21344111,-53.61700232,6.5,3.0
2025-02-14 10:45:00,370.148792371901,48.14726933,16.2004248,94.41716194,637.7864852530868,163.3341911,0.261038685,163.3341911,45.84662573,14.0732689,-57.80113705,6.5,3.0
2025-02-14 11:00:00,277.76876819879163,42.93613005,20.63226498,85.21092187,460.7539296202147,181.1675838,0.272146759,181.1675838,36.16181607,13.80285169,-62.47750024,6.5,3.0
2025-02-14 11:15:00,273.40020691338856,49.61766388,20.49860646,75.06015473,475.4463003734148,173.7354771,0.279062571,173.7354771,42.95324083,13.23454712,-60.11965408,6.5,3.0
2025-02-14 11:30:00,264.87802514004704,43.4662633,12.9882843,73.38184908,473.0295129286604,172.1534841,0.284711274,172.1534841,41.89041503,8.713582684,-58.08483336,6.5,3.0
2025-02-14 11:45:00,274.4429997477728,45.97536987,22.92010072,67.06456778,456.2302570777101,164.9588001,0.290107346,164.9588001,37.60993225,12.26664891,-56.89707295,6.5,3.0
2025-02-14 12:00:00,308.3670893315511,35.81518928,22.73138771,63.61245359,554.2392770086279,172.8871938,0.309757171,172.8871938,31.12791247,21.85400949,-61.70519192,6.5,3.0
2025-02-14 12:15:00,302.8469989487738,43.29540309,21.69496891,85.72080867,537.6263968458043,158.7054137,0.30392251,158.7054137,42.31314587,14.53551487,-56.36952415,6.5,3.0
2025-02-14 12:30:00,282.96876529610375,41.64882012,19.18577735,98.57891449,568.5181420073642,163.3289885,0.315910831,163.3289885,40.41022887,13.89318488,-56.98654226,6.5,3.0
2025-02-14 12:45:00,285.4971464235714,49.61508494,24.00340229,74.37431379,512.5961841382036,175.8134658,0.305110109,175.8134658,43.07236716,15.4437126,-61.4354319,6.5,3.0
2025-02-14 13:00:00,253.3968451618095,45.7555984,14.74960131,83.98319511,479.0209738770419,163.5155245,0.299654077,163.5155245,45.02728411,10.98291354,-56.80741284,6.5,3.0
2025-02-14 13:15:00,253.83079988167805,40.61048101,16.81089431,87.42608137,508.19955125324225,151.9602502,0.292844573,151.9602502,34.21120472,15.09041213,-53.25523241,6.5,3.0
2025-02-14 13:30:00,249.3442412649418,48.94578517,18.30578234,72.37200526,517.7041699604805,173.9706647,0.289523103,173.9706647,47.88086971,13.82030698,-61.20780151,6.5,3.0
2025-02-14 13:45:00,256.85811369157057,43.09878007,12.81076901,80.3113726,485.45530490923556,174.8185221,0.289054015,174.8185221,35.7691329,6.973789899,-58.02945207,6.5,3.0
2025-02-14 14:00:00,258.5654817308128,39.32709817,24.38272852,89.8329351,556.9842898714563,168.8960548,0.292984671,168.8960548,32.91341392,21.37336609,-59.96030793,6.5,3.0
2025-02-14 14:15:00,256.1647065395699,38.20765858,16.78666542,56.78531715,561.3759295491162,187.1527866,0.286770686,187.1527866,32.93820203,10.13372803,-62.75809599,6.5,3.0
2025-02-14 14:30:00,268.1662238122954,43.9988866,16.45970055,85.26203472,588.9163140976736,171.1877534,0.309338868,171.1877534,36.52606266,15.63087244,-59.50096551,6.5,3.0
2025-02-14 14:45:00,284.90358791732183,49.27517583,16.92777849,70.21756381,608.7134664817536,175.9636043,0.30769693,175.9636043,39.42654971,9.475801109,-59.87720409,6.5,3.0
2025-02-14 15:00:00,299.42797557092103,37.08252774,20.30604833,88.1162605,515.2406186543939,173.3067004,0.30881763,173.3067004,35.92387753,19.64379237,-60.97638741,6.5,3.0
2025-02-14 15:15:00,288.306364104854,49.51754065,22.1032799,67.67318787,518.0558666600518,183.2515362,0.313143226,183.2515362,48.97268928,21.89860359,-66.83314421,6.5,3.0
2025-02-14 15:30:00,292.85078001775685,46.81830445,14.10193755,73.27515728,481.0687920400281,178.0525213,0.32997006,178.0525213,37.66381846,13.61642986,-61.40033269,6.5,3.0
2025-02-14 15:45:00,309.38488030646806,45.69445643,19.40877388,35.6621398,509.1947226455261,205.5219005,0.331845588,205.5219005,43.9980146,17.05356446,-70.7260773,6.5,3.0
2025-02-14 16:00:00,329.76121249013596,40.32671914,17.98911273,60.72399602,356.70497403560057,184.677814,0.333777745,184.677814,33.7832266,15.09827623,-63.0335013,6.5,3.0
2025-02-14 16:15:00,325.7291894660703,44.75136705,14.5743979,77.65854855,375.06862810699994,167.1491349,0.325991222,167.1491349,40.42235373,8.513926397,-56.74273279,6.5,3.0
2025-02-14 16:30:00,348.67406370093494,41.89081226,18.05644134,90.81641119,366.1695264636417,149.1954329,0.320350984,149.1954329,39.44885991,12.13904711,-52.77139783,6.5,3.0
2025-02-14 16:45:00,350.4255343428588,37.27794996,13.8100819,85.00619525,358.1668713937577,162.5031235,0.327101931,162.5031235,32.4183761,9.832021481,-54.6785259,6.5,3.0
2025-02-14 17:00:00,467.6847480998022,43.21738806,19.85494732,77.16508844,181.63342377228855,166.9374908,0.336554747,166.9374908,40.85197802,19.72101359,-60.41482873,9.0,3.0
2025-02-14 17:15:00,475.31747401343637,41.12728369,22.76777599,67.76313724,192.897211779656,178.4020833,0.347334999,178.4020833,37.85256557,14.94510471,-61.90313695,9.0,3.0
2025-02-14 17:30:00,486.2707997211077,38.49856837,16.15289412,57.87148757,187.47086930734787,190.7216717,0.346584517,190.7216717,37.89063362,10.36351396,-64.29378476,9.0,3.0
2025-02-14 17:45:00,478.15697816565375,49.21375654,26.1721211,54.54019886,182.44849514070756,217.4753169,0.356220266,217.4753169,47.99313754,22.18062041,-76.48097384,9.0,3.0
2025-02-14 18:00:00,455.7015072605113,47.69918553,13.06434447,74.86632944,0.0,178.3471631,0.359379651,178.3471631,42.54554652,10.31562659,-60.69492254,9.0,3.0
2025-02-14 18:15:00,464.7373909183242,45.01270645,19.11433941,73.47741103,0.0,180.8433589,0.358322282,180.8433589,42.85007211,16.18236007,-62.96257765,9.0,3.0
2025-02-14 18:30:00,483.7492519295293,49.3030235,22.90088849,72.90567811,0.0,174.0680787,0.344722585,174.0680787,42.59058941,17.78434569,-62.34380848,9.0,3.0
2025-02-14 18:45:00,469.5918498916353,45.11002238,13.84937161,60.53611932,0.0,186.2677161,0.335891736,186.2677161,41.01066305,10.43159227,-63.03378848,9.0,3.0
2025-02-14 19:00:00,456.0701321974487,39.11816633,16.69009119,74.32988916,0.0,171.4968789,0.336581987,171.4968789,32.56824462,9.321926212,-57.65579683,9.0,3.0
2025-02-14 19:15:00,460.52764908433477,47.28747229,16.46277215,74.1593246,0.0,190.1421583,0.336956339,190.1421583,45.05190007,13.72941726,-66.03869699,9.0,3.0
2025-02-14 19:30:00,460.76981999838654,41.71808763,17.67532361,67.93378177,0.0,177.3513438,0.340683096,177.3513438,35.44654646,17.50735825,-61.51429329,9.0,3.0
2025-02-14 19:45:00,462.0223987198301,39.851877,20.45478056,76.59387506,0.0,176.0687611,0.358284156,176.0687611,38.75464342,18.29458881,-62.5566327,9.0,3.0
2025-02-14 20:00:00,446.62584805517827,41.3293852,24.34642002,86.52909567,0.0,162.1462582,0.350838388,162.1462582,40.28038182,16.70426409,-57.67599482,9.0,3.0
2025-02-14 20:15:00,476.51952534273363,49.04588292,22.14993315,83.45328211,0.0,168.4431244,0.340092012,168.4431244,39.83614601,18.12848029,-59.64534446,9.0,3.0
2025-02-14 20:30:00,446.70347789601504,40.25121309,14.46704341,64.2976257,0.0,169.4706949,0.342937809,169.4706949,35.95003221,7.405688135,-56.62878076,9.0,3.0
2025-02-14 20:45:00,482.53114870607305,40.52227263,18.1682443,89.59717455,0.0,155.146228,0.337795601,155.146228,36.92121091,13.86029023,-54.3835599,9.0,3.0
2025-02-14 21:00:00,284.4700102200751,46.92281723,20.96397381,86.94598463,0.0,164.1258285,0.333664623,164.1258285,40.87197624,11.83877716,-56.71850437,9.0,3.0
2025-02-14 21:15:00,285.1441369713906,39.57799761,17.28267467,67.47938616,0.0,184.3604445,0.334760714,184.3604445,35.80470077,14.42021181,-63.38844867,9.0,3.0
2025-02-14 21:30:00,297.22076352759535,46.69694583,23.41174435,100.6552716,0.0,144.3778953,0.328313576,144.3778953,45.52588063,17.32229687,-53.39037894,9.0,3.0
2025-02-14 21:45:00,321.2550892809388,40.33342259,15.32010926,97.89547308,0.0,151.486302,0.324178236,151.486302,32.57085276,7.762271245,-50.87070993,9.0,3.0
2025-02-14 22:00:00,288.5674895879134,38.35498781,16.99505993,75.04156355,0.0,166.4816113,0.317083926,166.4816113,34.0651655,9.367233855,-56.43520033,6.5,3.0
2025-02-14 22:15:00,271.0346222177389,46.89517677,17.99317082,86.64054241,0.0,172.7305648,0.318862534,172.7305648,38.16624228,16.60732197,-61.21828661,6.5,3.0
2025-02-14 22:30:00,281.0069091897269,38.57141079,24.56419313,97.40698437,0.0,165.1589219,0.332802501,165.1589219,34.62029992,21.40117161,-59.35669731,6.5,3.0
2025-02-14 22:45:00,275.84097900462075,37.84528707,15.93675641,63.60319433,0.0,179.3941164,0.31830876,179.3941164,34.54041529,10.703758,-60.40354859,6.5,3.0
2025-02-14 23:00:00,263.1746833946492,47.01132817,13.37641907,70.24572196,0.0,178.903885,0.317971418,178.903885,42.73192042,11.71625982,-61.80333363,6.5,3.0
2025-02-14 23:15:00,278.2134639677646,47.204919,12.54735711,81.34494725,0.0,164.9664072,0.307418794,164.9664072,40.90555479,11.69484232,-57.2095631,6.5,3.0
2025-02-14 23:30:00,267.3109555658817,39.75702906,23.48938606,88.92728337,0.0,164.7025784,0.314385145,164.7025784,33.46176275,15.86603519,-58.04545719,6.5,3.0
2025-02-14 23:45:00,294.9208970717044,39.59582296,13.98603927,86.31502478,0.0,173.7643013,0.301553701,173.7643013,33.14978694,11.90820971,-58.95111333,6.5,3.0
2025-02-15 00:00:00,260.0267036786277,49.16436411,22.45867871,62.07746163,0.0,198.1494498,0.319272108,198.1494498,46.74794509,11.82066219,-67.79989111,6.5,3.0
2025-02-15 00:15:00,269.62100772448184,45.55713021,21.18303175,87.32101321,0.0,164.2017925,0.318815066,164.2017925,38.83253112,18.45114402,-58.79660632,6.5,3.0
2025-02-15 00:30:00,248.1289913464809,44.20979831,22.66386553,91.51113786,0.0,171.1117472,0.322634426,171.1117472,39.79977064,15.6072583,-60.05919849,6.5,3.0
2025-02-15 00:45:00,266.3732972504097,44.58701918,24.66917296,52.34090261,0.0,203.2364071,0.312645167,203.2364071,41.13569163,13.77111157,-69.46043292,6.5,3.0
2025-02-15 01:00:00,263.3749299412038,47.6791666,16.41949584,68.77458989,0.0,182.5636973,0.317468676,182.5636973,41.94475017,10.22829214,-61.82743363,6.5,3.0
2025-02-15 01:15:00,267.28994653603445,44.0738739,14.82251646,94.80811504,0.0,158.2868215,0.300380259,158.2868215,39.3302108,9.338081299,-53.94602004,6.5,3.0
2025-02-15 01:30:00,266.0434710697444,45.72790167,15.2867024,73.45072298,0.0,189.724029,0.299873708,189.724029,44.18684459,13.62259777,-65.79415641,6.5,3.0
2025-02-15 01:45:00,311.69165245301747,39.23994468,22.21489396,81.1122011,0.0,173.6879713,0.298720527,173.6879713,33.11993351,21.00385592,-62.22372661,6.5,3.0
2025-02-15 02:00:00,240.05374058207138,43.06515457,16.80913508,69.50558303,0.0,170.623078,0.292432695,170.623078,38.19212999,14.35511191,-59.94288409,6.5,3.0
2025-02-15 02:15:00,246.25078202818983,40.77500361,17.89601925,70.09519409,0.0,188.7414311,0.282189921,188.7414311,33.1618857,14.22339399,-63.95647485,6.5,3.0
2025-02-15 02:30:00,242.21447596021812,41.72898968,13.11876765,87.77934397,0.0,158.1514505,0.272481087,158.1514505,41.57097546,7.874474847,-54.03845311,6.5,3.0
2025-02-15 02:45:00,273.77100142952065,48.18277865,22.61586054,68.3125305,0.0,179.2451915,0.280954094,179.2451915,44.3032221,16.4110865,-63.42261405,6.5,3.0
2025-02-15 03:00:00,269.1243257667227,46.87575119,15.47668825,56.28242519,0.0,190.3987954,0.273858209,190.3987954,39.85868524,8.200271102,-63.7416423,6.5,3.0
2025-02-15 03:15:00,270.4796165212235,38.90153498,19.35064859,53.62088338,0.0,198.6874427,0.261254504,198.6874427,34.34331768,16.23334093,-68.05970179,6.5,3.0
2025-02-15 03:30:00,266.5442227368335,46.12526181,24.41355047,71.80129966,0.0,176.1112966,0.257413064,176.1112966,41.45706411,19.99877713,-63.32944677,6.5,3.0
2025-02-15 03:45:00,252.4818349752204,42.46842749,21.4661597,85.15025078,0.0,166.3037796,0.266204788,166.3037796,40.18505912,16.33604578,-58.76356211,6.5,3.0
2025-02-15 04:00:00,276.45786490510704,46.0113727,12.58397749,65.3491258,0.0,190.1710701,0.257420488,190.1710701,40.91402367,12.0126796,-65.23763571,6.5,3.0
2025-02-15 04:15:00,299.48337254762953,41.03094,12.82988326,64.92748239,0.0,183.5848188,0.250129618,183.5848188,36.89486223,6.740125527,-60.90226501,6.5,3.0
2025-02-15 04:30:00,298.36690006250024,43.23604377,15.49371013,76.19556265,0.0,171.9427388,0.253943258,171.9427388,34.74286068,9.179340905,-57.85544917,6.5,3.0
2025-02-15 04:45:00,286.5618624847631,41.18664978,22.39704804,71.29928165,0.0,175.9943736,0.240102967,175.9943736,41.0471663,20.86552476,-62.55021622,6.5,3.0
2025-02-15 05:00:00,248.24019925873182,46.0639695,22.11723422,70.01654045,0.0,176.2829548,0.239719788,176.2829548,44.56369437,17.05567941,-62.18753505,6.5,3.0
2025-02-15 05:15:00,264.13042323406125,47.4644649,21.76818402,68.56301951,0.0,191.4142469,0.25022577,191.4142469,41.80681834,19.46784574,-67.20001836,6.5,3.0
2025-02-15 05:30:00,267.4368298865858,45.6253499,19.60945043,77.93213529,0.0,174.6114392,0.237187814,174.6114392,39.83145937,14.57567209,-60.66078615,6.5,3.0
2025-02-15 05:45:00,261.12254762062116,47.70247101,23.82308845,68.67225036,0.0,174.8560859,0.233560333,174.8560859,39.34050207,19.01403259,-62.37623916,6.5,3.0
2025-02-15 06:00:00,446.51477612132027,44.3890838,21.59980874,74.98690154,0.0,166.0254008,0.221730395,166.0254008,37.28444572,13.49104393,-57.61005408,6.5,3.0
2025-02-15 06:15:00,431.5763471880276,45.45124441,17.84990791,62.20332747,0.0,189.3096945,0.235345868,189.3096945,37.40465846,9.064333617,-63.61811431,6.5,3.0
2025-02-15 06:30:00,430.24531450389367,45.20767008,21.07768806,65.70318547,0.0,189.3171035,0.243459476,189.3171035,40.1745081,20.39649984,-67.15759092,6.5,3.0
2025-02-15 06:45:00,451.0735621867584,47.37382833,17.40161374,65.02686299,0.0,188.4055713,0.230613798,188.4055713,43.1528864,10.23621131,-63.8659543,6.5,3.0
2025-02-15 07:00:00,380.57897353321147,41.78726174,13.7732651,65.62165983,231.5289177895594,183.8024749,0.231459173,183.8024749,33.5976285,7.770527955,-60.79946988,6.5,3.0
2025-02-15 07:15:00,374.8721270188355,43.59166341,23.96140877,87.64543538,232.0286067457657,170.3784182,0.217596925,170.3784182,38.68492131,16.0947594,-59.43183956,6.5,3.0
2025-02-15 07:30:00,403.1285964213243,47.857163,19.90749534,68.12636794,237.5319793931432,178.9760655,0.223116709,178.9760655,47.15463593,16.18887821,-63.20783184,6.5,3.0
2025-02-15 07:45:00,384.51030302662866,45.81264677,24.33028393,84.40165829,213.14049607153174,164.301825,0.226445399,164.301825,41.87884096,15.24461189,-57.93758646,6.5,3.0
2025-02-15 08:00:00,387.300194859291,41.38211691,13.52870789,67.31962198,313.2183205818785,185.4919814,0.227889312,185.4919814,33.59186979,13.19496744,-62.79786718,6.5,3.0
2025-02-15 08:15:00,397.45146253896206,39.90270499,22.07939821,83.62334482,322.6581109339537,165.0749799,0.233571601,165.0749799,31.95844536,12.03993768,-56.58816068,6.5,3.0
2025-02-15 08:30:00,402.4470972534207,38.73125513,17.90312846,67.28345549,314.10454736004755,169.810156,0.236181178,169.810156,35.57699895,10.39152499,-57.46459306,6.5,3.0
2025-02-15 08:45:00,369.0712453483261,49.22349911,22.06361315,69.38402211,351.68902112412025,181.9635147,0.24566432,181.9635147,45.16191678,14.45804975,-63.49611649,6.5,3.0
2025-02-15 09:00:00,318.2024352478459,44.30048879,15.69825916,85.04849062,520.3667184600966,167.1061947,0.246693241,167.1061947,44.1069628,10.65470516,-57.98072591,6.5,3.0
2025-02-15 09:15:00,297.13194033543715,39.07816819,15.05686088,80.86992788,525.4758329640902,166.9540897,0.234582067,166.9540897,34.23063343,8.677301361,-56.05272317,6.5,3.0
2025-02-15 09:30:00,315.772236849726,46.18392956,22.68055656,78.26910006,504.14335874961694,164.7600405,0.219191229,164.7600405,40.68995056,21.48474485,-59.90578948,6.5,3.0
2025-02-15 09:45:00,284.45338756699084,42.56601858,16.26085902,73.79225565,478.4640898261964,179.7059631,0.219178211,179.7059631,36.35586954,11.39474523,-60.79101436,6.5,3.0
2025-02-15 10:00:00,344.67552204807714,44.87282227,15.77783007,83.26671768,639.1573141200381,165.8114771,0.233750201,165.8114771,41.17143248,9.03335942,-56.59742089,6.5,3.0
2025-02-15 10:15:00,339.7701812574012,42.56589652,25.01038491,76.63160149,624.4914035448533,173.7573792,0.232101627,173.7573792,41.84737601,14.23081419,-60.43765216,6.5,3.0
2025-02-15 10:30:00,355.44462550360305,44.20054127,15.9452594,89.61327127,607.0565500072825,157.7162097,0.235465266,157.7162097,35.92478393,9.949419188,-53.68141977,6.5,3.0
2025-02-15 10:45:00,390.5496711909186,39.66250849,17.69838843,83.29736688,598.0747323278265,163.0774743,0.256939461,163.0774743,35.95903144,17.24228749,-58.16320828,6.5,3.0
2025-02-15 11:00:00,241.6261547300616,48.53414022,15.47389348,65.22159918,540.0404844779664,184.286437,0.273355278,184.286437,46.42777633,12.93473513,-64.37479231,6.5,3.0
2025-02-15 11:15:00,256.2875332586883,44.64996302,23.61517565,61.14389868,562.6845409904281,181.7915029,0.275339466,181.7915029,39.59890723,16.84774733,-63.36647637,6.5,3.0
2025-02-15 11:30:00,254.54399730342362,49.06244677,25.53608538,67.63233073,565.6029448634893,198.2833247,0.281767934,198.2833247,41.68119132,23.47399521,-71.18472507,6.5,3.0
2025-02-15 11:45:00,257.7823147078266,40.8127669,22.51790514,77.38200956,501.02202966811615,177.5067705,0.27687424,177.5067705,39.21944303,18.82184425,-63.0888084,6.5,3.0
2025-02-15 12:00:00,265.9820035562181,45.50361547,13.54917269,74.27929355,390.56798945946224,186.8125087,0.288079,186.8125087,42.92253489,7.90075608,-62.71664642,6.5,3.0
2025-02-15 12:15:00,272.2656486657376,47.77693818,22.48920037,75.48897476,385.7966772670491,177.839013,0.277630651,177.839013,43.29697087,21.32315284,-63.49749717,6.5,3.0
2025-02-15 12:30:00,256.85910045352045,40.19340906,20.31558019,70.85551601,419.88204822140756,180.1967626,0.273878597,180.1967626,37.34621396,12.16419128,-60.96503513,6.5,3.0
2025-02-15 12:45:00,261.3232473245239,51.44559995,18.00051524,74.50021342,406.78328505208106,183.9762626,0.295740196,183.9762626,50.60812069,16.40440843,-65.05309955,6.5,3.0
2025-02-15 13:00:00,239.35504955266134,39.33327276,25.44156801,81.68637414,429.59958173935684,162.8503126,0.288589262,162.8503126,33.93647094,22.31270786,-58.64698467,6.5,3.0
2025-02-15 13:15:00,224.4255493883665,47.77206656,22.73021152,76.61522412,446.1720159589604,172.2238221,0.284999143,172.2238221,38.47002569,15.20579992,-60.22707396,6.5,3.0
2025-02-15 13:30:00,238.9690463129581,47.57287444,17.23029056,65.01796461,435.61080509876086,183.6979734,0.277392758,183.6979734,45.18743249,15.24755759,-63.86056407,6.5,3.0
2025-02-15 13:45:00,236.18035474601402,39.73669116,13.37496805,62.55815515,461.9175972029218,188.2986366,0.275176185,188.2986366,32.70556288,8.951029692,-62.33880834,6.5,3.0
2025-02-15 14:00:00,247.4465448202449,48.64002499,15.78027678,69.93301341,485.74433918244654,193.1638875,0.265146943,193.1638875,39.99352666,14.31106159,-66.12709669,6.5,3.0
2025-02-15 14:15:00,235.58759260251543,42.21852368,13.90827136,78.10926219,463.7491736895311,185.4001567,0.265335928,185.4001567,34.16085598,7.094603484,-61.07545856,6.5,3.0
2025-02-15 14:30:00,236.72663013135167,51.61114543,15.96292558,72.51713197,456.24702978054245,187.6464365,0.259355733,187.6464365,50.04976921,10.73751957,-64.56109457,6.5,3.0
2025-02-15 14:45:00,255.87923244588808,38.04197267,23.00491058,64.56952416,490.6894573474799,182.5897672,0.283170542,182.5897672,31.39556388,18.52000456,-63.65180123,6.5,3.0
2025-02-15 15:00:00,256.98009368126395,39.14455141,16.88743651,67.98687039,419.53356685106075,184.0741681,0.277303486,184.0741681,33.45398701,10.02441761,-61.38742719,6.5,3.0
2025-02-15 15:15:00,250.5021518537854,43.15074659,13.7061821,72.11274809,396.6652105665579,176.6593461,0.270907239,176.6593461,35.25311455,8.272721843,-59.33815361,6.5,3.0
2025-02-15 15:30:00,246.24639015982552,43.1946084,14.2195994,106.4945668,404.4647122856694,157.6581173,0.271214633,157.6581173,41.86918822,10.23151056,-54.44548518,6.5,3.0
2025-02-15 15:45:00,272.95136430512525,44.36139015,24.82364243,49.86814713,395.46651029671193,204.2499191,0.282751863,204.2499191,44.33194137,21.01457583,-71.66671515,6.5,3.0
2025-02-15 16:00:00,359.7277606725338,39.2987891,19.39998729,61.00994475,348.7459085224404,192.7574167,0.29095698,192.7574167,35.55232322,12.23027554,-65.54241407,6.5,3.0
2025-02-15 16:15:00,383.68479174135297,39.9009276,16.95318089,64.01189329,337.06332887904045,167.6154479,0.289962379,167.6154479,32.80120306,9.924345276,-56.67395816,6.5,3.0
2025-02-15 16:30:00,363.1546351204339,40.73485159,14.30226233,76.12494226,351.56269967471235,167.4087179,0.288418619,167.4087179,36.2363714,7.483634884,-56.13600285,6.5,3.0
2025-02-15 16:45:00,383.12281246567954,40.8635134,24.40537279,49.1821729,362.5680629238068,205.5400902,0.288605544,205.5400902,33.23198716,16.81595369,-69.96451922,6.5,3.0
2025-02-15 17:00:00,398.7275947660091,49.88018627,19.97467749,78.3684166,205.8074131666639,168.699617,0.257594482,168.699617,47.3061271,16.3344922,-60.58269074,9.0,3.0
2025-02-15 17:15:00,402.77394279623127,50.0816245,15.47697224,56.16226594,211.99608110795896,203.8720023,0.255402322,203.8720023,40.88346386,8.125634581,-67.32306685,9.0,3.0
2025-02-15 17:30:00,429.0295654415765,38.98679766,21.37356579,47.54400708,224.57055236323703,214.4995891,0.240793127,214.4995891,33.98204371,18.38000651,-72.77780897,9.0,3.0
2025-02-15 17:45:00,442.08889699618294,40.15178713,25.0473044,75.73232362,220.78595336214005,184.7609138,0.223975471,184.7609138,38.09173957,13.01082802,-63.7053854,9.0,3.0
2025-02-15 18:00:00,417.9460248119494,37.83867863,14.40507183,58.60302577,0.0,181.1061859,0.216668281,181.1061859,33.44207716,7.272191317,-59.9383938,9.0,3.0
2025-02-15 18:15:00,413.388321853472,48.37404652,17.24380485,73.14932866,0.0,185.7492596,0.213411766,185.7492596,42.88692075,15.44006503,-64.3408985,9.0,3.0
2025-02-15 18:30:00,426.1050457067519,45.81057554,19.31113287,74.50909776,0.0,180.0171023,0.21414429,180.0171023,39.80975182,14.1468522,-62.18102607,9.0,3.0
2025-02-15 18:45:00,472.4506076278267,39.6775917,18.1246162,82.70378198,0.0,171.8625752,0.2048186,171.8625752,39.56254429,11.84695059,-59.22519586,9.0,3.0
2025-02-15 19:00:00,395.79538768329616,44.43740656,16.51546953,77.02357934,0.0,182.9448585,0.2072831,182.9448585,43.614484,13.2522165,-63.3282646,9.0,3.0
2025-02-15 19:15:00,413.22919289012077,42.6571397,16.61942607,74.94722128,0.0,183.4422617,0.210059587,183.4422617,38.69283539,9.091130269,-62.00901773,9.0,3.0
2025-02-15 19:30:00,389.27995615843895,42.73509915,25.22233772,86.14360533,0.0,166.1377492,0.219577229,166.1377492,34.2158537,15.33152547,-57.91742476,9.0,3.0
2025-02-15 19:45:00,428.80546326814397,38.35212039,13.24799231,64.28715575,0.0,181.4700345,0.226078066,181.4700345,36.86999014,11.33199968,-61.59319943,9.0,3.0
2025-02-15 20:00:00,434.5557953923929,39.14521121,22.35156009,75.93687153,0.0,170.7996024,0.23105936,170.7996024,33.03324276,14.65105048,-58.77836795,9.0,3.0
2025-02-15 20:15:00,425.91638842779633,49.92231224,15.11318259,62.19511694,0.0,205.1580863,0.21948858,205.1580863,46.04841658,13.91533957,-70.59179053,9.0,3.0
2025-02-15 20:30:00,458.0316598141329,43.21976145,21.74258576,60.63920831,0.0,211.3456533,0.205181735,211.3456533,36.23712289,11.72444646,-70.49494237,9.0,3.0
2025-02-15 20:45:00,432.62615636567807,40.42590532,17.09611363,76.64799389,0.0,179.7549329,0.210732795,179.7549329,34.26061092,15.59162601,-62.09516747,9.0,3.0
2025-02-15 21:00:00,228.20455495287914,41.62639394,20.12522462,56.50962483,0.0,200.5847324,0.219473627,200.5847324,35.75615741,19.74551405,-70.10993247,9.0,3.0
2025-02-15 21:15:00,231.10967180280582,39.146636,19.42169884,66.33744679,0.0,179.7961122,0.231546018,179.7961122,36.45028252,11.16188778,-61.29362902,9.0,3.0
2025-02-15 21:30:00,217.4557988597419,44.33268625,12.85487127,90.72112099,0.0,158.087838,0.23618617,158.087838,40.73448771,7.261906496,-53.84455297,9.0,3.0
2025-02-15 21:45:00,234.88997438457307,39.95156481,13.66397837,61.29474057,0.0,198.9501966,0.221826913,198.9501966,37.03728505,13.1600271,-67.49799274,9.0,3.0
2025-02-15 22:00:00,219.0495220875009,39.74995451,13.61490814,45.74322997,0.0,214.2950429,0.218099269,214.2950429,38.50472223,10.70499053,-71.6721114,6.5,3.0
2025-02-15 22:15:00,219.98875576536918,45.77064093,21.50013353,57.79927164,0.0,197.4105427,0.218309477,197.4105427,45.65042489,19.80404302,-70.5291026,6.5,3.0
2025-02-15 22:30:00,219.53316037752583,46.26118905,23.82166228,76.66307736,0.0,187.5098528,0.218217702,187.5098528,39.31360528,18.58716824,-65.82623349,6.5,3.0
2025-02-15 22:45:00,242.73856176960408,43.87751261,15.27244952,70.26468564,0.0,176.4712668,0.213139147,176.4712668,38.85569948,9.388628238,-59.50180734,6.5,3.0
2025-02-15 23:00:00,286.32103773855573,50.47716481,17.51788249,71.24790706,0.0,190.6493103,0.232267627,190.6493103,44.78689933,15.36963973,-66.55082712,6.5,3.0
2025-02-15 23:15:00,260.57265305388984,46.14641132,18.17018396,72.40518442,0.0,180.3011064,0.235839034,180.3011064,37.05549563,17.54985724,-63.05617037,6.5,3.0
2025-02-15 23:30:00,262.48595883414265,49.32309617,18.38582218,54.56977309,0.0,200.1997451,0.235422452,200.1997451,44.12390099,11.4628314,-68.58550848,6.5,3.0
2025-02-15 23:45:00,287.5803503734119,39.92209527,20.58663284,67.06151446,0.0,179.1426298,0.24129226,179.1426298,33.49881534,11.69700399,-60.71232322,6.5,3.0
2025-02-16 00:00:00,294.33022732728807,48.1833167,14.44429424,59.05910538,0.0,184.2324868,0.253088365,184.2324868,48.07870462,8.878148858,-62.87240525,6.5,3.0
2025-02-16 00:15:00,297.52309492011346,51.27423386,22.29786517,56.02407586,0.0,207.849003,0.245289319,207.849003,44.04045983,18.75694248,-72.75544046,6.5,3.0
2025-02-16 00:30:00,294.3533777189042,40.11098882,13.31818424,51.1807374,0.0,204.3861054,0.240094577,204.3861054,34.09926243,11.46178074,-68.01627629,6.5,3.0
2025-02-16 00:45:00,269.99330003369425,44.08098972,21.86126054,85.65687878,0.0,179.8735691,0.251670751,179.8735691,36.1633772,17.13768131,-63.19001942,6.5,3.0
2025-02-16 01:00:00,283.6252885545707,44.31101483,13.36796496,70.21531461,0.0,187.1835335,0.261261871,187.1835335,41.02275344,8.362830826,-62.88479512,6.5,3.0
2025-02-16 01:15:00,269.95745311356313,40.32737941,21.8273111,65.68091716,0.0,182.4288049,0.266914355,182.4288049,37.86214199,17.77949028,-64.07377667,6.5,3.0
2025-02-16 01:30:00,281.2150163438416,50.60675743,18.56549356,56.47080306,0.0,209.5940744,0.271329605,209.5940744,47.4748946,12.91199224,-71.4824682,6.5,3.0
2025-02-16 01:45:00,269.4622419880245,40.48944141,15.03945317,60.93408905,0.0,184.4017541,0.285503509,184.4017541,38.96445784,7.800451481,-61.4530056,6.5,3.0
2025-02-16 02:00:00,254.18663454820174,48.41452793,24.45681433,62.36424127,0.0,183.0065654,0.278165233,183.0065654,42.07984586,19.30219263,-65.33296965,6.5,3.0
2025-02-16 02:15:00,261.69665339449057,41.05787377,23.28497459,59.0619687,0.0,190.9153577,0.290582737,190.9153577,40.26009046,22.26995828,-68.54619748,6.5,3.0
2025-02-16 02:30:00,262.63002153885367,48.14072623,19.97221027,69.05345051,0.0,187.1083692,0.277383262,187.1083692,42.89091511,11.66294797,-64.03700361,6.5,3.0
2025-02-16 02:45:00,248.82669051845392,42.20627838,13.85714696,62.47869185,0.0,183.7796086,0.283236577,183.7796086,41.18029406,11.96678321,-62.84152387,6.5,3.0
2025-02-16 03:00:00,246.87814918097362,39.90211924,24.76495588,54.80363957,0.0,198.0969859,0.267176363,198.0969859,32.71141841,19.26869359,-68.74547507,6.5,3.0
2025-02-16 03:15:00,246.63653977421498,44.86332615,20.60594913,46.6405002,0.0,201.9612364,0.261962947,201.9612364,38.12418521,14.88451221,-69.45270699,6.5,3.0
2025-02-16 03:30:00,247.78527517772255,41.16676941,15.15032616,61.85340584,0.0,191.9634654,0.263444151,191.9634654,39.79170471,10.20746927,-64.63804041,6.5,3.0
2025-02-16 03:45:00,289.9300358670889,39.89288206,21.5553581,74.70748095,0.0,192.9295462,0.269636615,192.9295462,38.64486972,11.96878046,-65.70111375,6.5,3.0
2025-02-16 04:00:00,266.59374849097634,38.77398381,19.07391626,64.23279293,0.0,182.7211901,0.259064344,182.7211901,33.31592239,14.7145762,-62.64626358,6.5,3.0
2025-02-16 04:15:00,254.26551735904448,44.69772822,21.83299799,58.96249353,0.0,199.251949,0.256628106,199.251949,37.00156886,18.26074451,-69.53194454,6.5,3.0
2025-02-16 04:30:00,248.85674551828006,38.9092458,20.5812059,52.3447136,0.0,207.2037694,0.260485999,207.2037694,34.68020705,20.12127709,-71.5943012,6.5,3.0
2025-02-16 04:45:00,248.0439886316991,49.42153416,22.67932915,58.54002968,0.0,203.2664969,0.26266604,203.2664969,44.04751791,21.52581942,-71.91752604,6.5,3.0
2025-02-16 05:00:00,246.7860989672632,46.41067786,16.44624732,60.45503067,0.0,188.0437373,0.242115144,188.0437373,43.94090862,8.433162719,-63.47747979,6.5,3.0
2025-02-16 05:15:00,241.16399654297805,41.78628908,19.36899747,61.3717891,0.0,200.5323156,0.240668221,200.5323156,40.46249805,18.31902041,-70.15047584,6.5,3.0
2025-02-16 05:30:00,251.32087618559933,48.9997807,23.6217807,44.9604075,0.0,209.9680488,0.228471306,209.9680488,42.50360708,12.81608702,-71.02536718,6.5,3.0
2025-02-16 05:45:00,248.37902830415942,48.12766291,22.4674325,51.76781598,0.0,202.6989091,0.244449991,202.6989091,45.05864076,17.68845893,-71.38412839,6.5,3.0
2025-02-16 06:00:00,408.1455887957873,48.5582016,21.42011668,62.22350625,0.0,191.9807808,0.251669863,191.9807808,39.61360497,13.35600367,-65.49030879,6.5,3.0
2025-02-16 06:15:00,380.27958245817615,50.08566829,13.2827622,64.75349255,0.0,185.0097731,0.258772329,185.0097731,48.78987003,7.884985711,-63.15510291,6.5,3.0
2025-02-16 06:30:00,408.3536896907231,48.26142687,22.165886,74.28896413,0.0,180.3402936,0.263674594,180.3402936,43.95126833,16.8952035,-64.33578268,6.5,3.0
2025-02-16 06:45:00,387.9911390553134,45.06949221,19.1023568,45.6993303,0.0,207.4915,0.259746539,207.4915,36.83513397,12.09628014,-69.82760676,6.5,3.0
2025-02-16 07:00:00,434.0482645299116,41.5470692,17.28646121,60.46133455,181.4705568493557,195.1996804,0.256281802,195.1996804,38.13980067,9.428104706,-65.36165101,6.5,3.0
2025-02-16 07:15:00,441.8129157979238,41.39604396,16.71241888,55.11633764,178.85933100530946,200.696131,0.258133615,200.696131,38.14536231,8.621437676,-66.72146578,6.5,3.0
2025-02-16 07:30:00,456.9109943006145,39.15126012,13.02271982,53.59613078,194.06681974187364,191.194704,0.232426859,191.194704,36.4381248,7.636827931,-63.4727193,6.5,3.0
2025-02-16 07:45:00,421.3778253715502,38.49105359,12.91289905,65.77935999,193.38329240346116,191.7206492,0.23002827,191.7206492,33.15275049,10.8573721,-64.20982397,6.5,3.0
2025-02-16 08:00:00,396.1302528325349,49.92966192,25.15362503,62.60008425,285.11760120018846,189.465666,0.233917557,189.465666,43.54456471,21.17877168,-67.7019586,6.5,3.0
2025-02-16 08:15:00,376.38812758345483,47.36194185,19.45160252,57.02706825,275.5742138496482,199.4574249,0.235342002,199.4574249,42.10155277,19.06409923,-69.86407869,6.5,3.0
2025-02-16 08:30:00,361.95061029299353,44.87914453,21.03754492,41.39072441,276.6779177516544,228.8662649,0.228078909,228.8662649,36.58606746,18.46140262,-78.21936052,6.5,3.0
2025-02-16 08:45:00,388.64100929101664,45.51213437,14.1193765,86.33261745,289.39026719850904,166.1340298,0.238433083,166.1340298,39.13625797,7.120366553,-56.04935104,6.5,3.0
2025-02-16 09:00:00,323.20838912612163,42.9343714,13.64978504,74.20615381,485.62400160885136,180.4144702,0.225350476,180.4144702,36.8071856,6.977216164,-59.88712691,6.5,3.0
2025-02-16 09:15:00,333.9489618813545,46.18723144,19.92855674,55.80849824,482.4041140441698,203.6689481,0.22430314,203.6689481,40.12996146,11.80049152,-68.8937843,6.5,3.0
2025-02-16 09:30:00,320.3752323483747,45.57313851,17.17097538,67.13699218,493.18169789490196,179.096069,0.234077097,179.096069,36.61211176,13.41653198,-61.27854069,6.5,3.0
2025-02-16 09:45:00,295.95741664414913,50.69975573,20.73163138,73.29354138,523.3801864520767,181.3589469,0.218809702,181.3589469,42.52616422,10.92331264,-61.95440999,6.5,3.0
2025-02-16 10:00:00,326.3537871343071,40.14850145,17.00793258,62.99200372,554.8842826909721,192.4711793,0.215355601,192.4711793,38.77863181,12.62731111,-65.85725932,6.5,3.0
2025-02-16 10:15:00,339.28374652744407,48.92335054,20.7843631,55.97749094,526.5332579212991,205.9470503,0.216680033,205.9470503,47.37550095,18.82479402,-72.13844507,6.5,3.0
2025-02-16 10:30:00,340.6624402998868,45.24488475,19.41933761,51.14899631,535.614385417125,199.3872108,0.213012529,199.3872108,40.56423542,12.48223881,-67.86902625,6.5,3.0
2025-02-16 10:45:00,342.3600260383621,45.10352969,13.12522351,47.7467275,533.6780739706037,209.0703515,0.221104814,209.0703515,44.0088406,9.196487114,-70.00352187,6.5,3.0
2025-02-16 11:00:00,230.8058578906872,49.49891218,15.18976152,80.93561004,379.44430538987444,181.6948838,0.210652857,181.6948838,46.72539286,13.00814769,-63.16179688,6.5,3.0
2025-02-16 11:15:00,232.40956709977846,38.32892395,17.34299108,75.25338718,362.3346133867982,168.194863,0.196412713,168.194863,37.45732055,10.23393414,-57.33845266,6.5,3.0
2025-02-16 11:30:00,230.68800112383636,40.68915408,16.89933281,64.31230395,371.9666677391367,181.2419701,0.206755088,181.2419701,34.08696929,14.88251605,-62.42343197,6.5,3.0
2025-02-16 11:45:00,218.15657388569798,44.39170105,18.93263638,54.15837801,343.9444134841906,208.3211925,0.206804319,208.3211925,42.3410296,18.10605276,-72.42272668,6.5,3.0
2025-02-16 12:00:00,241.32282721190595,50.24099627,20.74693767,61.27855233,444.7134269881973,205.9205573,0.222545333,205.9205573,48.03381781,11.00925078,-70.28323083,6.5,3.0
2025-02-16 12:15:00,228.9755097914684,42.4441933,16.84413613,58.05992393,445.7527203059972,195.883322,0.230974835,195.883322,35.87403644,14.52869493,-66.79326703,6.5,3.0
2025-02-16 12:30:00,237.44895895150236,37.93079157,16.04532323,71.63999015,415.4715643389489,184.5878696,0.228753309,184.5878696,31.50362152,9.523517092,-61.71681035,6.5,3.0
2025-02-16 12:45:00,239.5427040451233,47.77056413,19.28112946,57.21160121,392.9122883668565,199.3370376,0.2194343,199.3370376,42.30259732,14.70784551,-68.87876239,6.5,3.0
2025-02-16 13:00:00,244.584954646204,49.23019928,14.55780075,54.80224185,504.13049053731925,207.7831372,0.218571847,207.7831372,41.1002359,12.87278219,-70.6237998,6.5,3.0
2025-02-16 13:15:00,234.1595359663505,38.90240805,16.0542265,55.40601301,500.8193215779997,190.1628301,0.188105104,190.1628301,31.87818022,10.91455819,-63.7248853,6.5,3.0
2025-02-16 13:30:00,241.54871140102273,40.94624321,23.00533752,64.32838003,521.3086848969762,185.6879779,0.194509823,185.6879779,39.91688047,16.77825089,-64.87457848,6.5,3.0
2025-02-16 13:45:00,215.36679798642274,52.42944729,20.83629549,43.01649015,510.08150298770465,218.6394002,0.195698882,218.6394002,45.073641,10.98051902,-73.50364026,6.5,3.0
2025-02-16 14:00:00,258.6226634766595,45.44616216,22.13340414,35.6973721,461.6226757875824,224.0324006,0.179280222,224.0324006,37.76412497,17.2228701,-75.96050204,6.5,3.0
2025-02-16 14:15:00,249.00119107505435,47.51979261,18.72174623,62.6252906,467.8249640601403,188.8991694,0.174308052,188.8991694,46.73822507,11.00449596,-64.8154654,6.5,3.0
2025-02-16 14:30:00,260.8495407449634,41.57314277,19.086041,57.70489088,492.46112969806154,191.4540043,0.164814116,191.4540043,41.36107904,14.85443601,-66.49383736,6.5,3.0
2025-02-16 14:45:00,236.00660470332275,49.98168833,18.68940564,68.74595593,503.9112304542157,179.5615904,0.165482955,179.5615904,41.72226595,10.81495066,-61.22535022,6.5,3.0
2025-02-16 15:00:00,223.47791940183305,47.24634233,15.80452383,57.1611862,485.6940419519789,185.6458542,0.156670476,185.6458542,38.90641761,8.339050085,-62.22575493,6.5,3.0
2025-02-16 15:15:00,241.97192433813467,49.59142285,26.01981026,62.71876508,487.78366988010043,201.9089531,0.147537233,201.9089531,43.37082415,20.69172692,-70.82923643,6.5,3.0
2025-02-16 15:30:00,241.48684214734183,40.58529217,15.05845233,64.88554374,476.6709807930295,192.0811153,0.131827726,192.0811153,39.5985825,14.40900123,-66.40814113,6.5,3.0
2025-02-16 15:45:00,218.00331411269053,44.88882166,21.99250296,71.89341673,541.3513073748911,177.9491584,0.136311386,177.9491584,42.6702839,20.92459009,-64.31629628,6.5,3.0
2025-02-16 16:00:00,354.2475640379603,43.70766379,25.70657518,74.27758484,396.1426575782928,178.8481657,0.13313036,178.8481657,40.97788722,25.13871676,-65.30253072,6.5,3.0
2025-02-16 16:15:00,363.9071783012299,45.62531141,19.7029527,66.58702303,379.816987610393,206.6168228,0.133778993,206.6168228,36.50096361,12.48049354,-69.42243886,6.5,3.0
2025-02-16 16:30:00,380.23632160984175,50.59469312,19.10191681,55.98450338,399.2582299162222,204.9346776,0.138195846,204.9346776,42.33618189,16.78594774,-70.51405617,6.5,3.0
2025-02-16 16:45:00,384.1789360509681,43.02633245,17.99370053,66.32479729,347.37212489509193,187.6142683,0.122411078,187.6142683,42.51556912,11.53405407,-64.0166582,6.5,3.0
2025-02-16 17:00:00,390.29731722933616,51.27605815,25.65047446,59.8442308,120.03668177229159,205.1547194,0.106300477,205.1547194,43.92193279,19.26725005,-71.78485033,9.0,3.0
2025-02-16 17:15:00,406.7813828265888,40.98013531,14.87420531,66.37945574,127.93923016604417,198.9193025,0.111147016,198.9193025,36.19683547,14.3658347,-68.08501976,9.0,3.0
2025-02-16 17:30:00,395.4514985460187,46.48019334,16.21528696,66.58683482,118.04929173832247,204.7905187,0.097639147,204.7905187,44.45859403,15.24511256,-70.99023561,9.0,3.0
2025-02-16 17:45:00,439.9198013980565,47.73031876,13.23373556,62.0231053,123.9947963233418,204.0152533,0.102068636,204.0152533,40.15087003,6.866415819,-67.38440304,9.0,3.0
2025-02-16 18:00:00,433.8551912606594,49.32034598,25.157002,68.47830764,0.0,187.7829847,0.101677152,187.7829847,43.78170585,15.65920976,-65.61984097,9.0,3.0
2025-02-16 18:15:00,450.51802972880057,48.91219377,15.86868278,56.87002716,0.0,202.6659527,0.113222764,202.6659527,41.26367486,13.09261273,-68.68873458,9.0,3.0
2025-02-16 18:30:00,427.213259725281,40.97846993,24.54643588,58.63765659,0.0,204.5007432,0.127185365,204.5007432,34.84436949,18.32032241,-70.39932365,9.0,3.0
2025-02-16 18:45:00,439.4335192852591,44.28625569,15.28447784,50.1224693,0.0,195.8309174,0.145336512,195.8309174,43.69566215,9.247680973,-66.04481056,9.0,3.0
2025-02-16 19:00:00,414.81348871116376,50.22355877,15.25947495,55.29596306,0.0,208.7079594,0.157775934,208.7079594,43.10387313,8.90816187,-69.61122866,9.0,3.0
2025-02-16 19:15:00,387.84525967280837,40.31321385,12.62333737,54.88024827,0.0,185.7872861,0.179502361,185.7872861,32.51153896,7.843959404,-61.45074484,9.0,3.0
2025-02-16 19:30:00,405.34647264375724,45.47827145,13.38407604,59.84026185,0.0,188.8610341,0.180065247,188.8610341,37.91334696,10.69694896,-63.84164399,9.0,3.0
2025-02-16 19:45:00,423.94477897227057,46.8989073,15.50388303,67.88250016,0.0,188.1063416,0.170500704,188.1063416,46.37746326,12.91853271,-65.26275587,9.0,3.0
2025-02-16 20:00:00,439.58491925499453,43.13587147,17.36067191,63.16764609,0.0,189.78711,0.148697066,189.78711,40.39437193,10.49789807,-64.28305286,9.0,3.0
2025-02-16 20:15:00,441.3713814681775,42.00133503,19.05628339,51.74302774,0.0,206.1069755,0.142648467,206.1069755,34.34255261,13.11160461,-69.54796802,9.0,3.0
2025-02-16 20:30:00,460.7312602223419,40.86764397,18.86773542,67.33993721,0.0,188.5053088,0.136485451,188.5053088,36.2885724,10.64566441,-63.29006486,9.0,3.0
2025-02-16 20:45:00,433.57243905448604,41.57493627,14.03302846,58.9920252,0.0,209.1908868,0.117827615,209.1908868,41.43083731,9.273741535,-69.57438741,9.0,3.0
2025-02-16 21:00:00,291.6499145430986,47.07628541,22.05888127,71.86402622,0.0,194.4309662,0.120059413,194.4309662,40.80321312,21.43976158,-69.17227806,9.0,3.0
2025-02-16 21:15:00,268.85974348638877,47.74405461,15.89790442,58.16828098,0.0,198.528654,0.099566185,198.528654,45.44371599,14.2678277,-68.92310222,9.0,3.0
2025-02-16 21:30:00,268.74945451325794,42.74667341,20.31608688,56.87932447,0.0,206.5989765,0.11085869,206.5989765,41.59194001,19.16115004,-71.47227148,9.0,3.0
2025-02-16 21:45:00,296.3308874572547,48.58572978,20.9444597,55.68133809,0.0,208.8604372,0.101177565,208.8604372,47.97546913,18.65277463,-72.98699869,9.0,3.0
2025-02-16 22:00:00,235.03192959171236,46.11050513,25.96744763,66.36622541,0.0,197.3872704,0.095663764,197.3872704,38.6106899,14.23346475,-67.37312401,6.5,3.0
2025-02-16 22:15:00,219.45734192761856,43.32761312,13.49053396,61.71024186,0.0,200.5916825,0.098703312,200.5916825,40.44126197,10.28324076,-67.46644732,6.5,3.0
2025-02-16 22:30:00,231.7145251751364,45.96615034,22.6552989,64.56431596,0.0,194.4439256,0.088793821,194.4439256,40.42298153,21.25529762,-69.1544273,6.5,3.0
2025-02-16 22:45:00,237.80620330553268,49.70281532,18.72117208,58.79363451,0.0,208.2446062,0.081696157,208.2446062,42.18269445,15.93576945,-72.12502641,6.5,3.0
2025-02-16 23:00:00,215.88416405207852,47.56641956,13.13500902,56.77406536,0.0,197.2065231,0.088561811,197.2065231,42.61531845,10.00812207,-66.4330788,6.5,3.0
2025-02-16 23:15:00,228.19685183810734,42.670167,13.57528222,71.88697858,0.0,185.647928,0.09878765,185.647928,37.09674099,8.0210486,-61.92724584,6.5,3.0
2025-02-16 23:30:00,224.24894399667818,44.11665851,26.05945339,56.6557997,0.0,201.960134,0.096627582,201.960134,43.8733043,14.20254555,-69.28425693,6.5,3.0
2025-02-16 23:45:00,238.08004011313585,45.81556376,15.74115275,59.35034356,0.0,199.9916742,0.084359963,199.9916742,40.66548873,8.59378329,-66.56427664,6.5,3.0
2025-02-17 00:00:00,263.2616264785313,51.06091954,22.45619328,72.18320498,0.0,191.984416,0.085642451,191.984416,50.63190311,13.06751402,-66.94613925,6.5,3.0
2025-02-17 00:15:00,255.16681556883174,42.28434702,13.64234111,49.26258374,0.0,209.8651396,0.110807959,209.8651396,35.80018732,8.337955313,-69.30770511,6.5,3.0
2025-02-17 00:30:00,243.2577265986689,50.8596777,22.00126321,66.17355754,0.0,197.3574123,0.09839458,197.3574123,43.44325001,15.00177652,-68.34812896,6.5,3.0
2025-02-17 00:45:00,255.2038313539681,40.36518197,19.68367116,56.49763147,0.0,196.3430264,0.087559298,196.3430264,32.9571017,15.96529946,-66.94123015,6.5,3.0
2025-02-17 01:00:00,326.2077326586965,50.16584661,22.1718622,52.42407486,0.0,201.9708987,0.080668709,201.9708987,40.21065321,14.81069177,-69.09042981,6.5,3.0
2025-02-17 01:15:00,321.86982433615253,44.72501037,24.27253371,61.35160465,0.0,202.4486884,0.074839687,202.4486884,37.91764367,23.35497204,-72.15691514,6.5,3.0
2025-02-17 01:30:00,329.56597413994837,40.58446042,19.8078587,54.86773599,0.0,209.886786,0.084064935,209.886786,36.08397219,19.44215296,-72.52804385,6.5,3.0
2025-02-17 01:45:00,278.4464688652025,48.83225995,13.30337387,74.6008263,0.0,181.4232159,0.078431008,181.4232159,43.03515383,10.5687043,-62.01943661,6.5,3.0
2025-02-17 02:00:00,274.2489331148022,41.97468631,17.94385078,67.99020055,0.0,200.5220027,0.073371894,200.5220027,37.6445461,9.932320155,-67.0918894,6.5,3.0
2025-02-17 02:15:00,280.66516297522315,44.46644511,16.50276695,58.46154599,0.0,210.1551281,0.083134492,210.1551281,41.01157678,14.09127949,-71.91539709,6.5,3.0
2025-02-17 02:30:00,263.96872052887284,47.28549991,14.09383495,67.17913371,0.0,195.1587532,0.092853619,195.1587532,45.44582196,9.821060489,-66.26969409,6.5,3.0
2025-02-17 02:45:00,251.52718338110185,44.45029687,22.79408024,77.0978222,0.0,190.6341547,0.097598347,190.6341547,40.13692883,11.48795272,-65.08576909,6.5,3.0
2025-02-17 03:00:00,279.13332815362384,48.61607951,19.88057574,61.25998847,0.0,193.8515364,0.10836135,193.8515364,43.92432652,12.16240361,-66.64378407,6.5,3.0
2025-02-17 03:15:00,301.06313480832296,43.29541205,19.8583887,61.21876514,0.0,193.31267,0.118606637,193.31267,42.35227496,17.17477844,-67.89679006,6.5,3.0
2025-02-17 03:30:00,295.1319300092367,50.87784924,24.60421905,61.86706533,0.0,216.5942026,0.1122698,216.5942026,44.34946594,13.09229872,-73.80475823,6.5,3.0
2025-02-17 03:45:00,289.15160702881656,40.79201873,17.3177564,57.40258811,0.0,200.3382112,0.114355812,200.3382112,36.00301204,14.41056267,-67.91078963,6.5,3.0
2025-02-17 04:00:00,270.1721500663647,47.56831795,13.42804136,54.23811808,0.0,217.433142,0.120178936,217.433142,44.39626719,8.411045472,-72.36163448,6.5,3.0
2025-02-17 04:15:00,270.16274234120925,52.42415742,15.23797966,40.95443953,0.0,226.4840232,0.126223886,226.4840232,45.22621676,8.632182088,-75.22227336,6.5,3.0
2025-02-17 04:30:00,283.4974909179511,48.34753744,18.09619717,41.62692941,0.0,215.8677861,0.129467271,215.8677861,40.17475106,15.53501254,-73.97585877,6.5,3.0
2025-02-17 04:45:00,304.03761667447475,46.89187277,14.54962406,59.17717597,0.0,209.2056171,0.131026235,209.2056171,39.9446866,9.461075412,-69.88749396,6.5,3.0
2025-02-17 05:00:00,321.4606266321023,47.75085153,22.30862491,73.01732505,0.0,201.1283596,0.133895019,201.1283596,45.46105551,13.58409962,-69.46299061,6.5,3.0
2025-02-17 05:15:00,312.41843076136246,43.81970586,15.21229233,67.90169762,0.0,194.6702195,0.131199047,194.6702195,35.62869483,8.828250503,-64.68777752,6.5,3.0
2025-02-17 05:30:00,317.0806919562054,48.1379755,20.26646982,77.79583514,0.0,178.4932303,0.148376932,178.4932303,43.78607716,18.32046687,-63.07846186,6.5,3.0
2025-02-17 05:45:00,287.70025065032996,48.96107707,23.1329916,70.17381866,0.0,207.1511226,0.143436481,207.1511226,44.70261905,11.66791989,-70.31620352,6.5,3.0
2025-02-17 06:00:00,436.35240364942314,47.26501632,14.89583606,53.59194641,0.0,219.1773846,0.126444358,219.1773846,42.40000479,11.18878971,-73.40226947,6.5,3.0
2025-02-17 06:15:00,448.39194614109266,49.87519902,13.66607804,64.86583571,0.0,191.9784329,0.15406489,191.9784329,47.85592098,9.177409519,-65.43480907,6.5,3.0
2025-02-17 06:30:00,446.26068566236603,50.81503083,25.57126564,75.82068931,0.0,201.3381663,0.171438227,201.3381663,47.55867767,23.02343608,-72.05594111,6.5,3.0
2025-02-17 06:45:00,413.44496454711816,48.77367606,15.36696067,65.93569868,0.0,192.850754,0.174082658,192.850754,47.3177008,9.186148284,-65.64133807,6.5,3.0
2025-02-17 07:00:00,389.4768228906792,43.87447999,13.40087643,65.54158461,176.9222235329097,182.9562682,0.179526823,182.9562682,43.79066136,8.491321841,-61.74098588,6.5,3.0
2025-02-17 07:15:00,396.09601455604394,46.30127498,23.95097199,70.56794316,183.97538328122243,190.0857251,0.160726297,190.0857251,43.74230455,12.5776273,-65.52223038,6.5,3.0
2025-02-17 07:30:00,405.9569127411242,42.25814044,13.27164965,50.24919822,186.8057632673578,204.9959484,0.17874338,204.9959484,35.00791866,8.650355388,-67.99060183,6.5,3.0
2025-02-17 07:45:00,383.53024981215253,46.3415414,22.81857333,52.73038586,195.12662991851005,203.238481,0.182334713,203.238481,37.59119792,21.87311647,-71.88868634,6.5,3.0
2025-02-17 08:00:00,424.44485956436995,50.06987711,17.26282339,58.12013001,386.00576779405725,210.0906926,0.171238662,210.0906926,45.960364,10.98098794,-71.13212028,6.5,3.0
2025-02-17 08:15:00,453.2472837107837,46.55569969,25.59945015,49.79826294,385.8405874445176,215.4358265,0.169292056,215.4358265,43.05655645,24.3634838,-76.23759162,6.5,3.0
2025-02-17 08:30:00,429.6546219788939,47.31807012,25.6016156,68.05839016,389.3776375111518,185.4555962,0.171064061,185.4555962,46.68433317,22.63170075,-67.89201048,6.5,3.0
2025-02-17 08:45:00,431.47323474595237,49.97019678,23.60237822,52.57424531,393.84600725027326,213.3096845,0.176594622,213.3096845,40.6270907,15.35186416,-73.28736669,6.5,3.0
2025-02-17 09:00:00,388.1916873568674,40.78076682,15.68618536,52.22306931,491.2364988046516,220.1623927,0.175298049,220.1623927,36.79473674,14.70209067,-74.98422558,6.5,3.0
2025-02-17 09:15:00,402.6924264735275,52.60240996,23.51454323,64.44852161,492.71672688095526,216.2390558,0.170554134,216.2390558,48.93517932,21.841028,-77.13027969,6.5,3.0
2025-02-17 09:30:00,412.68042183409045,43.48110974,13.24179599,56.77111283,501.93481680043436,209.0860026,0.174399577,209.0860026,38.93311116,10.46727143,-70.04673761,6.5,3.0
2025-02-17 09:45:00,370.52546433551447,45.59929796,17.21599616,63.0443575,502.4719575139586,201.5695705,0.184485217,201.5695705,38.65469385,10.91815433,-67.87641584,6.5,3.0
2025-02-17 10:00:00,374.6321959562495,41.38294315,25.05440574,51.43674017,608.1466816244982,217.3183104,0.188262535,217.3183104,41.08901705,22.89898885,-77.56980329,6.5,3.0
2025-02-17 10:15:00,361.24774958332216,39.00108255,20.81490016,70.29153368,596.1390412390308,184.2570755,0.192519455,184.2570755,37.65465588,19.83667114,-66.05526843,6.5,3.0
2025-02-17 10:30:00,349.87580029843605,49.55535619,21.70146684,76.83101985,582.9929471882654,175.2476491,0.187310862,175.2476491,49.06811437,16.75906554,-63.17559041,6.5,3.0
2025-02-17 10:45:00,360.8742541619922,47.79973835,21.4452972,68.04123201,592.5713299482056,182.9611925,0.192603441,182.9611925,43.86891686,14.85775721,-64.09601714,6.5,3.0
2025-02-17 11:00:00,265.4780051064694,52.60704572,25.04556418,54.6354768,532.1666542958164,214.8682878,0.19605884,214.8682878,50.64293779,21.54858649,-76.57776771,6.5,3.0
2025-02-17 11:15:00,256.62543323211116,49.12471115,23.47229635,59.34341753,563.0159113492005,203.2367027,0.191238973,203.2367027,39.49459357,14.80353727,-70.30900745,6.5,3.0
2025-02-17 11:30:00,253.49424161213335,46.98981486,22.54860445,61.91022425,559.5775764758258,193.937537,0.202541707,193.937537,41.96526022,20.14251853,-68.86990955,6.5,3.0
2025-02-17 11:45:00,289.7823200492861,48.12732651,23.35250581,63.87564768,543.1798578791572,201.7452835,0.189420225,201.7452835,42.03223611,11.78868851,-68.93301701,6.5,3.0
2025-02-17 12:00:00,262.4186393838243,40.82445356,17.86528463,60.71913036,505.0122183942932,195.1184481,0.195463875,195.1184481,35.47623659,11.90448339,-65.91339127,6.5,3.0
2025-02-17 12:15:00,279.1320334953633,42.28287489,25.26205297,63.05202783,490.4484902967723,199.7728024,0.204266724,199.7728024,34.4449195,13.15323504,-67.68254308,6.5,3.0
2025-02-17 12:30:00,279.9417646952347,41.66214664,22.91990854,45.53274865,501.0497837613315,206.1837302,0.209117038,206.1837302,35.80696153,20.26352524,-71.75371804,6.5,3.0
2025-02-17 12:45:00,251.51756242557758,52.95027434,16.96494725,44.4751466,464.05950754760283,222.8845076,0.208286928,222.8845076,50.93072742,12.75607737,-76.23359574,6.5,3.0
2025-02-17 13:00:00,275.39023178107595,42.70176622,14.27965245,63.71423154,567.7708616194639,190.1326319,0.197247142,190.1326319,35.15504892,10.36229553,-63.84586466,6.5,3.0
2025-02-17 13:15:00,277.799118849181,47.24718395,22.965497,56.74590915,590.8481313292097,200.834611,0.189527906,200.834611,40.23573082,16.96471237,-69.94528572,6.5,3.0
2025-02-17 13:30:00,282.20590642804126,50.9705136,17.54318092,66.50637947,598.2072385167571,201.5192506,0.180802433,201.5192506,49.70691408,13.60210115,-69.70454776,6.5,3.0
2025-02-17 13:45:00,285.0247429417018,49.10351719,20.95654904,46.89111745,539.2937685345692,220.5120669,0.182020149,220.5120669,45.04536859,14.151064,-75.21462186,6.5,3.0
2025-02-17 14:00:00,291.610319303484,44.32272993,19.0386251,59.69969885,445.33128788064124,207.8778462,0.174017797,207.8778462,36.40050664,17.85678892,-72.09475433,6.5,3.0
2025-02-17 14:15:00,284.7234722943035,48.40547014,19.21752096,54.04669895,430.6060284937511,217.4150336,0.18015881,217.4150336,43.18266228,12.93240304,-74.12851905,6.5,3.0
2025-02-17 14:30:00,296.83392830811385,49.8735322,24.71198003,59.41346279,420.6764179037092,202.2004545,0.187110807,202.2004545,45.36802315,18.28520055,-71.13682682,6.5,3.0
2025-02-17 14:45:00,296.36228009409865,39.1935585,24.7845069,53.45172578,472.2862657218984,210.5963703,0.187572578,210.5963703,34.26365287,17.18428256,-72.18458451,6.5,3.0
2025-02-17 15:00:00,250.475064794264,52.22451037,20.89037269,59.50848862,383.5524747691906,201.9364186,0.194754853,201.9364186,46.9178492,17.19973714,-70.91538079,6.5,3.0
2025-02-17 15:15:00,242.8020801937758,52.090372,16.88539303,58.60707258,380.86329086332535,212.1998148,0.194566857,212.1998148,43.43238116,16.16932301,-73.83456802,6.5,3.0
2025-02-17 15:30:00,253.45577371006783,44.26800881,13.86672026,41.29386688,384.2576004902175,226.0392358,0.192756414,226.0392358,39.05043851,12.67553966,-75.86995257,6.5,3.0
2025-02-17 15:45:00,254.98708130189243,46.97963121,18.16051962,81.49001282,430.43663387726633,181.0614035,0.197866819,181.0614035,39.71468148,9.900587945,-61.43785239,6.5,3.0
2025-02-17 16:00:00,415.00780049955733,41.12980632,25.95468399,61.12069241,368.8446643280502,195.4583921,0.195453258,195.4583921,35.43665903,24.51269115,-70.86916616,6.5,3.0
2025-02-17 16:15:00,439.20911703351584,41.74954952,16.66699476,64.69790811,346.77288992650404,206.3854829,0.194654406,206.3854829,41.38067563,10.71556866,-69.51585708,6.5,3.0
2025-02-17 16:30:00,443.7320233039944,40.75655642,15.53605725,49.7979702,357.2950870153012,201.5269954,0.202344952,201.5269954,39.17211365,12.94973999,-68.23365009,6.5,3.0
2025-02-17 16:45:00,396.9210591629321,39.72305156,16.39151062,59.09588385,383.8173587301444,195.6522321,0.197967816,195.6522321,32.01589719,11.37844428,-65.65684573,6.5,3.0
2025-02-17 17:00:00,444.0509227567218,47.7632629,18.05257887,63.2939042,214.97766186359453,209.7063138,0.188194468,209.7063138,46.96642905,17.87624897,-73.64330875,9.0,3.0
2025-02-17 17:15:00,470.53684845761785,48.74007248,15.36873877,66.22784987,213.56929827075962,203.4009873,0.192474869,203.4009873,39.14754169,7.788693462,-67.34592093,9.0,3.0
2025-02-17 17:30:00,443.32894331569986,41.71396738,17.0062205,62.77290916,221.0299866512128,198.9915413,0.19514418,198.9915413,38.80575757,11.02843134,-67.0732295,9.0,3.0
2025-02-17 17:45:00,456.4532854699603,45.25969013,25.70784824,42.22185504,222.37305321443307,221.0592739,0.200430857,221.0592739,42.08395948,22.18907737,-77.84796143,9.0,3.0
2025-02-17 18:00:00,488.09817596030547,41.90526806,14.48392047,53.07487019,0.0,212.5157111,0.187058867,212.5157111,38.79271477,13.8585335,-72.07414051,9.0,3.0
2025-02-17 18:15:00,460.5018432999063,51.57910612,19.38182098,46.73558841,0.0,219.8888731,0.191316122,219.8888731,41.75184482,13.01619666,-73.94636774,9.0,3.0
2025-02-17 18:30:00,448.36036668445576,49.67593127,19.3749751,56.11221054,0.0,207.7734036,0.187012694,207.7734036,41.53519839,13.39629145,-70.65251257,9.0,3.0
2025-02-17 18:45:00,474.87961405533247,50.25594302,21.98007445,61.50044472,0.0,197.1194995,0.181337192,197.1194995,42.06074081,13.06431503,-67.60807055,9.0,3.0
2025-02-17 19:00:00,509.5390991279931,44.09644519,15.45792434,50.29802187,0.0,221.5407995,0.201437479,221.5407995,41.6513703,13.29679193,-75.14482887,9.0,3.0
2025-02-17 19:15:00,497.0927506594754,51.54841188,20.65471002,50.6212107,0.0,214.2961951,0.200568005,214.2961951,50.91000731,17.30904154,-74.77975299,9.0,3.0
2025-02-17 19:30:00,491.0181919127689,40.02341363,24.37730505,64.61603018,0.0,203.2015515,0.205314471,203.2015515,35.81711563,18.61579445,-70.73808928,9.0,3.0
2025-02-17 19:45:00,500.5999582997624,53.63161504,20.26955683,48.59982589,0.0,225.8742162,0.1941566,225.8742162,51.93763224,19.86729521,-79.39793669,9.0,3.0
2025-02-17 20:00:00,453.3901303458164,41.62143696,22.21645438,54.31209229,0.0,227.4062227,0.189072888,227.4062227,33.53379855,16.62767035,-77.47237345,9.0,3.0
2025-02-17 20:15:00,461.33589337841266,44.97520459,16.69330912,55.96941688,0.0,212.4760203,0.195852393,212.4760203,44.67226828,16.49834074,-73.6335819,9.0,3.0
2025-02-17 20:30:00,467.41662230715855,40.36863877,18.46570828,53.04668322,0.0,215.1849985,0.190104687,215.1849985,34.67852994,14.33634545,-72.76735046,9.0,3.0
2025-02-17 20:45:00,469.3773539686124,48.6381495,15.77344297,78.32717095,0.0,189.9434923,0.185640829,189.9434923,43.01265858,8.549726709,-64.02364496,9.0,3.0
2025-02-17 21:00:00,258.17912293327214,45.8021745,19.24036152,57.66523121,0.0,204.8662807,0.187420538,204.8662807,42.18970776,17.73269959,-71.92621749,9.0,3.0
2025-02-17 21:15:00,275.132404229471,47.51069273,20.54795214,56.85651816,0.0,216.7174529,0.194512944,216.7174529,41.71897071,19.0432873,-74.91496104,9.0,3.0
2025-02-17 21:30:00,272.340284866332,48.04394338,24.58847844,66.25637051,0.0,194.9203476,0.18657897,194.9203476,43.3888706,22.34304176,-70.44450584,9.0,3.0
2025-02-17 21:45:00,251.19818797092478,43.23946596,25.10095794,59.93042935,0.0,208.3034562,0.184290009,208.3034562,40.45837436,23.08054196,-74.53413262,9.0,3.0
2025-02-17 22:00:00,256.69324313334846,39.31702893,25.60847156,60.16012725,0.0,199.1402512,0.191994681,199.1402512,39.09265684,25.3035885,-72.16540001,6.5,3.0
2025-02-17 22:15:00,265.3424085003627,44.79459368,17.60177451,50.5165913,0.0,226.2323481,0.190437812,226.2323481,41.94940779,17.45051614,-77.7762136,6.5,3.0
2025-02-17 22:30:00,268.6733957662468,41.83271045,25.44394144,60.61933259,0.0,211.250122,0.201574664,211.250122,34.68713697,18.24396709,-73.40491955,6.5,3.0
2025-02-17 22:45:00,246.4709526000421,47.19417719,18.66018778,57.67432989,0.0,214.7071144,0.184800703,214.7071144,43.5440408,15.77431485,-74.40237801,6.5,3.0
2025-02-17 23:00:00,287.2663038676347,46.38426805,16.14299936,58.33086333,0.0,196.2617012,0.184634876,196.2617012,41.62280942,8.145932152,-65.80655205,6.5,3.0
2025-02-17 23:15:00,294.99685323081803,43.22365129,21.05079746,65.31547331,0.0,195.2100526,0.175207265,195.2100526,40.89100578,12.15148765,-66.73512198,6.5,3.0
2025-02-17 23:30:00,299.9363178708958,48.03782504,14.82238188,63.21069528,0.0,215.208526,0.162187971,215.208526,43.93209803,13.55719259,-73.59893348,6.5,3.0
2025-02-17 23:45:00,284.3805250306515,48.39786191,18.45448207,73.52220761,0.0,189.9072434,0.174315186,189.9072434,43.19279515,10.97235583,-65.16571394,6.5,3.0
2025-02-18 00:00:00,285.9538594139356,46.55036829,17.07157028,67.06743749,0.0,203.1487869,0.180044529,203.1487869,38.51186398,16.09932834,-69.84878174,6.5,3.0
2025-02-18 00:15:00,280.4874375316418,44.47061015,19.05145539,63.51992785,0.0,215.5763074,0.182120295,215.5763074,42.81736893,16.41431904,-74.85024777,6.5,3.0
2025-02-18 00:30:00,302.37694988343287,42.45435872,25.19538852,63.30868494,0.0,200.5594126,0.1862492,200.5594126,34.58003254,13.5084937,-68.18824031,6.5,3.0
2025-02-18 00:45:00,310.1117531709898,46.26923516,24.39855125,62.03646666,0.0,221.3124967,0.212024456,221.3124967,41.47426603,16.06848859,-76.01607436,6.5,3.0
2025-02-18 01:00:00,324.3588608202734,43.27542407,25.97177091,55.62497688,0.0,212.985268,0.233929388,212.985268,42.76863403,25.28677539,-77.22832282,6.5,3.0
2025-02-18 01:15:00,305.2100601821075,50.12147308,26.02241884,61.41321187,0.0,206.606086,0.242879494,206.606086,48.12391395,20.53315019,-73.56992968,6.5,3.0
2025-02-18 01:30:00,294.5069537983278,49.93857904,18.00494658,46.70632568,0.0,207.7629966,0.237690925,207.7629966,46.56952802,15.09703874,-72.17194505,6.5,3.0
2025-02-18 01:45:00,313.6041251992914,48.44847384,24.21317893,57.3697368,0.0,212.0423654,0.232848507,212.0423654,45.17550701,20.67409705,-75.57597505,6.5,3.0
2025-02-18 02:00:00,298.2574242660912,52.41574252,21.3833797,58.70913202,0.0,201.3463758,0.236152181,201.3463758,44.61074909,15.48981201,-70.4702659,6.5,3.0
2025-02-18 02:15:00,294.1330513262287,43.43423094,23.8147337,51.66118116,0.0,227.3700723,0.235392078,227.3700723,39.23407439,19.53726144,-79.5172918,6.5,3.0
2025-02-18 02:30:00,314.90057655525385,46.76856131,18.30976393,67.82582484,0.0,204.6850141,0.226450669,204.6850141,37.96656069,13.17565405,-69.92704569,6.5,3.0
2025-02-18 02:45:00,318.62894785242634,50.56840489,20.66553596,58.65707845,0.0,215.4856735,0.250078982,215.4856735,45.59892384,16.05051106,-74.17852644,6.5,3.0
2025-02-18 03:00:00,303.12415616633416,41.7722965,15.26426427,71.31205633,0.0,194.8134172,0.263449179,194.8134172,34.02526216,9.527476229,-65.05655536,6.5,3.0
2025-02-18 03:15:00,311.1560150275971,40.99898347,13.69714744,73.26638066,0.0,194.9158481,0.274012476,194.9158481,39.91382572,11.62326307,-66.91453467,6.5,3.0
2025-02-18 03:30:00,304.26899496835046,45.91404506,16.29604886,47.50785501,0.0,211.5546721,0.282190433,211.5546721,41.09385342,8.159883734,-70.28978391,6.5,3.0
2025-02-18 03:45:00,349.2108338377184,48.14027656,14.85554352,60.76325965,0.0,200.1048576,0.28380934,200.1048576,40.76617177,7.475154424,-66.729285,6.5,3.0
2025-02-18 04:00:00,298.7748358207392,41.65946038,20.99100778,53.40563089,0.0,214.2143949,0.28234639,214.2143949,39.52223437,19.10419984,-74.0073724,6.5,3.0
2025-02-18 04:15:00,319.7802417174814,43.37173932,21.51923465,37.51912373,0.0,234.2074143,0.289139841,234.2074143,41.30232602,15.95826906,-79.71640481,6.5,3.0
2025-02-18 04:30:00,302.1789517149789,51.13574688,18.20070251,60.08851564,0.0,208.5789011,0.310578782,208.5789011,42.89431665,11.46849401,-70.97025865,6.5,3.0
2025-02-18 04:45:00,320.9959707468006,48.18134437,14.44163334,46.61519269,0.0,218.5447073,0.315279847,218.5447073,42.29989882,10.75968984,-72.94112754,6.5,3.0
2025-02-18 05:00:00,273.1307430323367,47.89284669,15.20772918,57.81807342,0.0,213.2229171,0.326130006,213.2229171,40.99209148,7.667378972,-70.52831836,6.5,3.0
2025-02-18 05:15:00,265.5339142181083,52.58271874,18.0338282,56.53885009,0.0,212.5342,0.321420478,212.5342,48.42359253,17.24948907,-74.71750234,6.5,3.0
2025-02-18 05:30:00,267.7761798422795,49.46071656,18.09993608,56.85501476,0.0,224.3792068,0.316299394,224.3792068,48.61989857,14.16848997,-76.84696656,6.5,3.0
2025-02-18 05:45:00,267.7391629072756,48.46149328,14.79497367,53.08432408,0.0,222.4522012,0.31457115,222.4522012,41.24728425,7.750658755,-73.47063812,6.5,3.0
2025-02-18 06:00:00,437.4857318844885,41.67362668,17.43019296,68.47981771,0.0,204.5814216,0.310562005,204.5814216,37.40549694,16.07118703,-70.75400938,6.5,3.0
2025-02-18 06:15:00,439.70664601608024,41.03704267,13.95827114,52.68401072,0.0,216.0986755,0.298209446,216.0986755,33.21630132,8.64337993,-71.18754151,6.5,3.0
2025-02-18 06:30:00,441.70198698732156,41.85572549,19.50714823,41.75359162,0.0,226.792842,0.31765598,226.792842,35.30795487,18.07729125,-77.45505581,6.5,3.0
2025-02-18 06:45:00,459.0456351121097,52.95487307,17.84860678,68.6712093,0.0,211.4811909,0.312291205,211.4811909,42.6919423,9.942719121,-70.96701463,6.5,3.0
2025-02-18 07:00:00,509.6199401261775,51.14250052,20.17565771,58.7598546,222.85336572406456,213.0548326,0.308801041,213.0548326,46.41638634,13.76844612,-72.91298005,6.5,3.0
2025-02-18 07:15:00,467.2284751793088,50.93792372,19.76634388,68.91100162,218.32148288369083,195.7768575,0.316374356,195.7768575,44.40173666,19.55402849,-69.57415877,6.5,3.0
2025-02-18 07:30:00,507.1221122392422,49.46549429,15.74367201,83.1938912,234.80937044563834,187.0453915,0.319565585,187.0453915,45.00641916,15.23195753,-65.57239104,6.5,3.0
2025-02-18 07:45:00,481.99947245527164,46.5635946,16.46742056,69.08923559,236.02578094660623,200.4300007,0.325319576,200.4300007,45.39985971,11.55333139,-68.70858795,6.5,3.0
2025-02-18 08:00:00,430.326778063638,48.92479682,23.95775401,63.67326313,359.3489718013013,205.2909957,0.321280768,205.2909957,47.28728002,17.79956849,-72.66017223,6.5,3.0
2025-02-18 08:15:00,422.9030086462444,51.41162846,26.6214404,63.37685406,368.78869282129926,215.3624511,0.31813324,215.3624511,41.8782902,16.33129289,-74.24598672,6.5,3.0
2025-02-18 08:30:00,411.4507088184174,47.33157416,19.69131242,51.05060401,376.9598610483698,215.8413172,0.311935415,215.8413172,38.33445251,10.23408555,-72.31832179,6.5,3.0
2025-02-18 08:45:00,443.7795044717002,43.71411536,19.48339373,59.46727504,390.60247432902975,216.0654461,0.309731243,216.0654461,38.73489469,12.44859649,-73.39316253,6.5,3.0
2025-02-18 09:00:00,323.8196733824817,52.6884714,16.84035992,52.15869407,490.41499683476263,228.7110451,0.292849485,228.7110451,45.37783283,14.43974226,-78.0952251,6.5,3.0
2025-02-18 09:15:00,321.6254925313931,54.62042765,15.08879836,60.91610499,526.7565595543615,217.465002,0.302770136,217.465002,49.03022776,14.51703304,-74.47512692,6.5,3.0
2025-02-18 09:30:00,338.0547125415792,50.82062804,16.30087116,61.61706979,529.3433192880196,210.7822231,0.293311406,210.7822231,47.2092352,8.671302841,-70.88493128,6.5,3.0
2025-02-18 09:45:00,359.4101215445461,51.70422502,17.50187785,53.83628025,490.9251243228564,214.8123554,0.297578024,214.8123554,45.81015407,13.76164662,-73.94821193,6.5,3.0
2025-02-18 10:00:00,325.8076837965291,41.92839813,23.89197161,67.86029777,552.8732402229824,207.2125171,0.27714441,207.2125171,36.28216754,21.81353821,-73.35641875,6.5,3.0
2025-02-18 10:15:00,337.94851033540357,42.83366444,23.73052722,40.3322652,570.7626558089548,230.0701078,0.275865113,230.0701078,37.77735629,18.32560231,-79.47277383,6.5,3.0
2025-02-18 10:30:00,343.6629192456798,42.9433164,25.5357171,58.09041666,527.745975204568,222.7548877,0.281390384,222.7548877,42.42094331,23.17462436,-79.20756373,6.5,3.0
2025-02-18 10:45:00,319.53088662238747,45.34997059,19.27718386,69.05725497,548.0081287634948,193.6373695,0.262265943,193.6373695,44.00577352,18.33430517,-68.60167878,6.5,3.0
2025-02-18 11:00:00,246.96615041506072,49.4608911,25.81713405,48.57849025,564.7131914816944,217.9160963,0.244559883,217.9160963,41.51170898,16.56560541,-75.17703018,6.5,3.0
2025-02-18 11:15:00,261.974264468332,50.51960259,23.45589435,67.40696771,530.9475877787613,206.9319759,0.241721005,206.9319759,45.05510493,13.84802952,-71.3232657,6.5,3.0
2025-02-18 11:30:00,271.4709596850389,45.77507172,16.45611451,60.33495091,518.9130979075386,200.3727399,0.252999253,200.3727399,39.20293462,9.55107814,-67.3771029,6.5,3.0
2025-02-18 11:45:00,259.1886254315682,46.6802998,16.06505092,50.11993473,548.4161228320054,212.4765466,0.258802646,212.4765466,43.57451573,12.67156704,-72.35441874,6.5,3.0
2025-02-18 12:00:00,298.5945006569901,41.38949351,21.55162085,57.21485706,600.3029101510241,215.483696,0.243323068,215.483696,36.4596013,11.75919883,-72.23318318,6.5,3.0
2025-02-18 12:15:00,298.8968434417792,53.08355115,21.26484788,62.16814106,629.2073958684563,212.4950325,0.241459701,212.4950325,51.54744382,12.86608156,-73.26957411,6.5,3.0
2025-02-18 12:30:00,286.68706303872864,46.42749977,19.23844793,49.95016581,616.1056190801178,221.8935455,0.262467396,221.8935455,39.86660075,19.00953578,-77.56784648,6.5,3.0
2025-02-18 12:45:00,295.881592862502,45.17266054,17.4282742,69.63438139,582.6740749004018,196.2547083,0.256232754,196.2547083,42.54887189,13.76975087,-68.12897039,6.5,3.0
2025-02-18 13:00:00,270.48363836384016,44.93856626,26.65081335,48.79116235,489.42101694581805,229.4647645,0.23955852,229.4647645,44.29544844,26.36988566,-82.31693632,6.5,3.0
2025-02-18 13:15:00,282.00055369519663,49.20104772,18.39847906,60.65381186,492.52284996860766,208.2675269,0.23873172,208.2675269,47.65615665,11.43481706,-71.31714494,6.5,3.0
2025-02-18 13:30:00,297.5043211869738,52.77670275,21.13954125,58.60768559,471.49470001748773,216.0812785,0.237453191,216.0812785,46.12168811,11.61603614,-73.2732572,6.5,3.0
2025-02-18 13:45:00,288.3814867539893,43.41742673,22.27049027,67.04943338,439.5014330680865,205.1099282,0.238015244,205.1099282,37.115613,14.51188733,-70.30071937,6.5,3.0
2025-02-18 14:00:00,304.1863666920781,50.00902953,25.83409799,49.86099439,535.0815135088019,232.8260089,0.24309485,232.8260089,43.71078231,14.40495886,-79.66324658,6.5,3.0
2025-02-18 14:15:00,305.9031111266228,47.54057018,24.57369384,48.09409534,565.2653920700263,234.8470282,0.25503247,234.8470282,38.87679051,17.7013974,-80.77796475,6.5,3.0
2025-02-18 14:30:00,299.2652543922029,52.34512146,20.81125469,33.49886556,543.5991227226004,236.6318675,0.247717876,236.6318675,49.06842686,14.97407181,-80.97203479,6.5,3.0
2025-02-18 14:45:00,256.28526778909634,54.40191291,27.88297313,69.36223057,537.5939716985713,211.6357696,0.25232868,211.6357696,51.7419301,16.12441742,-74.56032109,6.5,3.0
2025-02-18 15:00:00,268.1593888584401,50.81605955,28.40432438,71.14344384,534.2369792831435,217.9882199,0.245587976,217.9882199,48.61771874,18.05894391,-77.05473504,6.5,3.0
2025-02-18 15:15:00,276.90384597329734,52.67157219,22.29715018,49.78553104,497.6186628522849,222.405826,0.249585209,222.405826,49.99665559,20.40040104,-78.62729301,6.5,3.0
2025-02-18 15:30:00,261.4116259867459,53.89227762,15.39774096,68.87434825,522.8334386680698,197.4699108,0.266774937,197.4699108,50.37068674,9.714633912,-67.95592048,6.5,3.0
2025-02-18 15:45:00,258.0151391815167,41.957249,18.23656273,37.42136981,493.610919196502,229.0875954,0.257810845,229.0875954,35.32485677,15.74028165,-77.16520544,6.5,3.0
2025-02-18 16:00:00,373.9028385549574,47.37073403,15.89028888,56.53913084,377.3850328766983,228.4907117,0.251036354,228.4907117,41.55897578,11.29271867,-76.72624597,6.5,3.0
2025-02-18 16:15:00,383.4299893104652,42.9924587,22.36180804,66.54216719,364.7765339325253,201.7911185,0.262535361,201.7911185,38.33266694,11.5903048,-68.41919816,6.5,3.0
2025-02-18 16:30:00,389.9637032401115,45.07549845,14.95197817,83.16723105,369.0277126029831,185.2666778,0.248349758,185.2666778,44.15206258,9.729277815,-63.17582112,6.5,3.0
2025-02-18 16:45:00,387.7134688944659,53.19219748,14.0683663,53.46854578,367.85072058779315,214.4943846,0.251147282,214.4943846,45.69513395,13.42418418,-73.43574417,6.5,3.0
2025-02-18 17:00:00,500.6244221610044,42.27482648,21.65066366,69.67674507,185.2918543538626,205.280764,0.255910186,205.280764,36.1106826,13.19166757,-69.35978085,9.0,3.0
2025-02-18 17:15:00,487.9528138987434,46.31557107,21.72357631,63.83904541,182.07409823018963,214.196857,0.260772713,214.196857,37.33820257,21.34855401,-75.32002352,9.0,3.0
2025-02-18 17:30:00,490.9423844136769,42.87905507,13.82538941,54.87890619,185.96380689335462,207.2254682,0.257105923,207.2254682,39.48420632,9.951408762,-69.903693,9.0,3.0
2025-02-18 17:45:00,471.70037952657526,48.62893812,23.30869952,55.4231344,209.41024052259309,223.9810244,0.251970124,223.9810244,48.15524312,18.45091745,-77.63448093,9.0,3.0
2025-02-18 18:00:00,470.2912385252862,42.85891092,15.42017911,63.1368184,0.0,214.1270231,0.24584655,214.1270231,38.24814012,11.51347929,-72.18962417,9.0,3.0
2025-02-18 18:15:00,475.0911334266133,48.29607386,24.2957592,64.45042477,0.0,219.1838404,0.257956615,219.1838404,46.59799816,13.36447335,-74.99227085,9.0,3.0
2025-02-18 18:30:00,480.08408553165435,41.80153441,16.10409721,66.33175429,0.0,206.2004867,0.258129756,206.2004867,41.35789729,8.544666709,-69.07637975,9.0,3.0
2025-02-18 18:45:00,415.01354251644625,46.5970727,21.05896063,47.70293751,0.0,228.7867266,0.242649159,228.7867266,39.10773256,14.63252964,-77.49642351,9.0,3.0
2025-02-18 19:00:00,469.87250931538796,55.70849356,17.3978301,55.79159083,0.0,229.4607913,0.246510585,229.4607913,52.15119446,13.65900109,-78.51928002,9.0,3.0
2025-02-18 19:15:00,500.4145708827475,41.6360066,19.75689158,70.32440345,0.0,202.2837896,0.251144427,202.2837896,37.39373543,11.68891116,-68.69531435,9.0,3.0
2025-02-18 19:30:00,459.9433724865097,47.93435193,22.94581819,62.77234411,0.0,220.3579504,0.267864795,220.3579504,39.29117813,14.07874488,-75.11543276,9.0,3.0
2025-02-18 19:45:00,484.07954731535483,45.97013499,27.99777619,55.65822121,0.0,218.5096347,0.27236567,218.5096347,44.66598641,16.57521779,-75.92296552,9.0,3.0
2025-02-18 20:00:00,463.4724435858141,45.17997722,25.7206982,77.42095236,0.0,190.1404881,0.276489454,190.1404881,42.29841205,13.21407737,-66.15671217,9.0,3.0
2025-02-18 20:15:00,460.55504274189724,51.0205522,19.72770044,65.35535897,0.0,206.9602573,0.267889016,206.9602573,46.07248532,17.06680757,-72.73297519,9.0,3.0
2025-02-18 20:30:00,442.12049214584135,42.07181501,15.75608005,71.31379042,0.0,209.890117,0.263651723,209.890117,37.21158653,13.88271552,-71.32948555,9.0,3.0
2025-02-18 20:45:00,443.66202152644723,43.83029548,14.84032708,65.46205979,0.0,206.057027,0.263373019,206.057027,41.65167088,9.513304972,-69.28668236,9.0,3.0
2025-02-18 21:00:00,286.0630212522368,52.14689167,26.74196509,52.48594175,0.0,218.1561416,0.256361999,218.1561416,46.47747436,25.25335121,-79.49775034,9.0,3.0
2025-02-18 21:15:00,278.78073000261884,50.8124304,20.94343441,74.54950744,0.0,192.9927331,0.252373688,192.9927331,45.98540886,17.18575984,-68.63619522,9.0,3.0
2025-02-18 21:30:00,274.87812994213454,44.57723885,17.1748337,60.71404362,0.0,211.0013931,0.25956123,211.0013931,39.39500294,12.21680749,-71.40623429,9.0,3.0
2025-02-18 21:45:00,281.55811880300985,48.56597329,19.09764925,79.27349182,0.0,204.93976,0.253062404,204.93976,43.78002841,14.41176671,-71.4466757,9.0,3.0
2025-02-18 22:00:00,307.6604271911392,41.83919173,22.27597486,64.00914615,0.0,208.0168796,0.249975465,208.0168796,40.47526344,13.45131181,-71.23172829,6.5,3.0
2025-02-18 22:15:00,306.05614635744996,53.97508123,26.89215476,38.7166659,0.0,237.0335584,0.256295024,237.0335584,47.63811055,18.64680495,-82.8796868,6.5,3.0
2025-02-18 22:30:00,292.6475671026892,54.34863047,27.64998759,62.38619624,0.0,212.4667234,0.255581978,212.4667234,45.22680198,24.1856964,-77.82057885,6.5,3.0
2025-02-18 22:45:00,268.5258593487217,47.95485981,15.4938343,58.05831023,0.0,206.96588,0.259419692,206.96588,47.63591438,8.135695581,-70.02191001,6.5,3.0
2025-02-18 23:00:00,295.5511739210905,50.95125411,17.31861108,74.80747424,0.0,205.3479895,0.261354214,205.3479895,49.12346419,15.09724314,-70.88068393,6.5,3.0
2025-02-18 23:15:00,297.3521830621636,42.33340229,19.04019436,44.45173195,0.0,226.1851561,0.24226091,226.1851561,39.38805255,10.77874035,-75.69654527,6.5,3.0
2025-02-18 23:30:00,288.3451745618912,44.40587149,16.01335023,77.24613359,0.0,204.648162,0.246017118,204.648162,43.56341601,11.4831155,-70.06992523,6.5,3.0
2025-02-18 23:45:00,294.31146845485466,51.35606802,19.65253895,38.32412098,0.0,245.1561348,0.255967284,245.1561348,49.65165067,16.90347505,-84.29473888,6.5,3.0
2025-02-19 00:00:00,299.37354802309125,52.96162879,15.99208215,61.28868629,0.0,214.6420618,0.250613681,214.6420618,52.06740406,13.7660215,-74.59428811,6.5,3.0
2025-02-19 00:15:00,293.2284421451359,52.07940776,20.92077639,60.31691074,0.0,215.9073508,0.253376913,215.9073508,43.60859699,20.29476765,-76.53757276,6.5,3.0
2025-02-19 00:30:00,287.42874781112977,45.80247819,27.25432758,73.42113475,0.0,213.4461499,0.270212704,213.4461499,45.20367166,21.63457265,-76.07499858,6.5,3.0
2025-02-19 00:45:00,317.16926202064315,52.84249489,15.34369124,76.65028719,0.0,207.3372857,0.275483554,207.3372857,47.97974362,13.14608686,-72.0956023,6.5,3.0
2025-02-19 01:00:00,297.29453351926173,50.79630272,27.08323406,75.39998631,0.0,199.7123613,0.289191926,199.7123613,50.75391188,26.93973508,-74.6829965,6.5,3.0
2025-02-19 01:15:00,302.24034206917753,46.34377682,19.70180944,62.43164796,0.0,212.6599969,0.279023551,212.6599969,43.99648521,18.63949628,-74.39188272,6.5,3.0
2025-02-19 01:30:00,316.4686759828779,56.32053868,26.63129885,73.07517265,0.0,217.9931654,0.262780383,217.9931654,46.16594406,19.65472005,-77.1092582,6.5,3.0
2025-02-19 01:45:00,300.05644842868276,52.11472014,19.7258844,45.54462626,0.0,227.2507774,0.25771589,227.2507774,43.02154582,10.93189983,-76.23936322,6.5,3.0
2025-02-19 02:00:00,300.7113759699244,56.06832715,17.08581827,66.57974222,0.0,216.4069213,0.247543186,216.4069213,49.98644392,13.25670373,-74.55455055,6.5,3.0
2025-02-19 02:15:00,292.6663282195985,43.95081678,15.83475263,58.1515754,0.0,215.6370389,0.254961474,215.6370389,41.36205965,13.9594166,-73.85627012,6.5,3.0
2025-02-19 02:30:00,289.7227283946779,55.11482774,26.4908522,69.02127972,0.0,221.4403813,0.245915492,221.4403813,52.18445848,13.61687585,-76.33096445,6.5,3.0
2025-02-19 02:45:00,309.35956741579923,46.39457793,20.61637836,72.30719561,0.0,212.5325381,0.241809605,212.5325381,40.9361156,14.34848458,-72.32651696,6.5,3.0
2025-02-19 03:00:00,313.9606508454927,52.12395083,23.8992904,78.20270086,0.0,206.2245064,0.249233831,206.2245064,47.14771928,20.62647293,-73.88696733,6.5,3.0
2025-02-19 03:15:00,294.6143008422209,46.37178499,23.36968513,53.81564723,0.0,229.7276535,0.231798581,229.7276535,44.42708454,18.25046134,-80.29318426,6.5,3.0
2025-02-19 03:30:00,294.5106076996703,41.82954166,26.95251102,65.20688939,0.0,210.2582106,0.223992117,210.2582106,40.90750069,25.48446981,-76.17867558,6.5,3.0
2025-02-19 03:45:00,333.984440612616,49.80420071,27.51735321,50.21599508,0.0,226.5736215,0.230790187,226.5736215,39.96194764,15.29238546,-77.50280101,6.5,3.0
2025-02-19 04:00:00,292.5772464580534,47.81712285,24.84977614,63.57829543,0.0,213.8174606,0.231584529,213.8174606,39.57141804,24.76662099,-76.75804513,6.5,3.0
2025-02-19 04:15:00,297.5264963897946,52.06312968,27.53545598,66.7436865,0.0,210.7839858,0.238569793,210.7839858,44.84713621,17.72430401,-73.784391,6.5,3.0
2025-02-19 04:30:00,296.1247443782087,47.43914821,16.62263126,53.441454,0.0,223.4118252,0.24612014,223.4118252,42.12015339,14.58524713,-76.91227057,6.5,3.0
2025-02-19 04:45:00,301.20151277394336,47.42114557,21.79766676,70.4721669,0.0,215.337684,0.232146715,215.337684,40.27124835,21.34974655,-76.39224994,6.5,3.0
2025-02-19 05:00:00,295.59676039317833,45.79504443,22.57361988,82.61807372,0.0,194.4327396,0.22622577,194.4327396,37.96815533,18.61466809,-69.20093206,6.5,3.0
2025-02-19 05:15:00,291.43759234591596,51.59071031,22.99211748,52.78148387,0.0,227.6731577,0.229678818,227.6731577,47.28261599,19.8637459,-79.64464186,6.5,3.0
2025-02-19 05:30:00,298.6560063281019,49.45670058,20.47224666,67.44331069,0.0,210.7215109,0.229654308,210.7215109,42.84770699,10.57511557,-71.55135581,6.5,3.0
2025-02-19 05:45:00,275.55964093280386,49.54036343,20.80222987,67.21003066,0.0,236.7961058,0.219695251,236.7961058,42.41850447,17.8035091,-81.55822506,6.5,3.0
2025-02-19 06:00:00,433.48202590394243,47.7959842,17.59150456,64.66016141,0.0,213.1786057,0.223833714,213.1786057,47.13007821,14.64462757,-74.19808314,6.5,3.0
2025-02-19 06:15:00,451.5002032558595,56.29352581,25.97530636,67.74173556,0.0,219.403522,0.199192389,219.403522,51.37064563,15.06277456,-76.60695139,6.5,3.0
2025-02-19 06:30:00,464.7365358428771,50.1822085,19.58852257,67.18399704,0.0,206.5975199,0.212786598,206.5975199,49.24431672,9.927397989,-70.20745403,6.5,3.0
2025-02-19 06:45:00,453.3812349973209,52.87497517,16.86048331,51.19711975,0.0,229.3940609,0.220017666,229.3940609,43.65212434,14.92718069,-78.64416945,6.5,3.0
2025-02-19 07:00:00,447.97121588834943,49.54923116,22.28224714,78.89798797,207.91316170007823,196.7913052,0.207361835,196.7913052,40.14096036,15.32211457,-68.72513486,6.5,3.0
2025-02-19 07:15:00,445.3325067972696,54.2427719,15.2017018,90.29743142,219.84734934872418,193.8911011,0.216951865,193.8911011,45.05447018,9.021431342,-66.11929106,6.5,3.0
2025-02-19 07:30:00,420.1999461234561,44.05028523,20.64065851,64.22400564,216.12304451861334,221.6928746,0.22212486,221.6928746,41.59008105,14.43675288,-75.71683727,6.5,3.0
2025-02-19 07:45:00,450.19633119092487,55.0713766,15.98267194,60.32411208,213.94644443258426,222.5445828,0.221987282,222.5445828,49.59037797,10.19777117,-75.49877255,6.5,3.0
2025-02-19 08:00:00,394.3317646732115,52.48259946,18.5396985,57.02669364,361.9287849417017,211.4043865,0.221572849,211.4043865,50.18641128,17.83916404,-74.86419673,6.5,3.0
2025-02-19 08:15:00,401.12703396778096,54.05360334,17.83286032,74.10946121,356.2953813988599,212.3791364,0.225882,212.3791364,51.22979934,14.40340993,-74.07121022,6.5,3.0
2025-02-19 08:30:00,388.55208617197775,53.98335557,20.5460032,62.57707086,352.37745587787674,216.4664985,0.224780201,216.4664985,50.76588265,13.14727279,-74.7387137,6.5,3.0
2025-02-19 08:45:00,361.18911518702976,52.10346372,15.58731372,48.35106385,336.6483777815615,242.4724577,0.219621961,242.4724577,43.93054915,12.59640939,-81.60476565,6.5,3.0
2025-02-19 09:00:00,396.91320863025334,54.7875298,27.64054135,68.60132977,502.797317268224,203.9307803,0.230293655,203.9307803,54.61009485,21.15869283,-74.13841096,6.5,3.0
2025-02-19 09:15:00,378.9654234620159,44.85319084,15.1266176,67.90704784,497.65926686220774,217.2372536,0.223118843,217.2372536,37.05387656,11.45090525,-72.9776214,6.5,3.0
2025-02-19 09:30:00,416.18109910723774,46.63864159,26.78974869,57.87000229,529.4914328223692,218.4298756,0.235333023,218.4298756,37.40873129,24.59093453,-77.62314811,6.5,3.0
2025-02-19 09:45:00,401.55026880049286,53.60790891,18.69570965,65.55675028,537.1019830471992,221.4803116,0.227446064,221.4803116,52.97984136,15.97047019,-77.81616023,6.5,3.0
2025-02-19 10:00:00,397.16844690535856,49.79586899,18.27243532,78.31878779,618.9474660915711,200.8077572,0.214409953,200.8077572,47.33469278,11.17398106,-69.05521004,6.5,3.0
2025-02-19 10:15:00,395.2050438104399,48.33838315,26.03365598,65.33785684,617.9526441117736,219.8905834,0.197643812,219.8905834,41.72406005,15.18658839,-75.91859775,6.5,3.0
2025-02-19 10:30:00,368.34860971874707,54.59196174,17.85346939,63.8143079,576.7837858203884,211.6543937,0.201125759,211.6543937,51.91306894,14.13668785,-74.52887977,6.5,3.0
2025-02-19 10:45:00,375.82789956545435,49.95850104,16.50244901,81.41445074,557.6561039762671,189.0057909,0.195921043,189.0057909,46.43906171,12.3071612,-66.02923957,6.5,3.0
2025-02-19 11:00:00,285.92382486843076,43.24571843,26.46835547,68.28063355,604.0296030370844,219.017335,0.191078318,219.017335,36.51361742,22.42277673,-77.36086954,6.5,3.0
2025-02-19 11:15:00,283.03326098261283,46.062508,22.92143271,86.28671059,630.6361126847116,176.5299419,0.168006761,176.5299419,42.2039098,18.86901903,-63.91091459,6.5,3.0
2025-02-19 11:30:00,294.3429564010306,49.0462621,25.19608316,73.66810311,608.9566118921375,208.7129863,0.165799638,208.7129863,45.78759795,14.15248462,-72.63286109,6.5,3.0
2025-02-19 11:45:00,309.5199577479258,49.59204502,17.60567042,75.15806531,627.9976723860664,205.9126518,0.152649722,205.9126518,49.10041266,10.9527995,-70.47100479,6.5,3.0
2025-02-19 12:00:00,264.9605392019105,45.67852964,14.80134344,66.93923977,528.2291792921998,209.4026123,0.143731601,209.4026123,40.44135357,13.27212912,-71.92474432,6.5,3.0
2025-02-19 12:15:00,258.5308686699417,42.71783105,25.75908545,68.91309669,502.75576445490253,201.9703781,0.149761103,201.9703781,34.45690903,20.52355821,-71.17366663,6.5,3.0
2025-02-19 12:30:00,256.51457240597756,50.04752013,22.97855833,55.82716875,510.780861429548,238.4646547,0.153643811,238.4646547,48.2585428,15.20141637,-81.9637337,6.5,3.0
2025-02-19 12:45:00,293.64401972217036,44.82263142,28.58633721,65.24389155,521.9741948233495,220.732044,0.147419951,220.732044,43.48814694,26.49041683,-80.14081311,6.5,3.0
2025-02-19 13:00:00,255.01469242560202,50.94977399,14.90201565,64.84107414,479.7628556083315,226.5795719,0.146002917,226.5795719,48.38300247,12.84050781,-77.61372014,6.5,3.0
2025-02-19 13:15:00,271.2762933799772,51.62575854,22.56272296,63.42233786,484.7391330801767,225.0967014,0.131726351,225.0967014,44.67148718,22.14868868,-80.18543287,6.5,3.0
2025-02-19 13:30:00,259.4184510259927,45.11436175,28.62059884,68.15668622,475.0608704523978,223.303706,0.134627289,223.303706,38.13818651,28.33939605,-81.29928343,6.5,3.0
2025-02-19 13:45:00,252.900563168428,47.54183728,15.60119537,54.78507741,418.30714085909403,226.0648044,0.113360666,226.0648044,42.43312836,9.321328598,-75.54643554,6.5,3.0
2025-02-19 14:00:00,277.89894815457905,53.53478138,26.65603866,78.7410911,462.087595463904,214.641796,0.118281645,214.641796,48.53217185,20.25449136,-76.58236559,6.5,3.0
2025-02-19 14:15:00,288.7901837887158,56.23267526,19.73864489,82.15696406,498.27113713165755,205.470981,0.124420917,205.470981,47.15460046,14.19269035,-71.72181313,6.5,3.0
2025-02-19 14:30:00,279.4799044395269,50.0599665,23.69653963,61.16069319,492.30680560290125,232.6030909,0.140382009,232.6030909,46.12460983,19.84464975,-81.32040344,6.5,3.0
2025-02-19 14:45:00,254.8609636171783,49.59669722,16.05334021,77.16807643,487.2744618015372,218.7580513,0.163630527,218.7580513,40.0011253,8.491037993,-72.67746823,6.5,3.0
2025-02-19 15:00:00,256.12142462902324,43.41262539,19.5140936,59.53962905,478.54659313575985,238.1590108,0.14901424,238.1590108,40.10633714,14.72150947,-80.63647123,6.5,3.0
2025-02-19 15:15:00,277.92175972372195,53.47496225,28.95636929,93.49824097,457.19102104158105,205.1136755,0.138848547,205.1136755,47.32978582,21.94584044,-74.207535,6.5,3.0
2025-02-19 15:30:00,270.497873499184,46.99579446,20.55002621,83.50776648,492.0369735349122,206.4277177,0.137795105,206.4277177,37.62738241,18.95497702,-72.76275239,6.5,3.0
2025-02-19 15:45:00,263.118942148071,44.01510373,15.29662618,60.31375594,492.0054122877468,225.6167288,0.138658164,225.6167288,37.63799603,12.22869393,-76.2502748,6.5,3.0
2025-02-19 16:00:00,417.7251163748722,42.8712028,16.61465538,82.09430059,355.0940868709496,207.3821394,0.148536486,207.3821394,39.32128125,12.4825402,-70.40823714,6.5,3.0
2025-02-19 16:15:00,417.3733565925766,51.47349666,26.04512775,71.81789276,351.4629685288472,218.4595704,0.154899657,218.4595704,47.29612909,19.83281528,-76.9090769,6.5,3.0
2025-02-19 16:30:00,391.3046609409207,43.46820502,21.13545575,74.20920642,335.0961791236095,211.1616281,0.167951436,211.1616281,36.96296745,15.27387289,-73.3065077,6.5,3.0
2025-02-19 16:45:00,382.59686609163055,43.73735032,24.74174066,67.53681655,328.6267654765936,206.105294,0.179121302,206.105294,37.57595182,14.7005132,-71.6459282,6.5,3.0
2025-02-19 17:00:00,460.1471630278412,57.41174322,27.4336152,63.70336271,195.10569078242588,228.3463688,0.194817397,228.3463688,49.56231224,23.70619106,-82.64002463,9.0,3.0
2025-02-19 17:15:00,487.385702554858,49.01685294,25.29725922,76.14708033,211.5669089070152,217.4413918,0.202695725,217.4413918,41.81095523,16.06664343,-75.63655016,9.0,3.0
2025-02-19 17:30:00,468.0227975625341,44.37699546,27.73819049,66.37384849,200.81537986885516,217.1310876,0.193507224,217.1310876,43.45258087,18.10795468,-76.52599788,9.0,3.0
2025-02-19 17:45:00,506.1743368547666,52.68288149,26.87505343,67.91667661,199.57202044170367,224.0965298,0.197798743,224.0965298,45.2768195,23.37081192,-81.16132452,9.0,3.0
2025-02-19 18:00:00,468.02292865506587,44.67862309,15.50196076,66.23730868,0.0,218.5807337,0.206748404,218.5807337,43.37541912,11.14305252,-74.22969787,9.0,3.0
2025-02-19 18:15:00,465.16914147376406,43.2434446,24.63882126,80.77277988,0.0,196.5501078,0.215931997,196.5501078,34.84043543,18.14773787,-69.38706299,9.0,3.0
2025-02-19 18:30:00,468.628610567942,48.63644818,26.26357236,64.25409069,0.0,214.7904375,0.22200062,214.7904375,46.25434945,16.6098648,-74.92015586,9.0,3.0
2025-02-19 18:45:00,408.36931930322817,45.25767612,20.46330164,70.60073073,0.0,210.8916716,0.229718834,210.8916716,42.35954456,20.18473205,-75.87935219,9.0,3.0
2025-02-19 19:00:00,460.06966395477366,50.68607736,21.25340782,52.45886031,0.0,239.2028233,0.230578134,239.2028233,45.80095502,18.02327784,-83.03462385,9.0,3.0
2025-02-19 19:15:00,462.1259914119831,55.40316254,15.15919288,73.29660724,0.0,204.6464082,0.23218026,204.6464082,49.9156607,14.33070775,-71.74593754,9.0,3.0
2025-02-19 19:30:00,471.2066978437938,54.21404397,19.20880474,87.27666106,0.0,197.1517375,0.21638816,197.1517375,51.49037624,12.26559283,-69.45260581,9.0,3.0
2025-02-19 19:45:00,511.0276467894496,51.10187633,17.72055132,71.35693029,0.0,209.8774468,0.233833457,209.8774468,43.39190702,13.78429124,-72.77417017,9.0,3.0
2025-02-19 20:00:00,472.17708835668253,47.29231397,20.11719643,64.07738078,0.0,217.9709734,0.237516885,217.9709734,41.10693662,10.39182201,-73.16632643,9.0,3.0
2025-02-19 20:15:00,479.5801362733127,51.78183005,21.02387509,75.19018081,0.0,206.98259,0.237270657,206.98259,51.44999138,18.30477176,-74.12810315,9.0,3.0
2025-02-19 20:30:00,497.4771364469222,54.40184503,19.33894111,69.09197839,0.0,219.7715528,0.229953778,219.7715528,46.32512158,19.20177185,-78.18560886,9.0,3.0
2025-02-19 20:45:00,461.2156389230827,45.94437927,21.60450027,76.06853064,0.0,218.6941681,0.222111904,218.6941681,39.19136809,17.69487967,-76.29913088,9.0,3.0
2025-02-19 21:00:00,265.5442001115107,56.37575998,19.73930767,72.26758356,0.0,211.3238284,0.205410407,211.3238284,52.28829803,11.32345722,-73.04713012,9.0,3.0
2025-02-19 21:15:00,257.6828221781675,43.83994084,15.76309227,79.33856641,0.0,203.0279264,0.201992884,203.0279264,43.79964118,10.9790914,-69.39514578,9.0,3.0
2025-02-19 21:30:00,252.8014936691371,45.90036044,23.38294587,79.77193294,0.0,210.8662129,0.203090308,210.8662129,41.43189068,13.69120144,-72.60807713,9.0,3.0
2025-02-19 21:45:00,287.49148404118466,59.02640622,24.85375606,74.85765829,0.0,226.7042496,0.206498689,226.7042496,51.55895798,19.84312258,-80.68555472,9.0,3.0
2025-02-19 22:00:00,325.1557289787641,46.87826983,27.7976991,77.60950566,0.0,204.4101494,0.22548576,204.4101494,40.19559215,20.76770207,-73.74908499,6.5,3.0
2025-02-19 22:15:00,312.61024964964076,52.98872816,22.16463321,78.47121235,0.0,199.012327,0.226083916,199.012327,51.58248458,16.89445662,-70.37441832,6.5,3.0
2025-02-19 22:30:00,322.7182177815462,54.0333376,25.09365618,78.35073395,0.0,216.7230251,0.226863336,216.7230251,45.20830479,18.30771212,-76.74719929,6.5,3.0
2025-02-19 22:45:00,285.35580359004894,54.18559738,28.78647666,80.51802666,0.0,203.4106551,0.224334025,203.4106551,52.48019361,21.38349703,-75.07748762,6.5,3.0
2025-02-19 23:00:00,287.4173775091111,53.2116667,15.26740651,73.37389917,0.0,217.6365458,0.237921934,217.6365458,43.37786542,14.00555051,-75.1965456,6.5,3.0
2025-02-19 23:15:00,284.4316306275908,57.0391401,24.72783316,88.30378551,0.0,197.01349,0.261875456,197.01349,49.52705845,24.33362121,-74.12126962,6.5,3.0
2025-02-19 23:30:00,273.97137075892834,53.80808221,20.50249121,56.49621854,0.0,235.0472409,0.256581527,235.0472409,51.87896735,15.16499353,-81.72357453,6.5,3.0
2025-02-19 23:45:00,303.75962110436967,43.81097195,20.42719809,70.68541445,0.0,214.1093515,0.239382434,214.1093515,35.66684149,13.93462737,-73.44848803,6.5,3.0
2025-02-20 00:00:00,241.93434885230985,54.43842616,23.48900523,63.20834331,0.0,245.7565854,0.235619678,245.7565854,47.11663344,16.90910975,-84.90914281,6.5,3.0
2025-02-20 00:15:00,242.14065278683532,44.77119036,14.76239221,85.00725263,0.0,206.2834622,0.237443973,206.2834622,42.9684859,9.417244982,-69.53429162,6.5,3.0
2025-02-20 00:30:00,253.91188819050925,51.71636344,20.99375268,75.49928457,0.0,212.9290658,0.25701781,212.9290658,50.68697493,11.96999558,-73.65554053,6.5,3.0
2025-02-20 00:45:00,272.1731101703456,44.15637606,20.39027169,72.93119541,0.0,207.2558796,0.25599661,207.2558796,42.00186606,11.68197688,-71.2447693,6.5,3.0
2025-02-20 01:00:00,288.59932135272095,44.03432287,15.93438549,62.0285415,0.0,223.1161085,0.265959368,223.1161085,41.64741273,13.80523463,-75.50517951,6.5,3.0
2025-02-20 01:15:00,291.20976573975935,56.16967759,17.15123389,66.36514951,0.0,238.7321512,0.270638662,238.7321512,49.1441364,16.50132496,-82.49948918,6.5,3.0
2025-02-20 01:30:00,310.94710774710956,50.2297207,24.10616824,41.70775024,0.0,233.4581803,0.279307558,233.4581803,49.97068254,17.41556806,-81.0915797,6.5,3.0
2025-02-20 01:45:00,314.14380516041024,46.85707595,15.06254588,74.6652161,0.0,222.9104213,0.294085674,222.9104213,44.91411904,12.65064338,-76.2314438,6.5,3.0
2025-02-20 02:00:00,321.743328366618,45.53353201,24.08928199,86.10723301,0.0,206.0746982,0.293584106,206.0746982,41.46231973,22.19506394,-74.65835301,6.5,3.0
2025-02-20 02:15:00,316.13784487509724,47.93595782,24.971706,56.28032264,0.0,232.0509976,0.289416168,232.0509976,43.3761874,19.25927652,-81.70711722,6.5,3.0
2025-02-20 02:30:00,330.16257259892404,44.91601934,21.02380585,63.73918643,0.0,218.6213149,0.282208209,218.6213149,36.96232363,14.29864632,-74.82225938,6.5,3.0
2025-02-20 02:45:00,317.1062541593608,54.43520045,26.32428284,77.46218218,0.0,213.8563836,0.292551059,213.8563836,52.29976234,24.63128043,-78.45094069,6.5,3.0
2025-02-20 03:00:00,318.8210521825718,47.66799042,26.89097639,71.95637583,0.0,210.8090057,0.312386257,210.8090057,44.42046836,26.15987728,-78.30589476,6.5,3.0
2025-02-20 03:15:00,322.5451199569169,45.95192994,20.34484884,82.5690448,0.0,204.6487118,0.323254958,204.6487118,43.00425797,13.13860667,-70.75440918,6.5,3.0
2025-02-20 03:30:00,310.17350912325946,55.41502386,26.71257789,72.95384214,0.0,231.2736766,0.310689224,231.2736766,45.03201725,17.65501926,-80.1589765,6.5,3.0
2025-02-20 03:45:00,297.2103187372518,45.78776205,23.13622222,62.31195973,0.0,225.5196228,0.314626998,225.5196228,37.4306509,15.51815125,-77.3673443,6.5,3.0
2025-02-20 04:00:00,264.041238867762,45.45433131,22.04307089,62.31608213,0.0,232.2351949,0.302270395,232.2351949,44.57622125,21.95315733,-82.26624558,6.5,3.0
2025-02-20 04:15:00,261.57971027734504,53.92893282,21.59991209,68.3764848,0.0,227.7583055,0.291233176,227.7583055,48.17627133,15.40692064,-79.09741177,6.5,3.0
2025-02-20 04:30:00,282.0488956954978,49.74136837,15.46518553,68.3239182,0.0,232.8217893,0.293988373,232.8217893,43.81035565,13.85144376,-80.14568747,6.5,3.0
2025-02-20 04:45:00,275.4901551593953,52.81744863,24.12005059,69.88438343,0.0,219.6858879,0.287492195,219.6858879,51.79405171,20.11442595,-79.27584988,6.5,3.0
2025-02-20 05:00:00,255.19959658348643,53.0255199,30.04493913,66.6832723,0.0,227.4463489,0.299704692,227.4463489,49.62230089,24.57131868,-82.80363985,6.5,3.0
2025-02-20 05:15:00,264.6862693509878,47.46203019,16.79745659,65.94325559,0.0,233.9334003,0.28973992,233.9334003,40.88146726,10.14389488,-77.91273517,6.5,3.0
2025-02-20 05:30:00,266.64524067499536,48.78638203,25.03882578,71.93779718,0.0,219.1277725,0.282088212,219.1277725,44.67838309,23.17897734,-79.18957054,6.5,3.0
2025-02-20 05:45:00,229.4688933905304,51.94451034,17.6386483,69.63515176,0.0,219.9286359,0.266117115,219.9286359,43.30321678,14.92479834,-75.57369664,6.5,3.0
2025-02-20 06:00:00,476.49966182592374,48.16592777,15.24878394,80.39859445,0.0,210.980413,0.276545163,210.980413,44.06008609,15.11880038,-73.43742369,6.5,3.0
2025-02-20 06:15:00,469.76001155694,58.3267063,22.50316219,84.70831507,0.0,212.8701073,0.288043554,212.8701073,48.00019332,15.61376715,-74.29359665,6.5,3.0
2025-02-20 06:30:00,472.87901627899873,45.5016759,14.44685232,78.15060906,0.0,209.8890756,0.295375745,209.8890756,45.33428774,9.763483058,-71.37690201,6.5,3.0
2025-02-20 06:45:00,551.0413103381377,55.11791382,23.52024142,65.03553234,0.0,225.1207648,0.313217732,225.1207648,52.73581188,14.90176731,-77.80852181,6.5,3.0
2025-02-20 07:00:00,435.99947835024494,48.08681219,16.19057631,90.99039612,197.37534465444645,207.7939346,0.30670765,207.7939346,38.78534195,14.99914804,-72.26504063,6.5,3.0
2025-02-20 07:15:00,476.09363766736897,57.18717295,17.99090761,69.33209887,210.50362025776397,225.5855887,0.298885185,225.5855887,53.79393302,12.1099602,-77.70077381,6.5,3.0
2025-02-20 07:30:00,451.5491791442433,47.33619636,26.50744891,64.73028146,194.8194544324216,216.187974,0.300324769,216.187974,44.49618006,18.20542182,-75.8935207,6.5,3.0
2025-02-20 07:45:00,457.5177048381429,49.68041097,23.50945267,75.77464145,207.59158065536792,227.5584753,0.317335373,227.5584753,43.25875028,15.60916567,-78.65473925,6.5,3.0
2025-02-20 08:00:00,373.44647762357886,54.58355092,27.51320202,80.04522746,260.88206095077703,226.4813213,0.313698342,226.4813213,45.83088257,16.76935187,-78.74189086,6.5,3.0
2025-02-20 08:15:00,377.86928162264667,55.9516281,25.24804097,83.70208591,252.87226414290174,212.3351076,0.321418453,212.3351076,47.70952914,12.79517556,-73.35714314,6.5,3.0
2025-02-20 08:30:00,397.7970062273943,57.18451939,14.88986433,89.13220322,255.94732340377172,206.4691914,0.323674712,206.4691914,52.62410759,12.59723933,-71.81447702,6.5,3.0
2025-02-20 08:45:00,410.6072345263801,50.54296493,15.72438227,63.56893981,257.5783515025495,228.0947751,0.331935852,228.0947751,42.65704462,10.56483853,-76.86011536,6.5,3.0
2025-02-20 09:00:00,428.9551478650314,53.93108766,20.5971961,78.95337079,344.19499467646943,210.654452,0.33723307,210.654452,51.50461275,19.36462663,-76.22253315,6.5,3.0
2025-02-20 09:15:00,408.10891736213983,55.10814252,22.52094304,87.1550322,355.4509137366248,215.0055047,0.321125327,215.0055047,48.31987143,15.20254175,-75.83335389,6.5,3.0
2025-02-20 09:30:00,394.3193748947679,46.76091763,28.63294627,67.58147283,349.6022777800614,240.9616763,0.326049257,240.9616763,46.24132672,16.10762915,-83.37652186,6.5,3.0
2025-02-20 09:45:00,403.2765598780609,50.21032587,15.08515975,80.08012893,330.7918138068444,220.6405982,0.327865212,220.6405982,42.00828425,9.861144626,-74.40122857,6.5,3.0
2025-02-20 10:00:00,383.5942568793454,55.9325682,28.37915612,62.91065763,533.2515510795666,223.0185522,0.331377302,223.0185522,52.35785744,19.16158214,-79.07805645,6.5,3.0
2025-02-20 10:15:00,378.02145902167206,51.86637046,17.7258188,82.1476036,533.4792013519873,212.5073862,0.330047939,212.5073862,44.90179414,14.1782663,-73.73318421,6.5,3.0
2025-02-20 10:30:00,380.3850031848567,59.54977412,24.76565163,70.85933038,564.6996730586121,227.6913929,0.337627031,227.6913929,50.47337207,22.42173677,-81.56951527,6.5,3.0
2025-02-20 10:45:00,377.4492809141259,58.81795383,26.97935417,62.97598654,588.9495745098343,226.7038903,0.351572597,226.7038903,53.34086966,22.630202,-82.67000157,6.5,3.0
2025-02-20 11:00:00,276.80634100024787,50.84882793,15.3606318,65.8362934,555.6925968516591,226.1826337,0.347418297,226.1826337,41.29794982,14.44942407,-77.71557475,6.5,3.0
2025-02-20 11:15:00,270.9019878067461,52.97883516,21.4454399,89.53216817,553.7666757110716,205.7130796,0.347042079,205.7130796,48.43505625,16.50298685,-72.706888,6.5,3.0
2025-02-20 11:30:00,285.4841743599692,52.641524,18.1295639,62.0833707,562.6150063829122,242.3365607,0.358833787,242.3365607,46.77840048,12.58275559,-82.38945307,6.5,3.0
2025-02-20 11:45:00,279.467496833037,52.83304598,15.13388008,88.17406644,504.6757210543569,196.1928432,0.355515395,196.1928432,44.8504499,14.73790739,-69.28368806,6.5,3.0
2025-02-20 12:00:00,307.59813073063236,57.62938917,16.6088894,75.88177103,643.6944247463296,237.5721553,0.37112175,237.5721553,47.596047,10.29460803,-80.06129194,6.5,3.0
2025-02-20 12:15:00,306.90093670921135,44.93382537,27.84876943,67.17483303,644.4241532047935,227.1663947,0.388582768,227.1663947,41.38384527,20.81090408,-79.94429191,6.5,3.0
2025-02-20 12:30:00,284.38536474850514,54.35416054,17.56889798,101.0331568,629.864483599643,201.0745236,0.394269791,201.0745236,51.79807883,9.795283989,-69.26784541,6.5,3.0
2025-02-20 12:45:00,283.55556781165126,52.2254208,20.83667201,80.66387281,573.7069384492343,204.9512073,0.392127095,204.9512073,46.84461909,20.65875689,-74.4448028,6.5,3.0
2025-02-20 13:00:00,296.77303527763667,48.05784985,15.31896975,78.05877539,540.5793470921147,217.6019311,0.387534945,217.6019311,46.54437491,10.2739771,-73.86830146,6.5,3.0
2025-02-20 13:15:00,282.5280576253135,58.54225354,22.39535437,98.08986018,541.2502367439151,200.9144075,0.38819628,200.9144075,54.73573398,15.04717598,-71.54303188,6.5,3.0
2025-02-20 13:30:00,284.8998877647183,46.82785776,20.94369208,67.0951056,521.4443090753715,233.4523987,0.40246533,233.4523987,41.67918142,10.80088913,-78.48117562,6.5,3.0
2025-02-20 13:45:00,316.29901933233157,45.76166237,20.29750627,77.81446568,542.5561070885983,213.4712552,0.407930174,213.4712552,45.66033027,18.67115233,-75.42441149,6.5,3.0
2025-02-20 14:00:00,269.4443056150376,55.70260016,28.923438,60.53537796,471.862302295814,235.8322766,0.420139506,235.8322766,47.10537473,18.03074981,-82.83304061,6.5,3.0
2025-02-20 14:15:00,294.25917478592856,49.13950537,20.50940184,81.36984787,490.24764776716086,211.027226,0.42127155,211.027226,42.77431425,13.55193221,-73.29302289,6.5,3.0
2025-02-20 14:30:00,291.46788541959813,55.68686949,23.86764283,89.53677001,454.23986823040406,199.9979396,0.426102946,199.9979396,50.81244323,21.45219563,-73.50020862,6.5,3.0
2025-02-20 14:45:00,268.85863417943574,56.15100717,25.00150022,88.39102391,464.70018170662115,209.6531831,0.437258441,209.6531831,49.51116904,16.6848326,-74.16447645,6.5,3.0
2025-02-20 15:00:00,255.57791454303856,53.69706514,26.57131659,68.87232755,417.925538636299,230.5455444,0.435287937,230.5455444,51.58161865,17.77629763,-81.38675459,6.5,3.0
2025-02-20 15:15:00,247.30072156569264,53.18380013,17.60018218,62.73427361,432.4980984358925,233.9294069,0.436147772,233.9294069,49.2438536,9.980123005,-78.57475474,6.5,3.0
2025-02-20 15:30:00,263.2046989825562,54.04500182,27.29656404,98.20649093,435.24198950704687,194.0067022,0.432754862,194.0067022,43.52212093,27.20094924,-73.86823575,6.5,3.0
2025-02-20 15:45:00,237.21666490871257,54.51340002,16.84513726,81.24315227,385.4943734207618,228.7814032,0.433783772,228.7814032,53.35774825,16.71477561,-80.53063501,6.5,3.0
2025-02-20 16:00:00,414.8705306280055,49.23074487,23.35953682,69.71160264,350.6317801515393,224.4429121,0.425281316,224.4429121,39.46594892,15.46362527,-77.43604634,6.5,3.0
2025-02-20 16:15:00,386.05068622855816,52.15528105,26.19088548,77.43773894,335.78726288506573,225.9828975,0.440004739,225.9828975,43.92623183,20.60061827,-80.68724907,6.5,3.0
2025-02-20 16:30:00,414.7806502246653,57.45332276,28.13962953,66.84932509,345.03188225013884,230.1217166,0.425141587,230.1217166,54.78230858,22.05275691,-82.96596425,6.5,3.0
2025-02-20 16:45:00,396.8881329187709,44.59476952,16.91062748,70.18729159,306.00907471325627,232.4391313,0.438045557,232.4391313,36.40336731,14.77227981,-79.11705931,6.5,3.0
2025-02-20 17:00:00,459.2283543956123,45.73097653,23.11278841,84.32862101,194.70529632925104,209.1812369,0.440588146,209.1812369,40.6163985,23.04802298,-76.12212141,9.0,3.0
2025-02-20 17:15:00,454.08249825865204,45.67224571,23.20038886,80.74312201,211.8780991680448,214.2235421,0.430783059,214.2235421,43.3936264,14.32711091,-74.40887837,9.0,3.0
2025-02-20 17:30:00,458.8084461009268,44.19244093,18.85032286,86.91967811,198.10141669561844,206.4850201,0.439696815,206.4850201,35.79637607,15.51977144,-71.32189638,9.0,3.0
2025-02-20 17:45:00,529.8307012448088,58.77619659,27.93612707,66.38829477,208.7651878070858,236.6846118,0.433193851,236.6846118,54.65182178,25.06168836,-86.54004712,9.0,3.0
2025-02-20 18:00:00,476.31778181166385,53.04582962,21.43692252,86.77255124,0.0,202.8679487,0.433962042,202.8679487,51.54371307,14.50942358,-71.98060385,9.0,3.0
2025-02-20 18:15:00,450.85475129226484,46.3821894,15.32591657,90.10664836,0.0,222.2603226,0.425591965,222.2603226,43.79752309,14.44817683,-76.85025672,9.0,3.0
2025-02-20 18:30:00,448.28115306581776,44.51909044,18.55561601,85.10113592,0.0,204.8184189,0.42134029,204.8184189,41.3492465,14.52968282,-71.41887967,9.0,3.0
2025-02-20 18:45:00,492.4863138302535,52.9283388,28.61971974,78.49683593,0.0,234.5719785,0.405041766,234.5719785,44.61883891,26.95766092,-85.81553431,9.0,3.0
2025-02-20 19:00:00,481.8608574364589,89.4089141067675,3.4762060924810267,46.624972869906955,0.0,41.922397820513346,31.870031982831303,1.0,0.0,1.0,18.32199154013664,9.0,3.0
2025-02-20 19:15:00,447.0780227740966,76.27899560472055,97.39245818902845,44.67410515525218,0.0,93.37138227174047,15.903367632225486,0.0,0.0,1.0,92.47185744165247,9.0,3.0
2025-02-20 19:30:00,475.07800688172676,85.68638718993454,38.57210552817525,38.80015165474633,0.0,73.69624677738119,96.82760493804342,1.0,1.0,1.0,29.056545950660706,9.0,3.0
2025-02-20 19:45:00,471.04311290771784,50.093035387647774,5.86511945032907,60.19571857004228,0.0,86.5765058998436,7.1348891557406535,1.0,1.0,0.0,70.08042365005937,9.0,3.0
2025-02-20 20:00:00,480.90168585115106,75.40962144495141,36.72951485922687,11.362358623546054,0.0,92.58554257849053,28.076620431492938,0.0,1.0,1.0,90.01417029544722,9.0,3.0
2025-02-20 20:15:00,485.91417135282774,10.909787211049071,94.90225103220634,57.64312293390144,0.0,18.426319752010777,76.10933202999318,1.0,0.0,0.0,86.03364592266492,9.0,3.0
2025-02-20 20:30:00,497.09215830166335,51.693775493484374,73.25592396382547,50.03077359240654,0.0,85.10912465622488,5.267398992896533,0.0,1.0,1.0,44.06754257429394,9.0,3.0
2025-02-20 20:45:00,530.0819844943578,65.48477732633641,0.8000995825035884,37.19547519417428,0.0,53.41691971872822,72.30069009119455,0.0,0.0,1.0,36.31638370568001,9.0,3.0
2025-02-20 21:00:00,260.4410169612322,68.19972386510933,50.09820872051656,39.1398979403648,0.0,30.832029835175923,7.869197628230317,0.0,0.0,0.0,26.74757241176232,9.0,3.0
2025-02-20 21:15:00,259.69730863825345,35.51857352061373,63.15864802417098,10.073061187387545,0.0,78.69515365192437,35.162301490360925,1.0,0.0,0.0,17.425689688449364,9.0,3.0
2025-02-20 21:30:00,273.5844402165428,68.68090907525756,29.45042924638146,2.3032217276375944,0.0,69.67467558140453,5.596717182884536,0.0,1.0,0.0,56.51363306455522,9.0,3.0
2025-02-20 21:45:00,258.1572341839717,53.763423373023045,72.87237403425301,92.64499300928684,0.0,90.62511851269068,20.555169036897492,0.0,1.0,1.0,25.428228606036885,9.0,3.0
2025-02-20 22:00:00,262.6520806794717,86.88552389971026,86.6370733313629,67.57107393370565,0.0,61.73557668625273,72.38781335422414,0.0,0.0,0.0,49.827169604392374,6.5,3.0
2025-02-20 22:15:00,277.3678332803689,61.90545673592989,79.18611573061148,42.689273109612714,0.0,87.10478964847931,35.897387557267145,0.0,0.0,0.0,31.855573145025307,6.5,3.0
2025-02-20 22:30:00,285.5199321811239,15.230390583436415,28.593895225387534,43.66509866137882,0.0,96.46561447110406,76.83845244356023,0.0,0.0,0.0,34.72519584083673,6.5,3.0
2025-02-20 22:45:00,270.36015385903556,80.59689761320955,31.81897333138878,61.63506146535447,0.0,22.839197944595124,62.41701692068907,0.0,0.0,1.0,68.43521740698908,6.5,3.0
2025-02-20 23:00:00,277.9249186625799,0.10373814664160763,24.349229393534333,54.89633758769145,0.0,48.20297059384872,42.101701840377125,0.0,1.0,1.0,41.20361500193474,6.5,3.0
2025-02-20 23:15:00,269.66889147032333,46.546045322249064,94.45137838201289,65.56066693964604,0.0,23.205707094383932,72.38830114811758,1.0,0.0,0.0,78.17684638862106,6.5,3.0
2025-02-20 23:30:00,258.7811874548183,26.72538878975843,17.925121423861945,11.720224608603791,0.0,98.3896750888841,79.29864369071267,1.0,0.0,1.0,62.869799562782525,6.5,3.0
2025-02-20 23:45:00,281.81500241227855,44.67034462815155,50.10908867500364,11.471219065773596,0.0,29.25889383643637,81.20126744989985,1.0,0.0,1.0,42.82806782892935,6.5,3.0
2025-02-21 00:00:00,283.9424261750852,99.72869167920727,71.37034095733728,63.02508614028087,0.0,48.350498937415374,83.65531763888941,0.0,0.0,1.0,54.395314273899984,6.5,3.0
2025-02-21 00:15:00,279.7437376298756,62.02578748193282,2.6255547436430438,40.83043737877045,0.0,90.10490032667698,76.09627416446456,0.0,1.0,0.0,66.44402984941883,6.5,3.0
2025-02-21 00:30:00,303.00181479037826,65.92136718562998,31.91244580653375,63.40113164709099,0.0,94.3546184335769,15.470860645067773,0.0,0.0,1.0,17.30914180370694,6.5,3.0
2025-02-21 00:45:00,296.3020214046609,9.623218282046608,64.06439853795032,15.559554245494633,0.0,92.16329175354514,4.084989699176211,1.0,0.0,0.0,19.879838990580435,6.5,3.0
2025-02-21 01:00:00,279.43013171932427,22.41713632230803,12.433984498551343,51.03285155634454,0.0,48.502405868353705,64.6932085874211,1.0,0.0,1.0,67.44769670131578,6.5,3.0
2025-02-21 01:15:00,295.20740737749315,10.386296971540121,11.766117660060116,3.266337170896827,0.0,30.261002982895025,85.67040461849034,0.0,0.0,0.0,0.358926132742976,6.5,3.0
2025-02-21 01:30:00,287.2441560404227,35.26719810014437,64.69012535203011,11.761122339144093,0.0,78.84264754869358,98.6305939069728,0.0,1.0,1.0,40.5669567006804,6.5,3.0
2025-02-21 01:45:00,287.8983048627599,65.48754734718327,87.64353830800042,21.28383223060676,0.0,6.943329439256029,76.83422851758519,0.0,0.0,0.0,43.865049472232975,6.5,3.0
2025-02-21 02:00:00,293.5341653422819,81.54673864957557,92.22038771545195,88.48410079041405,0.0,51.94820724944172,90.87476273661433,0.0,1.0,0.0,92.86484289951045,6.5,3.0
2025-02-21 02:15:00,309.02965784132675,76.48997592801727,54.31933485530425,22.15942906316687,0.0,49.15782565991249,71.45006895174015,1.0,0.0,0.0,32.72060094978389,6.5,3.0
2025-02-21 02:30:00,287.8147446504783,95.38510779691384,84.66446666693828,2.8192952238772273,0.0,8.459170572070384,49.67713120771411,0.0,0.0,0.0,8.592426308521272,6.5,3.0
2025-02-21 02:45:00,302.741432165913,48.87126060019785,30.68850540371747,8.47393440827532,0.0,1.3088419936863382,88.14978005934677,0.0,0.0,0.0,21.937741744982898,6.5,3.0
2025-02-21 03:00:00,334.3989858066667,33.192599017216814,87.12681744260186,96.05063144986666,0.0,15.599925787785274,72.33887465378488,1.0,1.0,0.0,43.77297302002777,6.5,3.0
2025-02-21 03:15:00,329.7955008301665,9.914254542931445,6.455643630403607,7.478011018062469,0.0,26.47438521253055,56.0515253455311,0.0,1.0,1.0,60.994357851218425,6.5,3.0
2025-02-21 03:30:00,312.5629770490689,61.173346638420746,4.770526867280466,51.257352886784055,0.0,64.30065875198906,4.96032199066867,1.0,0.0,1.0,90.06120170247158,6.5,3.0
2025-02-21 03:45:00,308.24253631409795,92.94912007353359,84.94224284530611,49.023552444405205,0.0,6.601231991127177,73.83416981067478,1.0,0.0,0.0,42.88749581174538,6.5,3.0
2025-02-21 04:00:00,265.14476504147194,14.17421189681245,15.942877072327267,38.054756239323396,0.0,22.45617975349997,95.75594304557208,0.0,1.0,1.0,7.015807792815165,6.5,3.0
2025-02-21 04:15:00,278.7945725189253,66.4498240415721,45.84931876745253,48.73053251931032,0.0,75.91860144912057,49.33741648772465,1.0,0.0,0.0,93.45050229462548,6.5,3.0
2025-02-21 04:30:00,281.52058174023546,38.69932677586794,24.04051155476545,96.65507424351681,0.0,6.590809968364386,65.4069749682738,1.0,0.0,0.0,50.1585192345312,6.5,3.0
2025-02-21 04:45:00,260.11008069936724,40.4408938116417,75.17301233410578,29.27361632280723,0.0,98.32721809563017,5.296581004784895,0.0,0.0,0.0,21.062826480313902,6.5,3.0
2025-02-21 05:00:00,304.06605518820834,64.13152108169295,82.16552579460313,79.16728379593619,0.0,32.122267763812694,3.1339366704607907,0.0,0.0,0.0,74.94057927444219,6.5,3.0
2025-02-21 05:15:00,307.835874202636,77.57698631959259,85.99805842832787,17.526869513309517,0.0,63.32955842575147,89.25386036610242,0.0,0.0,1.0,96.57621699663024,6.5,3.0
2025-02-21 05:30:00,301.99952936322035,9.99938019780534,59.58825810818193,23.496007611789118,0.0,60.911821706590686,78.36775925935409,0.0,0.0,1.0,56.397974663417116,6.5,3.0
2025-02-21 05:45:00,293.9285412459353,91.70390323369058,79.88524893669157,76.41885457497106,0.0,93.3123328374052,25.881692258974077,0.0,0.0,0.0,1.6383745443385722,6.5,3.0
2025-02-21 06:00:00,371.8456397044663,72.41979388735305,60.949181387760596,68.73307666729376,0.0,38.340690790330775,63.034532244204975,1.0,1.0,0.0,96.75629654205832,6.5,3.0
2025-02-21 06:15:00,390.3177155138406,71.39719155929232,66.25108304453784,34.29892955022326,0.0,37.87732119872791,79.46752695296394,0.0,0.0,1.0,58.8199279106343,6.5,3.0
2025-02-21 06:30:00,395.7405074096984,42.325078894824976,85.91067524551306,64.65336759603993,0.0,16.919206988539404,82.32281414201331,0.0,0.0,0.0,64.7507789153229,6.5,3.0
2025-02-21 06:45:00,354.6161373719947,29.669752859418075,60.87672464240327,40.37520388137344,0.0,56.59306365222918,71.14728246843296,0.0,1.0,0.0,10.688156070358822,6.5,3.0
2025-02-21 07:00:00,362.5785115507831,39.49527543915855,59.16160542735266,8.457971600096215,215.800521921401,76.4029734370054,88.1927162494929,0.0,1.0,1.0,76.25550975244398,6.5,3.0
2025-02-21 07:15:00,379.3125880829823,16.63501578100136,36.57891015095568,33.2994221406752,207.12335660830954,47.540780549998175,51.69647098025511,0.0,0.0,0.0,46.1696891134919,6.5,3.0
2025-02-21 07:30:00,376.30304685575663,77.6861248609682,23.362908612376987,63.586858399688225,223.56839922514257,18.899398027288317,55.92111883173284,0.0,0.0,0.0,89.73694904843136,6.5,3.0
2025-02-21 07:45:00,397.30585351047785,33.38472279455183,73.67957002099564,34.20625882624023,211.1977222451469,70.47644522674136,34.569309763396596,0.0,1.0,0.0,6.9058459790924065,6.5,3.0
2025-02-21 08:00:00,481.80359649653934,69.62271571618275,36.66094462320415,32.29766890178502,371.84966290919857,6.37436948078437,30.91744844998675,0.0,0.0,0.0,67.84727508225798,6.5,3.0
2025-02-21 08:15:00,476.4141950546417,73.11886934698718,12.743415580140594,54.432986950504336,365.3815135566142,90.40472852231385,80.57901408239138,0.0,0.0,0.0,53.49775420343143,6.5,3.0
2025-02-21 08:30:00,481.5820002552696,19.909042515395182,33.00649488929989,27.947121947579124,397.46169546715646,76.13438939800251,70.44963913723726,0.0,1.0,0.0,0.915307870690607,6.5,3.0
2025-02-21 08:45:00,433.5702081935492,23.031057269384682,77.87813712341514,84.79129700891295,399.9571280670309,57.11042969109332,10.52885046591918,1.0,1.0,0.0,85.51644613643766,6.5,3.0
2025-02-21 09:00:00,346.47160309403944,5.478997929343987,75.99305121147816,41.756999014228505,324.73725845394495,16.160569036543095,73.69251212664737,0.0,0.0,1.0,68.9634159465987,6.5,3.0
2025-02-21 09:15:00,369.10198343669856,32.92656064477002,35.70510009542942,57.24553463132207,309.0578651665885,13.382041951012646,44.80863422586092,0.0,0.0,1.0,40.434260681403146,6.5,3.0
2025-02-21 09:30:00,361.9602542795837,87.15248201798109,66.31162431603799,0.10400894570766761,314.5851124530849,24.32500884763691,94.98598186402667,0.0,1.0,1.0,1.963628603623624,6.5,3.0
2025-02-21 09:45:00,380.89615918967843,20.1313956654548,3.0747973140938356,5.802286172599757,289.0697639263817,41.23756886894717,63.93371993984302,1.0,0.0,1.0,41.43584101691944,6.5,3.0
2025-02-21 10:00:00,376.2417253072815,20.32336764956273,8.133712205256083,51.20646669919974,543.0654447586522,69.18983954861874,99.3278247801748,1.0,1.0,0.0,71.6090373078051,6.5,3.0
2025-02-21 10:15:00,407.145554087995,7.83435153198292,57.77411047928701,52.985726100432885,553.7602599773045,31.98195296642432,64.86929210157334,0.0,0.0,1.0,40.98474818126415,6.5,3.0
2025-02-21 10:30:00,379.14675728017477,11.334397678571651,33.82255976162828,32.132246665981654,537.1709476874086,2.1381830750813346,95.1831193015441,1.0,1.0,1.0,31.88139987352161,6.5,3.0
2025-02-21 10:45:00,399.46596332454874,34.87558353655453,80.7840217696247,47.091065862390344,507.76334757663517,65.40449724537247,59.230033431439125,1.0,1.0,0.0,21.96883141184436,6.5,3.0
2025-02-21 11:00:00,274.851157489891,36.57260240283783,52.346046415597726,63.64497399467535,551.3848341963882,50.70239875348758,26.469109203205733,0.0,1.0,0.0,65.70946513637156,6.5,3.0
2025-02-21 11:15:00,272.768055815684,17.426475099970784,15.402212576643725,32.53665299153771,568.3437806570661,52.66701248811992,38.85937833958346,1.0,1.0,1.0,28.55439672355261,6.5,3.0
2025-02-21 11:30:00,286.99591130519303,43.522700618089495,55.922974764654434,79.09158488843758,552.7331361209968,3.5888327086933125,46.80912831486563,1.0,0.0,0.0,53.0436719479774,6.5,3.0
2025-02-21 11:45:00,276.90487538923185,21.744824166408485,17.35123221623953,11.788939474792704,575.2682490255488,94.50464069417131,27.70398759840348,0.0,0.0,0.0,23.3628606969293,6.5,3.0
2025-02-21 12:00:00,285.23061570679124,69.43906382836389,24.878812115901518,19.08393713192823,601.7969113144825,72.12751422674641,89.04347096993853,0.0,0.0,0.0,1.9081178730805615,6.5,3.0
2025-02-21 12:15:00,267.0489943042056,80.67182310145466,12.903800730303306,93.82698647064574,560.6828223110631,67.07960159550451,70.81901665035258,0.0,0.0,1.0,95.91206639065156,6.5,3.0
2025-02-21 12:30:00,264.48413531310246,81.93832765930169,28.52122988104443,61.75423189698026,594.0621328174949,14.611597809737697,74.35260498752537,1.0,1.0,1.0,98.18755637454895,6.5,3.0
2025-02-21 12:45:00,292.27625467590065,44.67516075848652,51.40325134908258,63.280234178660635,540.9481335569594,21.91829132004317,13.837686911752611,0.0,1.0,1.0,39.53826347715087,6.5,3.0
2025-02-21 13:00:00,292.3760944610158,30.11252301576609,14.822029299267426,68.2562547041269,454.6214324441673,67.59303159784398,84.53093436296054,1.0,0.0,1.0,37.96857201687535,6.5,3.0
2025-02-21 13:15:00,293.5923326320598,54.28459178259758,87.75189326890734,74.7751491211856,457.4248380892135,78.54109254055665,6.078302489703791,1.0,1.0,1.0,89.55806354690215,6.5,3.0
2025-02-21 13:30:00,305.2843424858965,98.41114377657036,56.543580639995085,36.293589773094666,483.9078769207496,37.35021536913826,64.10766359578807,1.0,1.0,1.0,97.04275528178644,6.5,3.0
2025-02-21 13:45:00,280.53723042102774,29.298492777032514,4.766446770588539,16.00988838504305,448.0858525458698,92.3765765068771,74.3946688704996,0.0,0.0,0.0,70.09716966553665,6.5,3.0
2025-02-21 14:00:00,261.7232982436953,82.73851762673286,66.44250499861928,37.12492226064399,379.62203422998874,1.968621814352789,27.290111859948528,1.0,1.0,1.0,59.547412430248436,6.5,3.0
2025-02-21 14:15:00,246.45073651223564,95.41666614487835,83.3924207343235,16.88947554876715,379.5418661653773,86.80628714704265,22.47402897199442,1.0,1.0,1.0,10.562297276879008,6.5,3.0
2025-02-21 14:30:00,249.39642950889316,85.16944744046742,88.60581426754473,37.597509516949486,385.6742782202095,18.967697880212253,54.43076254987328,1.0,0.0,1.0,78.08767603094243,6.5,3.0
2025-02-21 14:45:00,247.62953573517598,56.48026009189867,99.58872949948487,67.09255594656264,409.79182138442457,79.48405375331026,58.0859846492486,0.0,0.0,0.0,61.458130092340355,6.5,3.0
2025-02-21 15:00:00,265.45330545351686,31.427311175988002,13.31377612001714,79.73900758975259,520.7518544301226,57.31160957410584,82.98103723408788,1.0,0.0,1.0,58.44443068594243,6.5,3.0
2025-02-21 15:15:00,257.0437586606167,50.42532461786823,0.03995925859665572,11.208523674376769,494.1896454873744,68.32199211527251,21.215322480436228,0.0,0.0,1.0,70.10090181914615,6.5,3.0
2025-02-21 15:30:00,247.91530297081744,49.469284671733696,97.36623289466205,58.30276871095915,510.0599027339223,96.89221484015188,93.49754474950065,1.0,0.0,1.0,86.35022425207333,6.5,3.0
2025-02-21 15:45:00,268.51763291504903,24.40788877516482,0.8277430973135602,64.23571473327554,465.69859734858073,78.94870849557547,49.89237653898402,0.0,0.0,0.0,77.08183258219454,6.5,3.0
2025-02-21 16:00:00,374.2599580104783,19.846836058282115,40.81827252953547,3.0045710335472875,312.8065007000158,14.67616151997565,30.49184393123019,0.0,0.0,0.0,10.812439612504631,6.5,3.0
2025-02-21 16:15:00,346.953400722617,88.40493120734739,97.74526508626505,43.39219076884713,305.3039569060992,41.371457815266496,90.94001437082446,1.0,1.0,1.0,85.83605473667714,6.5,3.0
2025-02-21 16:30:00,355.0164866602628,45.71435811172599,14.361809975333061,49.665447070900946,289.7396902994195,6.618440459526931,62.48136033618364,1.0,1.0,0.0,28.274138283815088,6.5,3.0
2025-02-21 16:45:00,357.5101546066419,40.73486465531747,98.49010756945714,74.17575756981024,301.3898520944655,40.30070491847212,37.52670489421256,0.0,0.0,0.0,11.317063637871128,6.5,3.0
2025-02-21 17:00:00,460.94006893761787,77.72339552736057,94.08352430684559,33.568676784015835,229.3183524929533,90.63989864348919,80.44560136378352,1.0,0.0,1.0,7.748561597109638,9.0,3.0
2025-02-21 17:15:00,448.703199037209,16.422420010136307,49.401728387218846,85.95193435343329,223.67591399160082,99.27075222436231,92.56779953320418,0.0,0.0,0.0,70.72355916360885,9.0,3.0
2025-02-21 17:30:00,483.1125109435117,58.81642094348214,2.414782016329975,41.48326379165462,232.19628520184202,30.189853568806313,48.01331156115521,1.0,1.0,1.0,32.96899926285391,9.0,3.0
2025-02-21 17:45:00,487.71422108166144,28.576129232546243,33.91760248951263,52.87957060687793,211.87944831360392,77.49574868322729,53.75339780135607,0.0,0.0,1.0,62.42669637405468,9.0,3.0
2025-02-21 18:00:00,483.0999716346422,22.41439195993068,55.858230021000686,84.66868008711744,0.0,24.74633231370641,14.046905922687959,1.0,0.0,1.0,26.53579051995353,9.0,3.0
2025-02-21 18:15:00,471.8293642087187,23.91189487003119,51.82659411823119,49.42714741950333,0.0,24.909676011241654,90.02399774175609,0.0,0.0,1.0,97.24173729204068,9.0,3.0
2025-02-21 18:30:00,472.5427335619437,14.715695050414034,33.062246626271374,94.39006626947754,0.0,23.764807524298458,29.160680295176522,1.0,1.0,0.0,95.51665086563291,9.0,3.0
2025-02-21 18:45:00,503.0379305946956,85.9638275920994,31.285667799406536,73.32119250304295,0.0,31.29924866575553,59.52209000253196,0.0,0.0,1.0,22.69286243509011,9.0,3.0
2025-02-21 19:00:00,483.97272351159637,76.25379324551417,95.0210569124701,71.44325680711945,0.0,47.323843976495496,69.3534010233775,1.0,1.0,0.0,98.6764943054552,9.0,3.0
2025-02-21 19:15:00,515.9368622010866,54.86320713386831,1.0820771538123886,58.594224396820124,0.0,65.67754636706465,23.173876316045593,1.0,0.0,0.0,48.00750566361949,9.0,3.0
2025-02-21 19:30:00,478.5954371477589,43.754727858174405,95.66562110254131,34.665774477163666,0.0,15.820172745873439,36.50135261294722,1.0,1.0,0.0,56.337888548032225,9.0,3.0
2025-02-21 19:45:00,504.15497713955824,17.182418690916677,36.32124281737753,53.25831228683242,0.0,21.813531332706994,66.80021219886191,1.0,1.0,1.0,77.18226774923485,9.0,3.0
2025-02-21 20:00:00,456.19919810883925,24.487975815341546,14.802236795516688,24.50138874666522,0.0,99.78217617193384,91.76321617932456,0.0,0.0,0.0,44.33000407684451,9.0,3.0
2025-02-21 20:15:00,467.8132148953714,44.56095872396304,77.87372831845747,12.016309890228216,0.0,40.27624713124176,23.83186560266757,0.0,0.0,1.0,55.813302897657366,9.0,3.0
2025-02-21 20:30:00,440.019568715417,6.439264900341158,26.652917367769046,22.023624907739137,0.0,63.47880897645071,17.58709725034099,0.0,0.0,0.0,76.16486397585467,9.0,3.0
2025-02-21 20:45:00,453.71801828037223,65.47106472999351,32.87048456556872,40.03944617445002,0.0,28.095711358430687,54.576367699429326,1.0,1.0,0.0,49.19735405617337,9.0,3.0
2025-02-21 21:00:00,292.0183031044271,50.815430528081265,27.827134044942316,79.4470009319365,0.0,83.18341934041453,81.51354386402997,1.0,1.0,1.0,15.921830075582942,9.0,3.0
2025-02-21 21:15:00,277.14585870020454,34.64393223667025,33.379389750534926,48.01989259736026,0.0,26.677542865850857,28.647963092342053,1.0,1.0,1.0,88.7723415478113,9.0,3.0
2025-02-21 21:30:00,273.43960999998853,70.99985369908353,98.1647530345971,99.89468020503759,0.0,41.28415040677512,9.990553438232453,0.0,1.0,0.0,48.01023894076067,9.0,3.0
2025-02-21 21:45:00,279.4562281953797,27.4829562305439,84.417989684377,7.537836650110574,0.0,27.136432244855413,84.46585056456702,1.0,1.0,1.0,64.95007776306608,9.0,3.0
2025-02-21 22:00:00,321.9830776405771,84.58014193989219,68.78224873110274,18.865783131467783,0.0,2.13622353187507,10.955951747840276,0.0,0.0,1.0,79.49522301625005,6.5,3.0
2025-02-21 22:15:00,323.09197584872084,42.15200702750551,97.31102407852383,56.17524607099666,0.0,51.37465120047524,78.19484623727688,1.0,1.0,1.0,47.292049951684334,6.5,3.0
2025-02-21 22:30:00,309.5570786413708,30.92630417774991,0.4716454684696947,5.977440411458312,0.0,70.50742775155578,16.41343280480839,1.0,1.0,1.0,37.75140095499614,6.5,3.0
2025-02-21 22:45:00,328.11786786933123,88.04612581998272,13.070203811115844,52.45320428242308,0.0,72.7425043827657,74.95888776985724,0.0,0.0,1.0,4.051009430127184,6.5,3.0
2025-02-21 23:00:00,308.17375548142576,97.44067983722691,44.927359777236084,83.22533172622661,0.0,39.91178913048836,12.224861315904834,0.0,0.0,1.0,87.36939596890473,6.5,3.0
2025-02-21 23:15:00,306.0547138924411,2.372512949172201,34.02467899947149,1.7634751146071603,0.0,44.94865830317666,71.41306380278843,1.0,1.0,0.0,92.47980206425885,6.5,3.0
2025-02-21 23:30:00,326.3190030791902,70.8780923236705,59.18107112126057,21.582251798006602,0.0,66.49867737941464,90.17000789309049,1.0,0.0,1.0,60.50954785068332,6.5,3.0
2025-02-21 23:45:00,344.652527546943,61.64540672179327,50.26845008446843,42.24682899916715,0.0,35.00211646269111,54.178548684612984,0.0,1.0,1.0,40.098946681587535,6.5,3.0
2025-02-22 00:00:00,260.97415349219466,64.19976167016604,60.13099269141809,63.251728508073555,0.0,95.56158480349154,34.534732024197766,1.0,0.0,1.0,85.8907095263146,6.5,3.0
2025-02-22 00:15:00,242.65231018097515,89.27649203017342,26.324092572563217,35.367343568255706,0.0,32.82878923380503,94.44278504208599,0.0,0.0,0.0,40.95022823533275,6.5,3.0
2025-02-22 00:30:00,245.40142337869483,17.929524435106934,92.1870818169223,94.8259008963141,0.0,41.520235417814014,0.44593127846320746,0.0,0.0,0.0,31.705257844210955,6.5,3.0
2025-02-22 00:45:00,261.9921129481353,72.55229564673357,65.01206301794237,46.345763454760856,0.0,99.05067274443213,21.71893109886016,0.0,0.0,0.0,33.66820173858714,6.5,3.0
2025-02-22 01:00:00,270.3897466624001,0.5505771814894755,83.90366030070803,10.40012733930208,0.0,84.0808542695764,81.42949169732623,0.0,1.0,1.0,96.81913774967283,6.5,3.0
2025-02-22 01:15:00,261.36682244770634,41.53570202387843,17.84602132335995,68.92068463233525,0.0,96.23174967928712,72.62021106683929,1.0,0.0,1.0,0.25082948284291806,6.5,3.0
2025-02-22 01:30:00,272.0498167507497,63.075872255117446,56.388382589271004,5.734840903381622,0.0,12.90216174890838,26.419015131513813,1.0,1.0,1.0,8.791965839987137,6.5,3.0
2025-02-22 01:45:00,276.3936141391439,2.2502008398106677,1.4155734791007846,79.375763561825,0.0,12.454844812785026,61.73843796409055,0.0,0.0,1.0,79.6632520798201,6.5,3.0
2025-02-22 02:00:00,265.26796024725115,1.763887624417626,83.86325439248189,50.665884794653806,0.0,51.36046409944935,64.18843138116496,1.0,1.0,1.0,10.510789714866341,6.5,3.0
2025-02-22 02:15:00,243.24611947701626,66.43064074995407,57.32496497002776,83.89156279783171,0.0,53.25721069449669,53.75090617871705,0.0,1.0,0.0,67.10521982722489,6.5,3.0
2025-02-22 02:30:00,264.36882279035905,99.78751682562368,82.18523232102399,96.67169449274189,0.0,76.73419366732617,63.508365872680095,1.0,0.0,1.0,67.37794646354324,6.5,3.0
2025-02-22 02:45:00,250.43709748537356,80.80420270070427,6.024791867748225,83.52074819214637,0.0,18.854251537862833,72.68280274209393,1.0,0.0,0.0,32.25403480658522,6.5,3.0
2025-02-22 03:00:00,263.31589287489726,5.44743488553957,10.366736332901127,50.30257679372671,0.0,45.24959501805932,19.883187692046068,1.0,1.0,1.0,54.99624704598543,6.5,3.0
2025-02-22 03:15:00,272.61663342381144,50.18866995998642,94.41839521769194,30.26218345812731,0.0,62.90241945972025,33.752862883494394,0.0,0.0,0.0,85.44129717436824,6.5,3.0
2025-02-22 03:30:00,268.9406021655038,18.552780738263152,49.34417304625218,7.176744701796089,0.0,27.818553429413704,13.342792727712416,0.0,1.0,1.0,17.24020752476304,6.5,3.0
2025-02-22 03:45:00,298.55687153578765,96.51777632991508,89.39566493238247,52.98927274719903,0.0,27.51386837378983,51.003898644111864,1.0,1.0,1.0,76.48657539980658,6.5,3.0
2025-02-22 04:00:00,230.28094828865667,55.809932252362714,35.64995563793928,13.610716649460775,0.0,44.99574221528644,35.6419070246366,0.0,0.0,0.0,10.871260102140102,6.5,3.0
2025-02-22 04:15:00,219.31149444782193,75.24498948350809,51.602299537920146,98.27200032623412,0.0,24.53501409616733,46.09900436836089,0.0,1.0,0.0,11.771488545322784,6.5,3.0
2025-02-22 04:30:00,230.78980836790294,92.01826969973843,77.00566775261693,3.9495934785301334,0.0,35.13141106454327,34.12570937840995,1.0,0.0,1.0,1.0032845577688576,6.5,3.0
2025-02-22 04:45:00,228.1477488956184,81.66637764771743,38.29636097861835,47.46914559562284,0.0,57.41826497338376,67.71032281785135,0.0,1.0,0.0,21.148972532107592,6.5,3.0
2025-02-22 05:00:00,237.77106989913034,89.81460910041966,61.27557357782757,71.67883423720953,0.0,39.907617811964805,36.975097397759825,1.0,1.0,0.0,46.70927983199614,6.5,3.0
2025-02-22 05:15:00,229.79963296024587,64.1485135515061,17.892827498777354,24.623979306964184,0.0,56.38803234623471,52.75757275893124,0.0,1.0,1.0,31.957588333297338,6.5,3.0
2025-02-22 05:30:00,242.08794418525807,79.77822280976962,89.1363618892812,2.365461832249527,0.0,10.424866243725916,88.66576484033817,1.0,0.0,1.0,52.26158172964682,6.5,3.0
2025-02-22 05:45:00,229.26135295536574,17.04804032005429,8.987170053661341,30.143442579974366,0.0,86.65253084439345,27.5111323851958,0.0,1.0,1.0,46.397127317444244,6.5,3.0
2025-02-22 06:00:00,406.66950561010174,39.324630808982576,98.67788837730318,14.525351815340493,0.0,27.3440553253922,83.31063042495089,1.0,0.0,0.0,90.3961277726495,6.5,3.0
2025-02-22 06:15:00,415.400660420274,27.821447190350433,14.33674009558661,86.50246145755115,0.0,68.82652481210172,96.12998105774825,1.0,1.0,1.0,29.96898602447724,6.5,3.0
2025-02-22 06:30:00,415.7030259893058,94.79996828855754,31.176725016942175,73.84073836668277,0.0,52.275792037870936,75.0785621235669,1.0,1.0,0.0,55.62252309380352,6.5,3.0
2025-02-22 06:45:00,388.6168079803185,24.862870924670567,66.16569776398458,70.6704852737463,0.0,89.81290687621906,96.39954444333054,0.0,1.0,1.0,48.006774181668646,6.5,3.0
2025-02-22 07:00:00,392.5725754769005,96.3037891562205,68.24224193409222,94.95633348585135,211.70677746158702,80.96781177410851,48.58821311977126,1.0,0.0,0.0,53.51042496912572,6.5,3.0
2025-02-22 07:15:00,359.73402118184976,27.185543464284635,60.32792143672434,88.10960902794902,211.9870767115163,66.48527931198878,39.03287873795658,0.0,1.0,0.0,21.09261491854707,6.5,3.0
2025-02-22 07:30:00,389.7588503064047,11.303488441931108,80.49300433379358,96.27768699007639,217.71208851074985,90.09013131234785,0.45490065101387867,1.0,1.0,0.0,57.581309766385026,6.5,3.0
2025-02-22 07:45:00,365.984553034845,82.98000497463741,48.178857347362644,60.28760479384171,242.12405731614683,82.77505060159949,38.92500395311512,1.0,0.0,1.0,16.924385199261984,6.5,3.0
2025-02-22 08:00:00,401.4168333863124,13.952390618764877,54.49513163419471,68.3680135936256,370.6200506955883,46.66780302328466,17.956603748425483,1.0,0.0,0.0,60.74949190035224,6.5,3.0
2025-02-22 08:15:00,403.77017791569784,89.41733641140695,53.557236539403895,74.08179611795653,347.5502038949452,83.37366981557359,53.219676785634576,0.0,1.0,1.0,30.51169982038433,6.5,3.0
2025-02-22 08:30:00,399.65356966864096,97.1039214143327,68.56330657873735,6.652532037009906,350.1898571996797,2.6722653991245626,7.802616573340016,1.0,0.0,0.0,18.83635800131238,6.5,3.0
2025-02-22 08:45:00,366.93941902934876,70.17580759148187,38.553947998967985,4.967455581846014,355.34988820978697,7.508474896345351,90.0321503628059,1.0,1.0,1.0,78.67343202089296,6.5,3.0
2025-02-22 09:00:00,352.67985896677686,32.42327236899547,97.75864913082066,38.950333067281704,518.4790415197803,27.150642363342946,17.625725494381307,0.0,1.0,0.0,76.55832058913718,6.5,3.0
2025-02-22 09:15:00,333.1758620113224,49.745360265419755,65.17161508847596,4.392433145047059,504.9248476172579,57.05447163730769,92.5180787165644,1.0,0.0,1.0,69.35369408199499,6.5,3.0
2025-02-22 09:30:00,342.3470181571747,6.359823888874505,62.29489619866988,45.83154481500312,539.7462260985982,51.1081452713021,0.41663644491378715,0.0,0.0,0.0,14.430708824396167,6.5,3.0
2025-02-22 09:45:00,319.7272608647261,4.664940789021699,2.125333916215222,77.69770656972078,530.3498847643637,2.6380568682275674,5.239072339751106,1.0,1.0,0.0,99.04817909773104,6.5,3.0
2025-02-22 10:00:00,375.99995824619305,66.75814270153172,2.806048535634409,59.567848429607004,673.7005872714103,23.340436050532563,99.28782959552532,1.0,0.0,1.0,9.133384239027919,6.5,3.0
2025-02-22 10:15:00,350.66038097315567,5.391375166282375,76.90712707766582,51.77649752380253,641.4897759642255,64.81493149394737,80.4648378991244,1.0,1.0,0.0,96.41927358615692,6.5,3.0
2025-02-22 10:30:00,376.84467981977554,4.174450484328574,34.75267834329435,40.44170992895649,657.17727553557,34.25343820149376,10.13830257359225,0.0,0.0,0.0,55.13493967191033,6.5,3.0
2025-02-22 10:45:00,362.7949809608756,33.515670114395036,4.166730744292579,16.549033773014244,628.9523612287944,18.326539044117595,89.61738588352327,1.0,0.0,1.0,88.33684591452469,6.5,3.0
2025-02-22 11:00:00,267.8121494705208,90.46479712832257,70.12139096780339,59.541562680967274,443.82546687547887,10.836221136154922,37.08675099466541,1.0,1.0,0.0,30.10757961230287,6.5,3.0
2025-02-22 11:15:00,274.6031315495564,96.88594303750568,56.44810508055623,24.42986615792342,433.4738484617823,75.7295406675387,7.781442842082331,1.0,1.0,0.0,17.352873244269272,6.5,3.0
2025-02-22 11:30:00,259.1188933830283,40.210938172168,77.3561017272522,35.303777571354914,420.3202447191504,82.43895066183839,23.130170730875033,1.0,0.0,1.0,34.46519394609292,6.5,3.0
2025-02-22 11:45:00,271.19582559689457,0.8653587048777722,77.4152956074069,83.064788473547,421.2404399435884,69.48834817592423,74.73550829756074,0.0,1.0,1.0,74.19487108111564,6.5,3.0
2025-02-22 12:00:00,260.075843135048,43.02348258492732,13.56714696329927,73.85377470561063,520.7893666340154,52.8985229183271,89.37024574128914,0.0,0.0,0.0,5.411221404931055,6.5,3.0
2025-02-22 12:15:00,252.00300391248288,77.36060350529512,70.71668253015977,84.97420432171333,518.9062961274599,99.84578336792951,66.75208221075096,1.0,1.0,1.0,73.7073039191592,6.5,3.0
2025-02-22 12:30:00,262.17619331952045,1.658934466176254,79.63635376493366,73.08561093945684,528.6092248937503,58.74930312078477,54.96193955760832,0.0,1.0,1.0,49.33141073371363,6.5,3.0
2025-02-22 12:45:00,228.56495963294867,19.52832865448667,54.27744868346092,99.07244920181911,514.8151123447742,85.52777038429134,53.7765022424753,1.0,1.0,1.0,71.57084608867898,6.5,3.0
2025-02-22 13:00:00,235.50388618330322,66.60442057633833,57.39822923756787,11.656111019237104,410.0215585817114,50.86695175241957,17.260086197809265,1.0,1.0,0.0,18.69427837670895,6.5,3.0
2025-02-22 13:15:00,233.47691682886284,11.680566388388913,48.22712434357172,16.323892993425694,393.5254500997954,74.31539626653884,35.483213457290205,1.0,0.0,1.0,39.99208422487352,6.5,3.0
2025-02-22 13:30:00,243.92515800117116,58.36669625313766,27.118917575433244,40.44704475216658,424.17286188006307,39.119279109746884,92.41584354850265,0.0,0.0,0.0,83.96321091273406,6.5,3.0
2025-02-22 13:45:00,248.76403898666274,90.43168955124048,80.2117746481313,52.42569782709518,423.6901294384302,72.35884496201248,82.22355804274616,0.0,0.0,0.0,43.14596250272371,6.5,3.0
2025-02-22 14:00:00,235.59298535381424,93.41556502190659,99.10162228233936,44.67881460389476,353.2394206124715,58.538327831510415,44.10324905949557,1.0,0.0,0.0,77.40979397089272,6.5,3.0
2025-02-22 14:15:00,219.64891922424903,3.1254493359017643,58.72546144338236,66.76487350720922,355.6946630257204,91.11078432731229,88.16051547890163,0.0,1.0,1.0,96.12719177770622,6.5,3.0
2025-02-22 14:30:00,229.17806130520617,42.34390621834743,10.392788524621356,83.10484203995439,369.7062609892192,27.53074102464358,95.0982781454796,0.0,1.0,1.0,28.18456331876552,6.5,3.0
2025-02-22 14:45:00,230.42003411673056,55.30833115371967,31.978732300213775,7.622474665069767,385.74965537258913,29.814144960780887,61.14665291218313,0.0,0.0,1.0,57.4771168623766,6.5,3.0
2025-02-22 15:00:00,260.984870606288,43.73866350869399,49.59556136758066,60.899219650209616,550.2259974121486,32.60700564515482,56.86098600204603,0.0,1.0,0.0,75.21731979169947,6.5,3.0
2025-02-22 15:15:00,254.2559432361053,36.00690899380374,19.950727188699723,53.20414000186939,534.9393351220326,24.15908607060674,2.9634671161892445,1.0,1.0,1.0,97.3941145403501,6.5,3.0
2025-02-22 15:30:00,253.1286475444044,45.61481280855884,17.17363561405534,5.2523523972635715,536.6628784932877,45.80981925504592,38.430214368195145,1.0,0.0,0.0,48.25278681922401,6.5,3.0
2025-02-22 15:45:00,245.0605386132022,98.48692554992833,71.57433764294906,11.168906663610013,551.651788972531,58.56773120891583,6.032260759091168,0.0,1.0,0.0,40.41460242049062,6.5,3.0
2025-02-22 16:00:00,350.77674740206743,20.22677537005505,91.61407491774911,81.5240947829154,418.3908606617548,65.09692608822164,34.765167692899055,0.0,0.0,1.0,2.677751162375086,6.5,3.0
2025-02-22 16:15:00,318.8423880242533,71.80493725785165,68.44535015505588,43.249930578702504,410.52353054229474,35.63420278979088,75.64714981250896,0.0,1.0,0.0,93.26465643544277,6.5,3.0
2025-02-22 16:30:00,341.51588512205257,30.247087537018082,77.81922160296837,42.80705393519752,410.9704005178772,30.83113764701727,72.08242381771745,1.0,1.0,0.0,51.75419171475366,6.5,3.0
2025-02-22 16:45:00,326.04497945162666,29.125724330736556,37.69804585858253,84.04342743461535,367.7652082780735,55.06703278271087,39.82178612422482,0.0,0.0,0.0,41.49139276520649,6.5,3.0
2025-02-22 17:00:00,426.98012934511286,3.5292871572185303,27.43822860489542,39.91179540687706,211.10370512798008,27.928696917550823,16.044044427608572,0.0,0.0,0.0,55.25505592244967,9.0,3.0
2025-02-22 17:15:00,431.49262365791304,62.70057099540794,52.26988131072912,54.45711578171469,224.22024473191155,66.88424823168766,92.93160209413533,1.0,0.0,0.0,98.34511463111797,9.0,3.0
2025-02-22 17:30:00,419.2099382191995,76.98066650620254,3.0261171783920737,53.87063907696425,215.41085944081527,74.06865607353471,47.86561319602058,0.0,1.0,1.0,3.8733797488368804,9.0,3.0
2025-02-22 17:45:00,378.0273087777746,20.61376694181397,34.99531463864097,44.52047138481851,221.925190699293,48.30707951802326,40.483332571740185,0.0,1.0,1.0,4.236069748243542,9.0,3.0
2025-02-22 18:00:00,412.7020392728901,95.96079107910965,52.601580406557645,77.3897858971295,0.0,84.04904997798457,85.91896453823355,1.0,1.0,0.0,58.84466280493383,9.0,3.0
2025-02-22 18:15:00,424.3524776527037,14.022475105396126,67.72285736190354,16.927852036516388,0.0,33.68030219397683,75.73649040526385,1.0,0.0,1.0,66.66776542030938,9.0,3.0
2025-02-22 18:30:00,443.6700420818171,35.66895474593572,58.15926388132936,70.04858470291141,0.0,21.15783611178572,63.71387025792677,1.0,0.0,0.0,97.97565989371937,9.0,3.0
2025-02-22 18:45:00,442.75544099258923,82.14891677291014,0.2347271882509161,97.39440912960261,0.0,3.979291170519683,35.957818180701715,0.0,0.0,1.0,14.505936471661984,9.0,3.0
2025-02-22 19:00:00,444.0950658625078,63.32972030820754,71.12867033493218,42.11239692787926,0.0,5.690746747784836,89.22021159785763,1.0,0.0,0.0,4.827635265571539,9.0,3.0
2025-02-22 19:15:00,429.7031396782098,9.382710820503625,73.47095777684541,43.900469021183085,0.0,1.3647565756074398,52.38310036396132,0.0,1.0,1.0,26.1565056507446,9.0,3.0
2025-02-22 19:30:00,442.69168081516983,51.364630088370255,67.95034560509568,17.559335244724316,0.0,92.93876237743743,90.69237114911624,0.0,0.0,0.0,34.58303562932842,9.0,3.0
2025-02-22 19:45:00,462.20011364411266,80.26438053178501,29.662970786750485,18.337067541499298,0.0,68.54995713037412,47.03671002266788,0.0,0.0,0.0,93.56841303989053,9.0,3.0
2025-02-22 20:00:00,422.55504740256094,32.74824480207966,30.341654473103652,59.3513484903645,0.0,47.08488109286999,68.06065570566403,0.0,1.0,1.0,38.810861379012294,9.0,3.0
2025-02-22 20:15:00,440.8011999459936,58.582141414823205,68.66185068703443,66.62380228909245,0.0,99.81285555279372,78.95996201639034,0.0,0.0,1.0,46.14704953660175,9.0,3.0
2025-02-22 20:30:00,431.7646205005863,55.396346094560165,2.948457084404299,92.31891730809969,0.0,90.11759409995693,9.840048496545684,0.0,0.0,0.0,0.08142445805814358,9.0,3.0
2025-02-22 20:45:00,456.16913215085924,41.98292582674456,9.198913538575527,73.3289408971571,0.0,29.886060966940885,63.04434231344537,0.0,1.0,1.0,53.6789013805182,9.0,3.0
2025-02-22 21:00:00,268.86596202106637,19.875683832257796,69.66068589773063,89.16298789032182,0.0,91.88081283411113,43.96058519779618,0.0,1.0,0.0,77.7017324166961,9.0,3.0
2025-02-22 21:15:00,275.8639059350832,79.28066422278121,9.360835517165466,51.19051549927358,0.0,66.63038912078531,2.8865843388002244,0.0,1.0,1.0,79.19573628013335,9.0,3.0
2025-02-22 21:30:00,278.61810913605984,99.59553817790852,32.08962452541645,9.982427459681709,0.0,46.40440097729256,81.02660830876096,1.0,1.0,1.0,59.61159537397494,9.0,3.0
2025-02-22 21:45:00,292.3120229077907,74.64926730955081,0.008192965760400739,14.510632318460592,0.0,54.03208870006158,14.66659683412006,1.0,1.0,0.0,79.17124075022754,9.0,3.0
2025-02-22 22:00:00,283.1858915985283,77.42247796899595,80.17209980361055,65.6989205823329,0.0,3.4693631955554527,65.71178323023294,0.0,0.0,0.0,15.688936222630456,6.5,3.0
2025-02-22 22:15:00,260.04373581230624,16.950595435900652,97.74227593921944,34.018931618160366,0.0,17.308442641897603,19.088574367571443,0.0,0.0,1.0,81.57372451870117,6.5,3.0
2025-02-22 22:30:00,257.10955137765944,29.75690648369006,35.73699146543454,51.06043279042346,0.0,35.747606218521575,93.80966273703126,1.0,0.0,1.0,58.12694090267172,6.5,3.0
2025-02-22 22:45:00,279.10082121150595,68.63248263229607,27.85381661602916,50.48462648921528,0.0,2.390467206101732,40.447361948110505,0.0,1.0,1.0,22.508515505374948,6.5,3.0
2025-02-22 23:00:00,269.4481954480433,77.927652912883,51.41094566217473,70.17391660807026,0.0,90.49093874221249,47.44629805117187,1.0,1.0,1.0,16.462720339483905,6.5,3.0
2025-02-22 23:15:00,284.6333587332352,70.18221131287305,82.67074026240914,15.974352989203977,0.0,93.06499668528386,45.81776944449941,1.0,1.0,0.0,99.38827607525738,6.5,3.0
2025-02-22 23:30:00,293.5428566719803,84.96207632999489,43.57486980256964,98.02125488061947,0.0,2.410305390455436,50.52368433766603,1.0,0.0,0.0,40.10378317541061,6.5,3.0
2025-02-22 23:45:00,280.88558914674115,38.32816984331521,16.278138461459857,12.989556569810357,0.0,8.796963670544722,45.055839346811354,0.0,0.0,1.0,69.4348398630498,6.5,3.0
2025-02-23 00:00:00,294.97269295421904,4.724431116041328,93.656984335547,63.990917070582256,0.0,58.08238942026115,88.8849921885432,0.0,1.0,0.0,7.7817170247932,6.5,3.0
2025-02-23 00:15:00,282.63574928466363,43.44746951630836,41.62359578838931,76.39686854002501,0.0,19.43362749096543,14.972038862395632,1.0,1.0,1.0,98.16478905234833,6.5,3.0
2025-02-23 00:30:00,305.5584510750595,54.93858384482719,25.309275522609532,26.27096605568344,0.0,52.844261992526874,13.81278073586577,1.0,1.0,0.0,16.06076564471336,6.5,3.0
2025-02-23 00:45:00,284.9731066860579,40.43957673855175,42.74781058452517,9.466212168266397,0.0,60.08970306868452,80.02418114572303,1.0,0.0,1.0,80.55749909068905,6.5,3.0
2025-02-23 01:00:00,260.0430119143728,9.526222725604905,50.00183031816391,47.71823244981466,0.0,68.48868311084821,31.47231920125696,1.0,0.0,1.0,8.927694714830526,6.5,3.0
2025-02-23 01:15:00,253.88982864711292,2.9831577030092538,49.82342373324784,10.559801840666749,0.0,37.02330419523558,85.5658641836803,0.0,0.0,1.0,88.96802677974547,6.5,3.0
2025-02-23 01:30:00,260.5286939987603,39.81134409111162,49.53043758185815,73.9844362806637,0.0,97.04259366945166,82.69963765807567,0.0,0.0,1.0,93.63851057421688,6.5,3.0
2025-02-23 01:45:00,238.97846543975402,64.5302703983528,56.12150854258985,49.241540719016086,0.0,54.402942974131385,45.92961243147652,0.0,1.0,0.0,82.22094533948177,6.5,3.0
2025-02-23 02:00:00,293.015406709383,13.152907945590531,48.62163435886189,28.241502125984496,0.0,35.24889582574795,60.75307531860409,0.0,0.0,0.0,47.56645512981517,6.5,3.0
2025-02-23 02:15:00,280.93521605015127,15.09366053895318,64.76341755539836,25.93004315821822,0.0,47.95908468072548,55.06102472518667,1.0,0.0,0.0,3.2640105754420667,6.5,3.0
2025-02-23 02:30:00,266.98405592897456,29.89396447847087,54.68376717881408,12.092766240684572,0.0,55.52363413195474,68.28827037629445,0.0,1.0,1.0,27.125003415573545,6.5,3.0
2025-02-23 02:45:00,278.82532131149105,34.03048857192309,4.715410279240395,35.450289163619864,0.0,2.553096247429687,12.580582860726274,0.0,1.0,1.0,81.86552433741964,6.5,3.0
2025-02-23 03:00:00,278.1907184146544,46.27583793683099,96.08416518091026,89.89966748025272,0.0,6.136241798561226,63.04849413841009,1.0,0.0,1.0,64.61202221361542,6.5,3.0
2025-02-23 03:15:00,286.5677715640324,14.40610627719,5.827894961933411,66.53892256693901,0.0,41.43304944251368,42.176709009117175,0.0,1.0,0.0,7.010732303986966,6.5,3.0
2025-02-23 03:30:00,271.8138735930837,49.361828400837716,22.680375648808806,23.040879256046075,0.0,51.32000907129189,82.26723127447475,1.0,1.0,0.0,30.41323628517607,6.5,3.0
2025-02-23 03:45:00,264.4676364282294,56.410578351784224,66.19316430962014,98.12488632025972,0.0,60.20457639392133,79.84089391718621,1.0,0.0,1.0,56.99632419767136,6.5,3.0
2025-02-23 04:00:00,251.6412280278788,12.6956294595706,33.89268122281018,56.574250017139214,0.0,21.885204586257558,15.71658991902789,1.0,0.0,1.0,45.203372562974394,6.5,3.0
2025-02-23 04:15:00,254.86817429818797,19.644491140291365,82.16630891425213,2.850238460202381,0.0,90.04576548429432,79.5828513646793,0.0,1.0,1.0,55.52292032043472,6.5,3.0
2025-02-23 04:30:00,261.2728215370604,17.277368577518004,78.57692163781648,7.035161245054889,0.0,75.12328882659159,56.45794543809045,0.0,0.0,0.0,21.121531899202207,6.5,3.0
2025-02-23 04:45:00,254.48777613687275,57.58342583534486,1.448668908911499,72.78740630358858,0.0,41.13021629695305,24.56325610104266,1.0,0.0,1.0,40.14565858282789,6.5,3.0
2025-02-23 05:00:00,278.15789307537733,22.325145507963708,94.85889110064977,32.966622477127686,0.0,15.155783094598686,17.019752438847135,0.0,0.0,0.0,0.4821246440006699,6.5,3.0
2025-02-23 05:15:00,275.7305940978623,78.69614632131982,24.881514737156706,18.8086556361025,0.0,21.48389760802032,60.26387294274339,1.0,0.0,1.0,33.67718730076352,6.5,3.0
2025-02-23 05:30:00,288.23579174086314,70.54132710565463,87.94374486915065,35.30462701360375,0.0,3.590126373208502,22.862585912612975,1.0,0.0,1.0,58.5771792548673,6.5,3.0
2025-02-23 05:45:00,308.1557210858973,0.31171951919536367,30.818196595970427,12.97238745515148,0.0,27.871222274313357,71.21693179503148,1.0,0.0,0.0,89.1710021007905,6.5,3.0
2025-02-23 06:00:00,382.12728804145013,95.07999073702567,39.074104430175574,24.525000164872925,0.0,74.6667066748091,56.62645833906986,0.0,0.0,1.0,98.27086314445135,6.5,3.0
2025-02-23 06:15:00,363.36354558197615,24.364681473895942,79.24101372257586,0.8271978469184815,0.0,36.88997976954702,36.308715384055624,1.0,0.0,0.0,17.95826898355415,6.5,3.0
2025-02-23 06:30:00,376.8147442265678,36.62621887579073,27.260649398907145,26.76419949518739,0.0,49.425451425524244,22.105458541481827,1.0,0.0,0.0,78.41769052518735,6.5,3.0
2025-02-23 06:45:00,405.18442215000596,11.002919075208261,74.95252643862652,6.27566800977074,0.0,5.476308324994461,42.99214775591946,0.0,1.0,0.0,80.211982736508,6.5,3.0
2025-02-23 07:00:00,372.97452079351933,98.46423756132072,78.71309414332318,38.85686049282021,204.37704406636743,19.874920942990613,88.86851482206886,0.0,0.0,0.0,75.63057549814913,6.5,3.0
2025-02-23 07:15:00,377.9750054194453,97.71290002115217,72.78701701023908,6.09011106566636,206.3049860908863,61.07803794972042,25.321888630945686,1.0,1.0,1.0,44.72722555758196,6.5,3.0
2025-02-23 07:30:00,355.5791976543178,40.1142845813629,87.15283200472741,34.905559738448154,206.7545436603688,99.08646525506684,46.36644937779868,0.0,1.0,0.0,76.05579158251186,6.5,3.0
2025-02-23 07:45:00,345.07127613271746,91.6746224451923,28.381858532225877,72.23112102357867,188.60342618237746,96.41323787974304,71.4066247688297,0.0,0.0,1.0,75.90051611745109,6.5,3.0
2025-02-23 08:00:00,364.21932289792005,27.00280639193999,80.00711683136275,84.06912225029635,365.81190178401704,58.852858527026385,14.210907924515926,0.0,1.0,1.0,97.89296991881702,6.5,3.0
2025-02-23 08:15:00,369.4082299688991,30.419070500690527,81.72342311486996,70.55451613606193,386.5219254626434,54.40904140270529,5.27149528979095,0.0,1.0,1.0,83.55459990032466,6.5,3.0
2025-02-23 08:30:00,368.6924567910924,60.56370284735443,0.2398148495058594,90.51585175653994,380.46212992739595,20.124151383595034,34.29062716546453,1.0,1.0,1.0,86.45611915738797,6.5,3.0
2025-02-23 08:45:00,425.0199903420885,99.46802025581191,0.7431853940860544,4.09266490258503,364.40404282594363,16.264507255133744,6.362381459859357,1.0,1.0,1.0,18.55889724208568,6.5,3.0
2025-02-23 09:00:00,348.4351756377814,90.3879811863071,78.28902396535598,3.1527484303969344,441.7081005469051,67.22538490240481,2.015432060596889,0.0,1.0,0.0,4.216780289780752,6.5,3.0
2025-02-23 09:15:00,383.0007570429133,68.93824759807859,37.15804750545042,69.2665966620626,474.9045760217317,81.58020257792347,64.22819442759814,0.0,0.0,1.0,74.5385588528732,6.5,3.0
2025-02-23 09:30:00,366.6543888405905,74.93744714153074,77.19167239653787,72.84665434082406,460.8528648566796,9.54232544122613,38.80613101513026,1.0,0.0,1.0,71.46346291694883,6.5,3.0
2025-02-23 09:45:00,361.9996784787147,45.22197263092048,27.221908972842336,70.996976878608,454.0844585746836,16.560842236165453,30.921628669460677,1.0,1.0,1.0,74.91600558520496,6.5,3.0
2025-02-23 10:00:00,344.42381559982,57.16959223148794,55.672010730003606,83.43497197061144,590.4220117558637,69.31639877762885,46.694516305623466,0.0,0.0,1.0,23.908205851458785,6.5,3.0
2025-02-23 10:15:00,350.12981835125396,71.5434517596859,74.1484924677571,8.479255854205936,616.5571559562478,11.735232246747207,95.5473215997057,0.0,0.0,0.0,87.08205634776921,6.5,3.0
2025-02-23 10:30:00,332.63993939075675,55.62705591850822,86.2855019474719,27.903881908119367,628.6051018915349,53.59188447490729,12.311742256412817,0.0,1.0,1.0,93.8933573944896,6.5,3.0
2025-02-23 10:45:00,349.7464266581694,80.23666708065413,30.888582347697024,64.54516551468149,625.3657303963532,25.10729662328497,40.75283103611166,0.0,1.0,0.0,5.326770087667665,6.5,3.0
2025-02-23 11:00:00,244.63440624527914,33.725683074545806,7.689183371802855,78.5043427330144,393.4748817565842,54.03301856428555,10.849841118991566,0.0,1.0,0.0,18.93571559603795,6.5,3.0
2025-02-23 11:15:00,237.0770492528645,11.626040309512709,85.59020534620986,37.35995734946451,399.33890101695016,51.48198144545509,57.28770880523203,0.0,1.0,1.0,66.10958942241011,6.5,3.0
2025-02-23 11:30:00,236.0018446016669,10.820486328580781,65.02404155248726,15.524656449476904,403.9888943069224,92.69887574596987,6.610366250653543,0.0,1.0,0.0,98.58621840961462,6.5,3.0
2025-02-23 11:45:00,262.7966999001894,50.83369814914278,66.21122776519336,43.10514633255048,387.57732291954335,11.794317009450006,74.39494320440895,0.0,1.0,1.0,73.13207061580937,6.5,3.0
2025-02-23 12:00:00,255.72098986812162,4.487705110350726,45.38159781181776,10.449297574117889,442.2849212034525,71.70730448703169,90.93291166674118,1.0,1.0,0.0,43.72105874912258,6.5,3.0
2025-02-23 12:15:00,238.8585814331124,34.31329495818589,60.56458463663038,58.6789935997041,428.854142158521,51.706889206248384,32.42844629905587,0.0,0.0,1.0,42.08394626073867,6.5,3.0
2025-02-23 12:30:00,256.2854018344065,48.94088769169072,69.67519471952534,76.42542281331356,412.0194869740317,95.36935249373452,14.884645080919212,1.0,0.0,0.0,90.95255874513121,6.5,3.0
2025-02-23 12:45:00,253.89502686435947,1.7623922339578102,72.86020164160695,4.506741058864372,424.2314496639949,5.066592642932211,49.15923382324048,0.0,0.0,0.0,70.04253234096203,6.5,3.0
2025-02-23 13:00:00,267.61809203859474,43.409288018573136,32.70592918725232,61.54420359865775,406.19415223754476,78.69620477493093,5.8102243861709475,0.0,0.0,0.0,63.33249981232284,6.5,3.0
2025-02-23 13:15:00,255.81594159857636,53.641705671709225,7.909933285472448,99.96655799949818,418.1263755041252,15.865948535871045,54.43048548137093,0.0,1.0,0.0,67.28948900138228,6.5,3.0
2025-02-23 13:30:00,263.39305290232784,63.971451420437496,31.484529497481837,95.22876457550664,419.9600736133985,1.5463586410210506,14.809913237224492,0.0,1.0,0.0,41.963859659564164,6.5,3.0
2025-02-23 13:45:00,260.3829134605012,86.61344240760286,72.76089401019973,4.018593187439013,439.1393986449316,81.80500623018405,35.162727730885315,1.0,0.0,0.0,43.54399484807024,6.5,3.0
2025-02-23 14:00:00,248.27508379391395,61.65778810422101,92.02648234336023,60.96839459163923,431.06717427881097,24.18061896790249,21.278987835346385,1.0,1.0,1.0,53.95304735796677,6.5,3.0
2025-02-23 14:15:00,250.672255145698,66.59646095849698,53.58421818045588,86.48686925460505,409.82030878000387,47.532594491190885,68.8952046800061,0.0,1.0,0.0,30.53786596838952,6.5,3.0
2025-02-23 14:30:00,268.0824040174642,91.52604382410193,19.757292311033893,13.671428233665484,399.680887583728,46.394519280577995,47.879733630734556,0.0,1.0,1.0,39.406550233474846,6.5,3.0
2025-02-23 14:45:00,277.0702570429237,8.704887100205871,75.12070033458572,35.57360246409237,409.991629357457,9.397563135601628,25.141889494921088,1.0,1.0,0.0,46.77089864315913,6.5,3.0
2025-02-23 15:00:00,247.36938289644795,78.27487400752808,30.15938210599205,97.97250423109006,370.09973377177954,0.1038103639418031,24.183969491471345,1.0,1.0,0.0,98.24309157960695,6.5,3.0
2025-02-23 15:15:00,249.96438936345248,11.987313416525469,89.53337044398133,5.10620067349662,398.54809386483925,78.02092050874919,12.951980949642984,1.0,1.0,1.0,17.134895575111607,6.5,3.0
2025-02-23 15:30:00,259.632134948243,6.402978343303611,3.4106510435813475,16.889300386230353,397.9369589671915,98.2185588033225,64.49305476455038,0.0,0.0,1.0,56.06513488143213,6.5,3.0
2025-02-23 15:45:00,247.91409279185655,39.802729923732564,0.3065410731282636,94.34337705902581,355.6152133961898,96.05496099413119,45.563442611304815,1.0,1.0,1.0,62.531257854463995,6.5,3.0
2025-02-23 16:00:00,325.6079298137308,22.17704826305843,41.309229343461126,87.46248640315231,363.43377085216605,44.66108426677026,1.9110011586076725,1.0,1.0,0.0,62.358096533699566,6.5,3.0
2025-02-23 16:15:00,320.6886004333658,85.92647487841583,66.92917322375031,44.528081310437464,342.099507730081,16.798773855838334,25.799156165198124,0.0,0.0,0.0,88.07272907151659,6.5,3.0
2025-02-23 16:30:00,311.76907126208323,84.72062724959567,51.657063651410226,51.965513998469035,343.87259111589583,88.97322541029651,21.2785781668809,0.0,1.0,0.0,8.6438059424097,6.5,3.0
2025-02-23 16:45:00,297.8943984908202,10.335939619110068,43.61819376639211,45.78406847656827,368.97413030185726,41.962528138839716,97.44844316994357,1.0,1.0,1.0,57.53433075099886,6.5,3.0
2025-02-23 17:00:00,421.3287623625833,77.4978967283964,89.89092215327906,15.723421599616405,191.74221038570272,39.83608484058592,82.19346495833572,1.0,0.0,1.0,11.24802403193339,9.0,3.0
2025-02-23 17:15:00,416.7696694621689,0.7780318743440762,33.07186753993633,27.934048345916363,204.55035022539306,21.665702899466698,93.81164606139797,0.0,1.0,1.0,56.14360295708121,9.0,3.0
2025-02-23 17:30:00,412.02519710660664,24.668959593142848,63.94596828843851,26.66978600669221,198.50248288649698,3.152863985045107,5.164532845792536,1.0,0.0,0.0,41.468114787468025,9.0,3.0
2025-02-23 17:45:00,461.8863710686412,17.99569661104724,40.679180488489585,89.27473161214317,208.4449565024072,10.723574863066343,42.800758778349255,1.0,0.0,1.0,16.884233849952857,9.0,3.0
2025-02-23 18:00:00,446.4067678244124,40.24593633635006,66.54439551680974,54.2578513265144,0.0,99.29184744139246,61.17563001947042,1.0,0.0,1.0,34.9308917744699,9.0,3.0
2025-02-23 18:15:00,447.40487792703914,92.00862462822252,15.893127856899259,89.18280586495199,0.0,43.08119327321677,27.698738297031344,0.0,1.0,0.0,6.716790698998853,9.0,3.0
2025-02-23 18:30:00,444.96136267724347,7.760434148232198,71.28485092045904,75.61760361360527,0.0,6.826842685057732,97.36409194892471,0.0,0.0,1.0,8.16836889528173,9.0,3.0
2025-02-23 18:45:00,438.8569915713051,97.86147495529993,34.83925124260385,46.89405744323447,0.0,97.24307512601791,91.95961755893178,1.0,1.0,0.0,25.250334747696012,9.0,3.0
2025-02-23 19:00:00,405.6351898499378,24.817149803453308,90.88776148030607,66.01055254590159,0.0,4.285353152085836,53.74187028411955,1.0,1.0,1.0,20.227261148490115,9.0,3.0
2025-02-23 19:15:00,423.29937853620766,14.323371057382705,3.943128175203059,27.44107799745278,0.0,50.15309295256445,27.61469601563178,0.0,1.0,0.0,2.605345191011088,9.0,3.0
2025-02-23 19:30:00,412.1112159049075,7.4749555667723016,67.18416092690266,70.09849941009679,0.0,52.067454491080355,4.612451304221333,0.0,1.0,0.0,77.03907064314704,9.0,3.0
2025-02-23 19:45:00,408.8142157089469,42.58761394679029,51.448966902620164,95.39320173449345,0.0,0.353703763303026,63.83699098340323,1.0,1.0,0.0,0.1196393659791739,9.0,3.0
2025-02-23 20:00:00,445.1355757989488,28.020459755750572,85.92254534010823,2.268292744731204,0.0,33.126169438133836,50.00704135386669,0.0,1.0,0.0,23.242282254565396,9.0,3.0
2025-02-23 20:15:00,427.56916372161857,96.0643310697753,12.96907131264442,10.732891629533158,0.0,9.261342767803438,61.6083220411208,1.0,0.0,1.0,93.9131999631106,9.0,3.0
2025-02-23 20:30:00,454.14262844063165,76.72320470844653,81.69916184211081,37.93682518611733,0.0,25.05440384372757,97.94916214456812,0.0,0.0,0.0,38.0649874776285,9.0,3.0
2025-02-23 20:45:00,440.69263203880087,42.490032256289055,64.81806100055769,45.16793534989636,0.0,42.17900238369911,7.233594193408921,1.0,0.0,1.0,74.08399430519142,9.0,3.0
2025-02-23 21:00:00,227.87191780937985,98.07419480467603,24.984764753358558,90.79519836971821,0.0,33.354508267463764,41.96221551191146,1.0,1.0,0.0,15.938184030863155,9.0,3.0
2025-02-23 21:15:00,219.18046416594242,50.66353199942307,39.78928752347001,26.363027201239376,0.0,21.401149915185247,30.84565833784927,1.0,1.0,0.0,80.42948524018735,9.0,3.0
2025-02-23 21:30:00,232.02930972604432,93.55490795309962,16.258385763464677,30.947763156735885,0.0,17.80929925830571,14.109269355627784,0.0,0.0,0.0,29.49117111736027,9.0,3.0
2025-02-23 21:45:00,229.59830829863336,5.388817634639331,24.683701887653275,68.32154742534013,0.0,83.20340276649304,37.729446699734616,0.0,0.0,0.0,78.74138589286844,9.0,3.0
2025-02-23 22:00:00,257.10278862440157,83.13144629127498,45.5159562400151,21.37917165796709,0.0,86.66673810258231,26.885830935051768,0.0,0.0,1.0,76.24096715401903,6.5,3.0
2025-02-23 22:15:00,251.2092560109927,62.07583027963399,34.231412854271326,61.13993106345108,0.0,29.847177499908295,71.0164653022754,0.0,0.0,1.0,19.577592707965685,6.5,3.0
2025-02-23 22:30:00,258.04054552491124,94.28148037649939,92.80558860126357,72.95623438160284,0.0,55.13868953240972,33.566231725006425,1.0,1.0,0.0,40.860991929687394,6.5,3.0
2025-02-23 22:45:00,239.8374098396946,27.408993688261486,68.84442246447917,8.87750932368866,0.0,51.21650984611893,72.49690899009975,1.0,0.0,0.0,6.37043304097793,6.5,3.0
2025-02-23 23:00:00,289.7626223604497,76.6906581716274,79.47919995487526,58.55317167606121,0.0,84.41674384369942,74.75736962418841,1.0,0.0,1.0,9.57231741349267,6.5,3.0
2025-02-23 23:15:00,297.40846194299695,43.15905851909119,88.09223909443911,79.36602781858328,0.0,85.54905847140053,66.81953152945303,0.0,1.0,1.0,56.8284129922762,6.5,3.0
2025-02-23 23:30:00,271.7408858361022,48.865128145092186,83.76546342706632,95.02468617604956,0.0,65.74298435919758,41.23150340884669,0.0,0.0,1.0,59.0510810767634,6.5,3.0
2025-02-23 23:45:00,276.188029860451,54.2253976724479,84.33056611901188,51.20004070941923,0.0,0.13295050615113047,68.80544672762358,0.0,0.0,0.0,0.30561909605820725,6.5,3.0
2025-02-24 00:00:00,287.64380121155017,82.21914981859638,68.67626405142143,37.68359625004529,0.0,57.45213309151951,57.79622714499866,0.0,1.0,1.0,38.9689524292826,6.5,3.0
2025-02-24 00:15:00,304.68969892963554,34.686146724640444,94.89971035839375,42.950729646319004,0.0,49.653254621127566,45.17991610950541,1.0,0.0,1.0,19.36565163754117,6.5,3.0
2025-02-24 00:30:00,305.6810606463675,2.7798782267526523,41.974025987925856,80.0464400790931,0.0,57.50215211951101,59.823171784042906,0.0,1.0,0.0,43.156784477342,6.5,3.0
2025-02-24 00:45:00,308.615439212447,45.511402701296035,63.92200351421484,61.56786737357789,0.0,38.86930446064832,56.62833372544913,1.0,1.0,0.0,90.37587329884302,6.5,3.0
2025-02-24 01:00:00,292.78210669694437,66.7755177049883,97.15461329889618,90.17372120371861,0.0,45.73212533320725,0.5332427868363965,0.0,1.0,0.0,70.32625160478565,6.5,3.0
2025-02-24 01:15:00,302.3480420451014,88.4069694488423,97.17044716467113,52.46791340472635,0.0,53.14631831713852,35.90876644930348,1.0,0.0,0.0,27.711512958623786,6.5,3.0
2025-02-24 01:30:00,302.8051653663829,99.96634346725696,71.16527780672864,53.43319068967202,0.0,46.87527485130539,41.17711527063304,0.0,1.0,1.0,90.12498336608495,6.5,3.0
2025-02-24 01:45:00,261.8846858915713,25.513081166498175,28.346447689088194,45.69134269697812,0.0,19.020215800167005,50.634212401013976,1.0,1.0,0.0,14.071100918430579,6.5,3.0
2025-02-24 02:00:00,269.8389879834191,81.3626659991535,40.95993281072664,87.0662940860664,0.0,37.4830257994586,67.51970121423645,0.0,1.0,0.0,9.180343600273488,6.5,3.0
2025-02-24 02:15:00,270.72411776226005,60.440114841501504,6.627577104892213,49.89192761800392,0.0,21.67308031622104,56.977672539240054,0.0,0.0,1.0,72.22082216752659,6.5,3.0
2025-02-24 02:30:00,268.86114278525326,95.42479842913393,22.881626858922864,70.18728721488665,0.0,33.804576681885045,92.87731821028055,0.0,1.0,1.0,83.15420682549217,6.5,3.0
2025-02-24 02:45:00,306.93575146906744,20.25203711665946,55.495686838363845,35.27349324808166,0.0,51.658276386367454,23.779834513503516,0.0,1.0,1.0,43.53081653476622,6.5,3.0
2025-02-24 03:00:00,302.1523203853564,25.89601923187046,91.42096398575784,56.23715383057252,0.0,18.629425408836443,95.37017369467303,0.0,1.0,1.0,96.19011357567406,6.5,3.0
2025-02-24 03:15:00,301.4235660342732,73.40849410401864,48.160082955233484,88.6722020014654,0.0,10.205378789090581,7.888850295486039,0.0,1.0,0.0,5.191862167788209,6.5,3.0
2025-02-24 03:30:00,298.67942126625445,56.82925386440939,16.911562091475083,10.009793940759536,0.0,35.68141690787687,85.90028218175408,1.0,0.0,1.0,73.90886543267601,6.5,3.0
2025-02-24 03:45:00,341.4346923141161,12.81637683211192,99.80752192814913,36.18857475452597,0.0,31.533899289217292,95.51057738304328,0.0,1.0,1.0,24.856698274515608,6.5,3.0
2025-02-24 04:00:00,310.03618611994176,7.227612973998843,7.569442309452801,79.58149217661756,0.0,46.26022211973646,75.06191424677102,0.0,0.0,1.0,36.6494958809929,6.5,3.0
2025-02-24 04:15:00,305.5124519046687,46.038657291418616,28.822933598703983,33.67644504969382,0.0,92.8295525581961,66.69026026419002,0.0,1.0,1.0,89.39532082482998,6.5,3.0
2025-02-24 04:30:00,304.4885685572355,85.71898673586335,45.33158538816062,7.968634632367799,0.0,53.98545246151115,13.184647986360131,1.0,0.0,0.0,24.933171956320244,6.5,3.0
2025-02-24 04:45:00,292.83279341815387,98.5671598732029,17.898742758665477,28.550985189626754,0.0,97.7541765768581,36.16992058348208,1.0,0.0,0.0,5.377458672279589,6.5,3.0
2025-02-24 05:00:00,276.20768889965433,23.122463053844733,22.32819575746544,11.321673411710886,0.0,76.96041760840615,88.83585004009828,1.0,1.0,1.0,15.84002787942701,6.5,3.0
2025-02-24 05:15:00,287.640575823942,77.10982888308939,39.8838400766403,7.402929260501723,0.0,29.741811248799078,11.176636081073655,0.0,1.0,1.0,16.505133582255038,6.5,3.0
2025-02-24 05:30:00,291.77793319900263,23.91691471271339,83.52366182509725,90.50876692276142,0.0,69.93817689129115,82.5464780450916,0.0,0.0,1.0,23.827134995875078,6.5,3.0
2025-02-24 05:45:00,284.893802077401,63.821398801276054,38.48489710286137,84.08755967605455,0.0,80.5253009155427,49.98879786879789,0.0,0.0,0.0,99.12968428110251,6.5,3.0
2025-02-24 06:00:00,473.9025537276067,45.743789346946265,67.30391408280143,70.64075978887246,0.0,16.433857612093504,48.81893617518502,0.0,0.0,1.0,27.788459717546864,6.5,3.0
2025-02-24 06:15:00,485.1014949625333,61.210755358704205,33.61638386564639,11.513857399543149,0.0,60.42372280207427,51.863507289653896,1.0,1.0,1.0,47.926957041212326,6.5,3.0
2025-02-24 06:30:00,479.7127952683787,32.20766792075788,63.63519840200069,94.5724835691708,0.0,9.867327048363162,68.73858865241266,0.0,0.0,0.0,16.829266783187556,6.5,3.0
2025-02-24 06:45:00,507.5231560414811,19.645809601802945,84.72350010734486,11.841406794271803,0.0,25.757412419837213,96.9195495318586,1.0,1.0,1.0,77.44336817981782,6.5,3.0
2025-02-24 07:00:00,459.40645971901256,2.7785328697202183,62.6271190732989,73.24418894962555,195.5380552128414,49.75694712162445,13.86527887286303,1.0,1.0,1.0,97.18191564689508,6.5,3.0
2025-02-24 07:15:00,452.14828432845394,96.96835497390965,70.73919599712988,32.85803136344463,195.9521106232697,36.654824026063324,90.58574579338453,0.0,0.0,1.0,44.60679207912553,6.5,3.0
2025-02-24 07:30:00,477.1309209846397,94.65644597993077,87.36442618720513,56.468552350408,202.96978780639088,27.551192004342127,85.2758697674806,1.0,1.0,1.0,19.288705577584576,6.5,3.0
2025-02-24 07:45:00,432.7143349678938,75.2388396173833,78.60894476925506,11.283355094478974,184.20004635749797,48.903074161600756,60.27438882777043,0.0,1.0,0.0,96.23572348263703,6.5,3.0
2025-02-24 08:00:00,403.54168728745464,43.61821982522633,79.93329487697893,19.163367760136076,382.3437536900148,75.14821107271177,54.29041221393579,1.0,1.0,0.0,40.50452884595931,6.5,3.0
2025-02-24 08:15:00,402.7486604154413,82.62392169797471,77.59990186879288,12.09243183774894,397.88195325029216,72.87843197397753,74.3632277673918,1.0,0.0,0.0,40.59489048298685,6.5,3.0
2025-02-24 08:30:00,409.8337431964303,92.85166424490903,42.083725418636796,3.964540698827135,392.4465570597965,49.53094190467524,29.775160022265602,1.0,1.0,1.0,70.81777423799296,6.5,3.0
2025-02-24 08:45:00,408.71590910067357,7.841632557481571,92.43564141006453,63.691083765770884,377.8077359998965,49.25966663553031,36.15836342366761,1.0,1.0,1.0,70.76914195229544,6.5,3.0
2025-02-24 09:00:00,358.01620079569153,37.724187711103866,22.026674775580247,65.01002218950916,541.3196112085475,14.80805012591797,34.41733283181245,1.0,0.0,0.0,42.198189951224464,6.5,3.0
2025-02-24 09:15:00,353.1100176056683,7.603090393342848,84.54397356953861,14.164478226941736,586.5315948636346,98.28426086199698,32.54501137939238,1.0,1.0,1.0,92.18188726850998,6.5,3.0
2025-02-24 09:30:00,364.88736244378015,43.466883271132176,15.77422468628794,48.534104564120426,565.8184609379649,52.84391118087357,48.15083408869819,1.0,0.0,1.0,44.94036951299441,6.5,3.0
2025-02-24 09:45:00,314.5464191548599,77.28015307580807,20.32542439039916,46.036854116015,552.220332989853,52.79054226946285,4.259822176280769,1.0,0.0,1.0,2.083875427040216,6.5,3.0
2025-02-24 10:00:00,321.95485773693343,15.728778674894839,2.312709595311513,88.92666770381994,608.2599900364331,53.53238256541234,89.01595315634391,0.0,1.0,1.0,89.89502025866001,6.5,3.0
2025-02-24 10:15:00,326.37642504126615,33.561553465754876,74.23208489846431,88.7705934339246,616.9617534103871,19.807448047779154,94.9825582616651,1.0,0.0,0.0,89.49948522143444,6.5,3.0
2025-02-24 10:30:00,324.30790474017334,84.5801196030103,81.24495482710223,80.10123071659054,602.0121980883218,61.05352358945685,79.3463195725473,0.0,0.0,1.0,62.78713511961625,6.5,3.0
2025-02-24 10:45:00,332.22081248162704,55.99622993596495,39.41720374596282,41.12884288835732,579.3160584648581,15.781857608332938,71.27631326365578,1.0,0.0,0.0,46.69997027306106,6.5,3.0
2025-02-24 11:00:00,292.3929609679027,36.998719556924634,59.990630258374324,6.115849288831154,434.9891362662307,35.67752284473057,65.11635452873503,0.0,1.0,1.0,40.207116956660336,6.5,3.0
2025-02-24 11:15:00,287.1410037470593,1.2348810159838242,91.74355024468281,45.2223982248275,426.44777761973677,16.505585392930875,16.901166208404806,1.0,1.0,0.0,85.98423504186896,6.5,3.0
2025-02-24 11:30:00,276.4157543969358,4.005252203342524,4.29060806358299,81.9690099882127,434.9100384832744,16.66800325831945,64.09101571836695,1.0,1.0,1.0,72.48389838284012,6.5,3.0
2025-02-24 11:45:00,305.5402808881022,92.11753398867879,29.897496803690892,75.64222544752585,490.9230476307582,17.225411025995086,97.79823166519179,1.0,0.0,1.0,53.10646267599387,6.5,3.0
2025-02-24 12:00:00,266.710944735705,41.21341338181399,31.05970928295173,64.02942901475237,413.15648905811565,76.8431778861409,13.281673324264332,0.0,0.0,0.0,27.344691785237963,6.5,3.0
2025-02-24 12:15:00,253.70334953937044,34.627134326564416,23.831217392501912,34.85923244292132,421.8471899919883,56.71305639209917,99.03828661504383,0.0,0.0,0.0,15.712379378805885,6.5,3.0
2025-02-24 12:30:00,247.72925319497983,23.950013043142317,21.184640295133295,79.65486358391864,424.2363120624485,9.972170474784193,36.22494061593221,0.0,1.0,1.0,10.487809172904416,6.5,3.0
2025-02-24 12:45:00,265.4464525299446,70.87927959235955,0.20291456781569295,71.26026600131271,417.5000088874474,34.98745009443,55.51406500428266,1.0,0.0,0.0,60.7769561513692,6.5,3.0
2025-02-24 13:00:00,252.59651766584716,96.32391205616932,78.49086967059469,45.28261054253401,379.2639624889992,0.9195017619812007,53.588262826767895,0.0,1.0,0.0,23.89720081646811,6.5,3.0
2025-02-24 13:15:00,246.62182264453287,40.75918788755577,74.3338442140436,14.910795412265564,386.1699061498178,38.498445525021985,97.60953842614364,0.0,0.0,0.0,33.41764945997109,6.5,3.0
2025-02-24 13:30:00,264.95931762943826,62.390881034864165,81.90334702376335,16.48960261467152,383.57252756291956,66.62511097956805,43.188653363785434,0.0,1.0,1.0,31.118480096057233,6.5,3.0
2025-02-24 13:45:00,263.1523420601816,77.98940834926995,5.448682298000918,4.089128943689612,430.3736037982635,74.29275973727333,60.843421423384456,1.0,1.0,1.0,47.04283131297281,6.5,3.0
2025-02-24 14:00:00,261.22829976455216,16.405595926538286,86.6578656468294,38.816980658037245,458.46721678313287,52.24083337371811,78.90127901313488,0.0,0.0,1.0,11.60539999913558,6.5,3.0
2025-02-24 14:15:00,240.03380868598316,79.70283949222119,51.449140894058374,75.34778418542703,498.836552645529,33.901885596691315,25.756704658479237,1.0,0.0,0.0,41.85604401143065,6.5,3.0
2025-02-24 14:30:00,240.81095784145245,15.583680651226716,0.4889993893333333,37.40014380316284,463.69463848084786,69.13319310050538,77.02922750288073,0.0,0.0,0.0,60.399754985950025,6.5,3.0
2025-02-24 14:45:00,258.4669337080122,85.36357217782135,55.41372595810537,21.61107406846794,493.8315920904902,84.24842829946557,19.48713785015811,0.0,1.0,1.0,10.162137554090956,6.5,3.0
2025-02-24 15:00:00,272.13838960456286,58.943719035974304,4.057502842163951,31.934824072806766,525.9025468713392,54.763681008177535,75.42163245919649,0.0,1.0,1.0,85.98513135138586,6.5,3.0
2025-02-24 15:15:00,267.3579667057291,69.61550927198691,18.823746762519733,75.81731112652466,524.151376823686,17.83263429315206,48.46045698992503,1.0,1.0,0.0,1.1310884569572743,6.5,3.0
2025-02-24 15:30:00,276.85884313741616,64.39052632798412,55.53724680601053,77.49259061556673,506.22716316636297,7.70909313292486,65.84251102964281,0.0,1.0,0.0,51.95785127130883,6.5,3.0
2025-02-24 15:45:00,250.46480055229176,65.26846274933825,14.220513354325092,28.48519072215615,552.2889131386121,19.709090903779646,1.496309297457088,0.0,1.0,0.0,98.28427334483757,6.5,3.0
2025-02-24 16:00:00,346.66060299959844,98.02208169709468,66.59439158677417,14.678950318100792,400.90608675651856,99.057670346282,14.134641326950991,0.0,0.0,1.0,58.4058510178545,6.5,3.0
2025-02-24 16:15:00,360.2520558986758,11.064470853005382,60.25777437849244,22.79657605413643,393.05067705456906,85.18278195849062,60.236616236376626,1.0,1.0,1.0,51.72548259301123,6.5,3.0
2025-02-24 16:30:00,329.8335483277715,59.390740756021806,3.492480830060707,37.272373720766296,396.8770529086383,39.14284004254305,88.5683979023198,1.0,0.0,1.0,59.393933320658746,6.5,3.0
2025-02-24 16:45:00,335.8637927739542,33.59101591464031,41.31048741209682,71.60131925082668,378.0661832802741,62.32744598209303,66.95908040867286,0.0,1.0,0.0,52.24466919380624,6.5,3.0
2025-02-24 17:00:00,490.19621521181347,80.66973491921462,62.54027852762483,15.961132423830527,213.47936793680364,90.13545755525736,68.35642352266451,1.0,1.0,1.0,85.0464777239537,9.0,3.0
2025-02-24 17:15:00,499.6458383082896,87.56353456313735,43.08377346080366,77.72981873091642,212.3636178289483,22.694768660614884,51.55313379802047,0.0,0.0,0.0,56.51968986664997,9.0,3.0
2025-02-24 17:30:00,483.60962301874997,64.87252555121597,1.0167169832214773,35.77137223942445,219.27894899329374,87.20327935935939,66.53378721083948,1.0,1.0,0.0,23.7150797887153,9.0,3.0
2025-02-24 17:45:00,441.60832346114694,0.48860281438968256,56.425447165595656,70.91319486804866,200.22806524095438,79.59939887327897,54.641713754590796,0.0,0.0,1.0,30.86473384008517,9.0,3.0
2025-02-24 18:00:00,460.41035357552425,43.19325518327025,68.83237919427948,87.7834406902197,0.0,38.95654496196518,57.08077476115033,0.0,0.0,0.0,58.93887897007295,9.0,3.0
2025-02-24 18:15:00,459.441315446263,9.973712178129757,39.18886947547274,68.83184619156322,0.0,47.54227970766954,71.88934801752531,1.0,1.0,1.0,33.82724788121225,9.0,3.0
2025-02-24 18:30:00,437.7528383780118,77.06443387268499,16.925341248189373,2.0211888344188744,0.0,8.489299510930447,85.10757018324956,1.0,1.0,0.0,40.530724455679724,9.0,3.0
2025-02-24 18:45:00,477.3954926002009,29.810537939012228,47.02547847401798,32.104623339073946,0.0,15.968319927201103,60.022981141023294,1.0,1.0,1.0,75.99541417267123,9.0,3.0
2025-02-24 19:00:00,472.5050559412381,27.80027341061375,32.254005851795675,29.408785218111465,0.0,57.38002870140615,5.838437295673482,1.0,0.0,1.0,17.282405591008075,9.0,3.0
2025-02-24 19:15:00,499.43901238345245,61.54505198730229,68.18889309794642,34.21108794576661,0.0,79.55090624482666,82.78115195581715,1.0,0.0,1.0,14.283633476274193,9.0,3.0
2025-02-24 19:30:00,512.3891957961514,59.071404817996545,22.082450307978263,14.763930281547033,0.0,49.5010097948926,46.31474264816606,1.0,0.0,1.0,23.68028096629726,9.0,3.0
2025-02-24 19:45:00,472.216735879158,47.63949438262487,78.3887395666505,62.10032161068181,0.0,86.3651138602501,65.62827381575845,0.0,0.0,0.0,60.20394077140134,9.0,3.0
2025-02-24 20:00:00,445.8180481618561,36.35466939617332,66.02225655187173,27.37159099836989,0.0,77.72952653790225,98.80284623748261,0.0,1.0,0.0,9.934516327157372,9.0,3.0
2025-02-24 20:15:00,447.28253617492095,32.41102993930236,86.0217818788309,65.21595277399513,0.0,46.4526598693938,29.544880346410064,1.0,0.0,0.0,71.82220623105088,9.0,3.0
2025-02-24 20:30:00,437.5582438916012,68.13063293966508,40.948088032198996,14.97210910748098,0.0,84.38110934496244,46.32362113267434,1.0,0.0,0.0,13.721391528825922,9.0,3.0
2025-02-24 20:45:00,510.5911717716217,26.3417781654669,41.57031584395149,9.616900100923065,0.0,69.53794980912855,80.70616533851572,1.0,0.0,0.0,63.605324740379956,9.0,3.0
2025-02-24 21:00:00,251.51318849585152,34.59677630419272,92.85883521045399,52.276539508905216,0.0,55.11469138396189,98.05290138478668,1.0,1.0,0.0,42.82339096794694,9.0,3.0
2025-02-24 21:15:00,253.70161889027443,76.74416092816881,11.451594502005701,99.99416111379831,0.0,37.44064195162306,59.39999437348617,0.0,1.0,0.0,40.80761503045905,9.0,3.0
2025-02-24 21:30:00,273.8555092073599,29.1902081039626,75.28822857504773,55.51407282027555,0.0,29.279434462413633,22.75947140137958,1.0,0.0,0.0,0.39975009403115935,9.0,3.0
2025-02-24 21:45:00,276.9296834065142,32.379600484973594,28.370454354061923,6.131021237356293,0.0,55.46583470659966,64.54178040138935,1.0,0.0,0.0,21.498084766898597,9.0,3.0
2025-02-24 22:00:00,288.01196692386526,61.98200315284221,42.44554744316768,89.6313176475794,0.0,73.66655104387554,79.29483220435858,1.0,0.0,1.0,69.07773790922471,6.5,3.0
2025-02-24 22:15:00,279.3735841419006,1.9614525487162693,92.80375764533709,7.193760067445698,0.0,18.58761554645595,25.087189473046422,1.0,0.0,0.0,17.609945348419743,6.5,3.0
2025-02-24 22:30:00,278.63530442353624,37.729171881550506,60.095322210465284,72.7160546907281,0.0,37.03632779690281,82.05519171711715,0.0,1.0,0.0,15.518058831115,6.5,3.0
2025-02-24 22:45:00,303.0891445106978,13.733934770692846,46.54395072567146,58.91181675709928,0.0,69.28346173293018,93.3950146364794,1.0,1.0,1.0,52.00910237545104,6.5,3.0
2025-02-24 23:00:00,260.80594040483254,86.34871384755539,7.467179215459785,39.61348575683042,0.0,50.65692079428423,65.01422684497989,1.0,0.0,1.0,3.935801549650586,6.5,3.0
2025-02-24 23:15:00,257.7451999652198,70.36294446129335,18.42393746382549,52.92360164089017,0.0,30.668587035978177,71.46262512797809,0.0,0.0,1.0,44.73459547746398,6.5,3.0
2025-02-24 23:30:00,240.95590716638662,91.63425331921783,64.37914790475355,35.031279498202416,0.0,15.323547882467603,14.273562564280917,0.0,0.0,1.0,94.9971346262102,6.5,3.0
2025-02-24 23:45:00,250.3729524635611,21.609736738872833,67.3375144848539,22.24061765331954,0.0,71.70286508721613,52.564222325683495,0.0,1.0,0.0,62.59388502112061,6.5,3.0
2025-02-25 00:00:00,258.5877453920383,83.8009863828797,96.42335558383873,89.77598739487028,0.0,46.56797823711538,89.62283588583244,1.0,0.0,1.0,0.8027220034297344,6.5,3.0
2025-02-25 00:15:00,254.38028427966856,64.9681674253514,79.24641945558517,43.129247080040045,0.0,33.38070370383301,94.42263743995885,0.0,1.0,0.0,34.86286208389794,6.5,3.0
2025-02-25 00:30:00,269.0319283627003,57.840095835094,96.49838668531322,71.91593468099975,0.0,34.128339039526686,73.09591908534709,0.0,1.0,1.0,53.58672752577402,6.5,3.0
2025-02-25 00:45:00,285.5900419655927,4.769086252896814,8.233634425850866,5.554085705680423,0.0,65.85258583730791,7.505382433921737,0.0,1.0,1.0,28.066598749631545,6.5,3.0
2025-02-25 01:00:00,292.1972809402666,41.523188718670966,0.2050315087846477,71.60292610462436,0.0,62.341114827913735,14.176616334799796,0.0,0.0,1.0,18.968536639537213,6.5,3.0
2025-02-25 01:15:00,313.0035797696464,55.8883071800198,60.283446428177626,77.40470132756198,0.0,75.13915869383439,96.87126961003828,1.0,0.0,0.0,3.0968107390278554,6.5,3.0
2025-02-25 01:30:00,300.53023657793364,68.79876592382864,10.396863172262105,51.63674518996779,0.0,2.7940188648870268,0.5309536849199104,1.0,1.0,1.0,77.54205575214748,6.5,3.0
2025-02-25 01:45:00,311.4689027121533,64.12037112340124,15.94469178466743,54.09723579040207,0.0,24.184254093743807,38.06061305828443,1.0,0.0,1.0,98.23803396922668,6.5,3.0
2025-02-25 02:00:00,307.85813494080924,96.6077582575416,81.48724146978135,81.69443137213922,0.0,42.68802151868718,79.28095741502318,1.0,1.0,1.0,13.30999972688498,6.5,3.0
2025-02-25 02:15:00,311.23824190111804,61.07900785550861,16.867554684475017,88.61442207515032,0.0,36.58570074696242,72.10421763808168,1.0,0.0,1.0,29.33255956687316,6.5,3.0
2025-02-25 02:30:00,322.2180220010695,69.14899424200172,22.501280622231846,22.47678452672506,0.0,92.58721904631938,76.06065368938314,1.0,1.0,1.0,9.08217456386845,6.5,3.0
2025-02-25 02:45:00,309.9056011570033,94.04343858560097,86.6121890657699,86.86004046450672,0.0,35.69241807683596,4.613834295319863,1.0,0.0,1.0,28.816340558666198,6.5,3.0
2025-02-25 03:00:00,246.70706704536104,99.9270130361492,51.54241663694492,33.364816089915685,0.0,71.8586795717971,78.60773288110711,1.0,0.0,0.0,64.68550368216192,6.5,3.0
2025-02-25 03:15:00,249.4278951628551,2.1243875242533905,41.756146921576956,47.76659238742007,0.0,53.409941051929266,97.26008843357945,1.0,1.0,0.0,17.297328580573733,6.5,3.0
2025-02-25 03:30:00,245.38578356755468,78.28865405554875,41.18798503790171,99.24822428173381,0.0,37.688367972537065,64.00185223069215,0.0,0.0,0.0,20.248992352305773,6.5,3.0
2025-02-25 03:45:00,282.7192542242292,67.67483960374221,94.53316925177889,73.96474648002268,0.0,83.05527349704988,45.753158596589415,0.0,1.0,0.0,45.43338579659218,6.5,3.0
2025-02-25 04:00:00,302.8312765163164,29.506841421093753,32.62913420305452,95.13675060603249,0.0,91.89184405201163,67.02691167162533,0.0,1.0,1.0,7.41955763879012,6.5,3.0
2025-02-25 04:15:00,307.45686846197356,70.32990137962886,1.4394184499342155,32.17235735996321,0.0,7.661055520610138,99.06135200559952,1.0,1.0,1.0,61.988123522938984,6.5,3.0
2025-02-25 04:30:00,310.2351849514562,8.62423072902596,33.71295127777303,24.168672505300435,0.0,72.9577428772717,74.46732975084751,1.0,1.0,0.0,39.6316401909406,6.5,3.0
2025-02-25 04:45:00,344.0966700702538,6.721769494753316,42.27056077935237,17.879026427369915,0.0,40.43545886367879,99.61660404160948,0.0,0.0,0.0,2.3243849260814797,6.5,3.0
2025-02-25 05:00:00,319.95133823021865,50.730429128101115,94.78785502485863,15.8986918911451,0.0,57.45972407458952,73.34206025129481,1.0,1.0,0.0,4.582048012390672,6.5,3.0
2025-02-25 05:15:00,299.22436894190224,55.429450536222625,37.531311916824485,82.44661466038636,0.0,50.31277822847259,25.025387906644458,1.0,0.0,0.0,4.5489821745557375,6.5,3.0
2025-02-25 05:30:00,302.5957671094912,81.15406736050915,10.565629126217345,18.510500873539083,0.0,96.71344095404957,35.455086558099424,0.0,0.0,1.0,56.77839019667501,6.5,3.0
2025-02-25 05:45:00,317.488525718388,31.760232425943926,57.873602490766864,91.24584262488051,0.0,24.82126501294517,42.48880273903873,1.0,1.0,0.0,15.896118146468696,6.5,3.0
2025-02-25 06:00:00,473.393523938284,26.729797079879468,31.52134825361761,99.41868944275964,0.0,74.14806479480401,35.76402137395842,0.0,0.0,0.0,82.16969635738101,6.5,3.0
2025-02-25 06:15:00,486.25318864600246,8.680668818807103,56.22812925530415,77.53332083724915,0.0,26.33581241020584,35.643476214188496,1.0,1.0,1.0,69.32223127439596,6.5,3.0
2025-02-25 06:30:00,502.40009975152975,47.073277085503854,93.71256846399247,63.14021285120328,0.0,19.407934185509212,74.71471855717364,0.0,1.0,1.0,36.17651120536631,6.5,3.0
2025-02-25 06:45:00,472.79318766418373,67.76985082757102,66.43272399049567,17.808397486311613,0.0,4.5577912831620715,51.23207560586355,0.0,1.0,0.0,15.665025317668702,6.5,3.0
2025-02-25 07:00:00,452.6420759273204,33.80680056411388,80.229698307432,88.92902548208438,228.14324538682658,84.3892124606368,92.68317379509364,0.0,1.0,0.0,68.46409034535142,6.5,3.0
2025-02-25 07:15:00,436.2493992131767,74.37015570801732,92.30793054655298,53.74165769673006,233.61394802660323,62.5191328827523,72.25582243382124,0.0,1.0,1.0,41.0087481515925,6.5,3.0
2025-02-25 07:30:00,460.1134460210179,20.373664107174417,79.10792839809659,79.70911129764919,224.3454954930885,19.284636807086507,73.15264709075842,1.0,1.0,0.0,93.64314233809891,6.5,3.0
2025-02-25 07:45:00,413.54507883848487,59.20512922339704,80.71679373837898,70.13285949958583,215.7373110934817,10.833751123241553,95.11014709792995,1.0,1.0,0.0,90.2796273065019,6.5,3.0
2025-02-25 08:00:00,379.03493964716404,88.00457012205702,74.647421587356,12.595520714245879,354.30758941711804,36.56556805194698,99.49072521234694,0.0,1.0,1.0,5.198517733648855,6.5,3.0
2025-02-25 08:15:00,390.52302298829517,80.12024525346597,55.815101368117446,49.4791450924303,331.2561861684455,42.27364174924503,35.97604973113455,1.0,1.0,0.0,27.417171316201316,6.5,3.0
2025-02-25 08:30:00,398.6706047910267,56.018288528433345,59.484216545402354,58.0229706803342,356.2547290656556,2.0886403558733724,36.633727276609044,0.0,0.0,1.0,32.81418590327839,6.5,3.0
2025-02-25 08:45:00,382.03143257351417,27.942561267208134,38.83792644113314,31.686411910712266,315.67149534878104,21.219858998694374,78.90226961818114,1.0,0.0,0.0,13.490225031125036,6.5,3.0
2025-02-25 09:00:00,433.9702903395214,49.4984076292485,22.34040827988759,41.54171621095605,532.7994089600284,35.856720262395704,18.028947034702348,0.0,1.0,0.0,2.536837157724936,6.5,3.0
2025-02-25 09:15:00,407.6956724527906,64.81034711717211,32.63434272491433,83.40761159135829,506.0443526406201,15.092994299039141,81.71722484422796,0.0,0.0,0.0,52.060224842298695,6.5,3.0
2025-02-25 09:30:00,411.6391188631196,11.02108764329527,12.533167543809576,55.075139891998994,509.3381880042699,0.923606980880376,28.90407807750196,1.0,1.0,0.0,30.37825225075871,6.5,3.0
2025-02-25 09:45:00,424.6149183445684,3.6389633640794616,81.63632094498259,19.497251327451593,555.7180503950817,83.30199415591395,2.3971103200427724,0.0,0.0,1.0,67.58528156256244,6.5,3.0
2025-02-25 10:00:00,404.3065932465432,77.89126282450168,10.59861842822617,81.19633457064131,559.3482030876418,33.802439133273985,79.31235965216784,1.0,1.0,0.0,67.94042326898428,6.5,3.0
2025-02-25 10:15:00,404.9525711842719,30.616725747784514,41.20801737764916,33.95334647810364,553.3533287206646,29.501663325631235,94.88467240145782,0.0,1.0,1.0,25.591499011138865,6.5,3.0
2025-02-25 10:30:00,403.9708740423963,66.14953782678353,19.165084735235116,14.975216676081871,531.055469687087,47.22051219871094,94.15856789434058,1.0,1.0,0.0,17.623985541863917,6.5,3.0
2025-02-25 10:45:00,423.21996152678867,9.847925098650933,62.65945789675498,1.704475998725541,575.8529985046068,80.59264601414861,34.19705262063438,1.0,1.0,0.0,21.810974873595256,6.5,3.0
2025-02-25 11:00:00,297.53051631931726,92.81164615940006,17.02470515981781,5.547179446271566,528.0588880901122,23.37041669514702,58.84894206645539,0.0,1.0,0.0,37.89999394917647,6.5,3.0
2025-02-25 11:15:00,302.12341871086124,78.24282326676972,85.29232188707653,23.378658161756537,539.8911461601549,62.918977677423406,39.91934628187735,0.0,1.0,1.0,14.707570850345931,6.5,3.0
2025-02-25 11:30:00,297.3609369909456,3.087122653351926,96.09322941945744,52.56721209848314,511.38028548206904,96.327581398031,13.56698428660642,1.0,0.0,0.0,3.80056795407433,6.5,3.0
2025-02-25 11:45:00,262.88512797887597,54.40088974350537,67.4177868126009,88.72768092621048,480.11968026766385,43.156309032689045,4.152941018140921,0.0,0.0,1.0,99.3099716866008,6.5,3.0
2025-02-25 12:00:00,300.9905830085472,85.00639037339697,71.6752743753423,86.4147221929986,481.5960812162495,68.04898358780066,96.99419477454873,1.0,1.0,0.0,24.176419639534775,6.5,3.0
2025-02-25 12:15:00,276.83257069123823,69.27213139007068,65.86683125373712,25.59023450818023,486.82794840535115,29.926721210076156,52.41507949479727,0.0,0.0,0.0,73.68932646325163,6.5,3.0
2025-02-25 12:30:00,298.28029053473165,52.613713440362694,81.56301701918608,10.78102606356266,471.0250377266932,83.82953257756097,92.65135529327269,0.0,1.0,1.0,20.14169158582726,6.5,3.0
2025-02-25 12:45:00,274.7165557654828,63.561400176125396,70.77912761247937,9.705361928206823,542.9509326517064,38.4617637281217,35.74441036820466,0.0,1.0,1.0,86.39965809744861,6.5,3.0
2025-02-25 13:00:00,280.36061510864045,98.24225650605652,19.351926148178112,35.17128117963283,516.7250608529492,94.40699311075107,67.0254426561093,0.0,1.0,1.0,21.711351567274416,6.5,3.0
2025-02-25 13:15:00,276.35405621028053,51.708993050039275,41.241408220793474,59.43506547601505,497.2010479803677,19.96082677866283,14.197720114887458,0.0,1.0,1.0,28.200199523085434,6.5,3.0
2025-02-25 13:30:00,265.1674501084739,31.727300214759513,7.481637279207465,84.72362099413814,530.0485182305473,69.32254605939723,7.915177124766193,0.0,1.0,0.0,54.90314709517824,6.5,3.0
2025-02-25 13:45:00,280.9278785726051,99.47261745749917,16.18178217033437,28.592471769498662,499.71537293613574,16.61684691534051,88.42115873595,0.0,1.0,0.0,40.15147281694668,6.5,3.0
2025-02-25 14:00:00,255.13394466189925,31.579682222197004,79.26043796503014,98.96628344327928,556.4158777161365,77.17653710816093,60.046404223617124,0.0,0.0,1.0,68.44835068368089,6.5,3.0
2025-02-25 14:15:00,256.8865929304722,8.735477019138383,82.28132347064913,63.669604238903354,554.2005040336437,32.10433923074611,14.328496451014573,0.0,0.0,1.0,33.23658328832615,6.5,3.0
2025-02-25 14:30:00,261.46381431230054,1.6406913292373204,14.788294550983371,49.01118557452926,559.1756191191473,22.69427409684367,46.125289786074156,1.0,1.0,1.0,43.321140494168255,6.5,3.0
2025-02-25 14:45:00,249.90564809532793,56.17425015229751,64.7391734252168,85.61451978253483,492.11799913107234,42.20597181408168,88.99011203232503,0.0,0.0,0.0,3.1001497468845507,6.5,3.0
2025-02-25 15:00:00,254.62016722822784,97.59020932877715,30.380280245000534,83.87290763314509,552.1010868504397,83.84425681688535,89.43042156349885,0.0,0.0,0.0,54.88913318981775,6.5,3.0
2025-02-25 15:15:00,254.37825156288272,86.83358092720074,50.869472602695865,60.3454518396484,533.4359369792409,50.39812838507585,8.363726492947542,0.0,0.0,0.0,60.48092391459367,6.5,3.0
2025-02-25 15:30:00,262.92809852563187,21.968404463897016,28.100859012164847,87.14994295843745,577.1557040054214,72.2518888533137,71.72437421227525,0.0,0.0,1.0,7.6342499367543,6.5,3.0
2025-02-25 15:45:00,298.35348268325754,44.033064811978974,71.99828489909764,89.11542913416586,580.3872721648981,83.96760657848044,31.77115450605269,0.0,1.0,0.0,63.08530130924288,6.5,3.0
2025-02-25 16:00:00,408.8874545287046,12.639052282007201,35.44578264461352,67.64405833556188,407.76575885043417,65.85789074004373,58.325502662235884,1.0,1.0,1.0,62.632791882917424,6.5,3.0
2025-02-25 16:15:00,405.6744624148768,81.77158180821561,3.3548282900137116,83.06521947273119,428.81635669204957,44.47269893600036,15.592472532065294,1.0,0.0,1.0,5.403995376140303,6.5,3.0
2025-02-25 16:30:00,406.75746743226017,33.418625829463046,96.4174963128447,71.9923070299847,392.98647383542993,93.83228953576838,85.22066044273552,1.0,0.0,1.0,25.136244629074277,6.5,3.0
2025-02-25 16:45:00,353.4206156241585,84.90663651157372,24.680753939075917,54.44457549439019,415.42141062208634,48.034086633859694,57.127659071962846,0.0,1.0,1.0,13.694322266324422,6.5,3.0
2025-02-25 17:00:00,453.7067202401251,21.32057065630717,44.376919068886146,51.057593246799996,189.61095402380764,95.4808281664153,93.25072882846762,0.0,0.0,1.0,70.32023351184787,9.0,3.0
2025-02-25 17:15:00,482.62950470825376,26.086938805491712,14.477509187672233,6.7973740066728405,186.54472861976126,20.62889063546406,28.708667402829736,1.0,1.0,1.0,18.663444871028723,9.0,3.0
2025-02-25 17:30:00,455.327967892982,68.21249287893342,14.263797227660246,47.76123414208077,195.2190367127593,55.55606242133469,28.005910479849973,1.0,1.0,0.0,11.826671710350222,9.0,3.0
2025-02-25 17:45:00,485.4158071586389,3.2250202284807017,20.486451461793408,82.89196385391114,175.7352806436719,22.50144213293951,95.0091449196201,0.0,0.0,1.0,82.51364459379461,9.0,3.0
2025-02-25 18:00:00,508.889195585697,78.8688462714445,75.46434104723672,86.9078141913298,0.0,30.63486330437718,72.33161940091,0.0,1.0,1.0,4.774347567507209,9.0,3.0
2025-02-25 18:15:00,503.39043484031635,46.90650971729355,81.17913453988437,57.0726622371049,0.0,44.77067242191233,35.300309115774475,0.0,1.0,0.0,66.27223880935036,9.0,3.0
2025-02-25 18:30:00,495.41422503285014,31.564282586194793,97.19863774242725,8.709410379621751,0.0,90.9494306438691,60.67401422445522,1.0,1.0,1.0,19.571741783859142,9.0,3.0
2025-02-25 18:45:00,440.27614454113655,49.80026170330108,66.10483948252039,59.36897924138369,0.0,13.75985679793752,72.96755540874204,0.0,0.0,0.0,55.012091939180166,9.0,3.0
2025-02-25 19:00:00,465.62273846988643,13.81439010995934,95.16946195555072,41.69185953902722,0.0,26.900933284809845,31.71672437719659,0.0,0.0,1.0,97.1005939364331,9.0,3.0
2025-02-25 19:15:00,465.0049778271306,4.77296768924943,25.233035383684943,37.30153237974104,0.0,71.63951781432631,55.487139069880165,0.0,0.0,0.0,11.636257357511571,9.0,3.0
2025-02-25 19:30:00,474.940332327993,38.69070493290858,63.08726833467495,45.624112065492994,0.0,68.07994414209804,67.8896236012246,0.0,1.0,1.0,4.229261330196243,9.0,3.0
2025-02-25 19:45:00,510.36195137499,19.56463842594114,37.56819961550298,46.314288551577306,0.0,20.55423141096092,38.38620434563399,0.0,0.0,0.0,36.88871487159125,9.0,3.0
2025-02-25 20:00:00,475.5049658988722,2.7676121138613397,11.133233155923039,73.50214853851195,0.0,33.27824749065702,96.64603830580107,1.0,0.0,0.0,90.5943565424305,9.0,3.0
2025-02-25 20:15:00,494.06081078067876,54.436808394108596,74.05788777891695,19.47316675000654,0.0,80.47747930472799,93.4912424022963,0.0,0.0,0.0,35.374478306097124,9.0,3.0
2025-02-25 20:30:00,475.65042079936217,68.4965145511107,85.90866621444164,97.69945492336954,0.0,64.1704241017789,15.82465449602568,0.0,0.0,0.0,79.85122862330356,9.0,3.0
2025-02-25 20:45:00,480.13380252108686,82.5389973963915,90.79103412461855,49.85996875160428,0.0,50.86141384093181,4.3571870664214085,0.0,1.0,0.0,46.40838994032017,9.0,3.0
2025-02-25 21:00:00,277.1599678252834,73.83498206413609,73.22496947089861,11.691310805165623,0.0,80.15064661119753,72.7067812965888,0.0,0.0,1.0,66.07552056805335,9.0,3.0
2025-02-25 21:15:00,290.12611511190124,53.98717855010472,2.378753481884577,35.9992578190122,0.0,11.898317151618498,96.0222269853379,0.0,0.0,1.0,51.431050760568844,9.0,3.0
2025-02-25 21:30:00,265.1214981833007,78.33372193268954,89.60846347204003,91.49557587507024,0.0,31.566079339689512,3.0685889082435414,1.0,0.0,0.0,28.152254478359907,9.0,3.0
2025-02-25 21:45:00,273.58241887951476,4.176845129501916,8.2878438643879,36.4567118832414,0.0,32.956400954144826,42.43632540845779,1.0,1.0,1.0,57.67797677788401,9.0,3.0
2025-02-25 22:00:00,290.7381921806658,0.35185399399070283,77.90036510230853,36.077746813590764,0.0,46.238750157253115,33.362433201711525,1.0,1.0,0.0,47.75004883268647,6.5,3.0
2025-02-25 22:15:00,304.33557231609575,79.8529109875093,14.09485267899525,92.27116816265341,0.0,22.538413245938504,94.54047186073954,0.0,0.0,0.0,47.141867287537394,6.5,3.0
2025-02-25 22:30:00,314.73988175123645,24.498791833182132,63.906493916156506,26.615914179761326,0.0,47.09755933779316,39.5972289633472,0.0,1.0,0.0,64.60310142564086,6.5,3.0
2025-02-25 22:45:00,294.0363537520019,61.40066603033382,37.5732803918637,36.14298012165212,0.0,19.897074970720986,43.46437286191107,1.0,1.0,0.0,73.64920466303944,6.5,3.0
2025-02-25 23:00:00,293.47287834249846,47.23155298145437,84.55931418967756,54.37440343913259,0.0,24.370662781420272,25.222958172756428,1.0,0.0,0.0,91.16503172649725,6.5,3.0
2025-02-25 23:15:00,293.21377774714523,28.630795459624093,4.9715974452076095,21.256377006848727,0.0,5.340027505960398,95.95311002644075,0.0,1.0,0.0,5.381785334059607,6.5,3.0
2025-02-25 23:30:00,318.5481217610422,41.841006974434556,18.24727469380224,65.496132593177,0.0,56.46085567841108,61.43243641451368,0.0,1.0,1.0,24.082424306551708,6.5,3.0
2025-02-25 23:45:00,325.8852221493139,39.99091795940715,64.28853271999223,28.850198537413295,0.0,16.9576027743075,62.20400092132664,0.0,1.0,1.0,31.67001898239834,6.5,3.0
2025-02-26 00:00:00,336.37476349029134,57.97491359033098,48.055036759253596,28.850040310590007,0.0,20.51020325989994,72.90993575949534,1.0,1.0,0.0,86.13541970679867,6.5,3.0
2025-02-26 00:15:00,309.56821800223594,41.06163044684639,11.322811902820728,84.0356890666467,0.0,87.83428747501644,33.123111013594254,0.0,1.0,0.0,77.02168130918203,6.5,3.0
2025-02-26 00:30:00,336.2157124999836,87.34809806181786,20.53814091313927,92.26961685576559,0.0,80.10571209001913,87.91366484020166,1.0,1.0,1.0,83.69813430590224,6.5,3.0
2025-02-26 00:45:00,317.3113060074892,45.129087406661796,43.49666667174701,90.13262536333325,0.0,3.9155812411988844,49.08689308081148,1.0,1.0,0.0,29.47849435597558,6.5,3.0
2025-02-26 01:00:00,281.16163327126276,69.89956495925304,4.085982527207266,83.43405992401627,0.0,14.347612768476036,9.080985074938031,0.0,0.0,0.0,74.2329743209007,6.5,3.0
2025-02-26 01:15:00,295.43971524639574,30.003711827546976,12.396322860782117,23.105766715061282,0.0,34.013597678273364,45.82240699319813,1.0,1.0,0.0,74.73881190404221,6.5,3.0
2025-02-26 01:30:00,291.7288911360948,61.87772240546946,60.14620570240099,82.33783505478046,0.0,49.880468675824865,20.29361158784656,0.0,1.0,0.0,31.385863441486737,6.5,3.0
2025-02-26 01:45:00,279.4097603462467,48.696252112749505,65.16952021229582,65.74777162158709,0.0,72.6015374386716,78.80401481509473,0.0,1.0,1.0,84.62084048224754,6.5,3.0
2025-02-26 02:00:00,261.08248446896874,17.40996389513777,44.251050188400754,54.61694345254875,0.0,34.98762594027678,97.84033151013446,0.0,0.0,0.0,68.17026203717631,6.5,3.0
2025-02-26 02:15:00,242.36618151432373,34.5804086035217,67.18791731923281,2.075960407370636,0.0,61.37594488214499,39.8052238746447,0.0,1.0,0.0,80.59463166029767,6.5,3.0
2025-02-26 02:30:00,259.8185404646371,38.38840118760983,46.268388878211965,98.08363472565073,0.0,70.62860464756547,20.465470563633247,0.0,0.0,1.0,53.377482374938054,6.5,3.0
2025-02-26 02:45:00,255.12279355207045,44.83467044551841,69.07156860984247,47.846390114649104,0.0,66.60312447631468,90.69603841887496,0.0,1.0,0.0,53.703128366937456,6.5,3.0
2025-02-26 03:00:00,280.9791468213414,40.34494731951006,86.62983006553702,79.05581173829427,0.0,36.842015249126014,17.55109550913634,1.0,0.0,0.0,21.4910846024157,6.5,3.0
2025-02-26 03:15:00,306.58320559659563,97.51340167224154,16.337012166593368,17.48055328691437,0.0,11.967461038605387,92.82593129419868,1.0,0.0,0.0,22.91900362559074,6.5,3.0
2025-02-26 03:30:00,289.93451013599594,13.018581055764589,24.114411570203455,98.78689904468962,0.0,89.29263084673008,18.97236983992109,1.0,1.0,0.0,47.01488183943924,6.5,3.0
2025-02-26 03:45:00,301.26313744606705,85.53228210397319,22.389837237267297,60.91081117956012,0.0,86.8514121744019,15.943855929908302,1.0,0.0,0.0,79.04320718044394,6.5,3.0
2025-02-26 04:00:00,269.02250557173625,1.820884006704926,46.3438609919814,90.57739141219238,0.0,39.65048670247619,33.143474160326626,0.0,0.0,0.0,92.5636268371354,6.5,3.0
2025-02-26 04:15:00,271.80598515036485,98.70113675082428,59.70497719725579,80.20712975083441,0.0,62.86591617801483,70.31322449213098,0.0,0.0,1.0,17.039767467153077,6.5,3.0
2025-02-26 04:30:00,264.5047468026664,53.99207688893727,57.86014475873187,36.660775211636334,0.0,87.75392856626867,10.734174097685267,1.0,1.0,0.0,99.75198316883338,6.5,3.0
2025-02-26 04:45:00,230.37676247523245,73.31570128752705,79.84535581307294,12.413054004811663,0.0,3.361572199231677,4.618550645413,0.0,0.0,0.0,3.165510450445841,6.5,3.0
2025-02-26 05:00:00,272.9090450492381,59.897602997531784,81.77755718592994,84.22899294044991,0.0,76.56996647439966,68.63432555287055,1.0,1.0,1.0,98.66301894711661,6.5,3.0
2025-02-26 05:15:00,261.39661713496446,82.48963330915649,18.616196336832346,49.79385676266842,0.0,17.080198351508592,90.23836195663971,1.0,0.0,1.0,33.87829186010015,6.5,3.0
2025-02-26 05:30:00,276.125093824519,24.04054393033307,81.7509444708368,37.0079559444183,0.0,86.76343447156488,67.24805755242238,0.0,1.0,1.0,58.42583960391883,6.5,3.0
2025-02-26 05:45:00,262.9992439912785,40.908663996692496,14.101006177728737,7.127401143825995,0.0,60.21326355254683,1.584306518186518,1.0,1.0,1.0,24.947018744473446,6.5,3.0
2025-02-26 06:00:00,434.3867723868688,43.0182180458229,90.18773418822128,81.7997855597029,0.0,77.53301489105115,66.63618293434466,0.0,1.0,1.0,7.625774655789408,6.5,3.0
2025-02-26 06:15:00,435.73428755885516,52.90186254595771,77.81028770906853,68.84346198099718,0.0,96.14935688573219,4.3290907516310035,1.0,0.0,1.0,0.6048350242766287,6.5,3.0
2025-02-26 06:30:00,418.54080602351286,83.77000142404066,42.67149192817944,23.116560001275566,0.0,67.0794939223327,34.377893510479126,1.0,1.0,0.0,31.316098059582032,6.5,3.0
2025-02-26 06:45:00,375.72813403076316,1.8688118436787193,7.5314098164686705,42.78098796188713,0.0,66.67713385095446,31.716620553836826,1.0,0.0,1.0,6.174664748313196,6.5,3.0
2025-02-26 07:00:00,390.44962088752663,86.37818129214384,30.691645387161103,46.91897261027083,206.00211571736213,78.07613135668446,76.62583156442395,1.0,0.0,1.0,35.22804827096021,6.5,3.0
2025-02-26 07:15:00,379.3407069637618,48.87760820003646,77.89411786407571,77.57625862913441,210.81459179108273,60.73850210917756,43.34877668435795,1.0,0.0,0.0,34.81936091659329,6.5,3.0
2025-02-26 07:30:00,390.0611406880661,8.017994600608546,7.36944496629749,56.58697291071163,207.18596729257993,67.86590992210452,84.8844088633302,0.0,0.0,1.0,20.80120468657787,6.5,3.0
2025-02-26 07:45:00,423.0285314606456,82.64181069241387,63.20344994200043,70.16485396540997,234.55732519897515,36.814621068121625,21.308236089238473,0.0,1.0,0.0,83.92243740113105,6.5,3.0
2025-02-26 08:00:00,439.79663115463063,64.41733229729428,2.5275800680164107,64.98536527495673,216.23375025319862,50.334658352340014,69.04271599091109,0.0,0.0,0.0,29.9408460920778,6.5,3.0
2025-02-26 08:15:00,474.624970760101,34.51947401235369,17.791841464706472,67.56609784493367,219.4010315069917,10.29992676975937,44.93037882246955,0.0,1.0,0.0,42.735684263444064,6.5,3.0
2025-02-26 08:30:00,453.89886400733684,4.221784862136413,11.161337124984605,43.430038709796705,221.2150596487106,23.12032382610123,98.43127518052167,1.0,1.0,0.0,49.84053796305909,6.5,3.0
2025-02-26 08:45:00,478.4295340779315,50.62963586414575,95.06111710646908,59.13583183233426,200.06015859109903,63.553865602462935,33.312132694929154,1.0,1.0,1.0,4.217256341251108,6.5,3.0
2025-02-26 09:00:00,363.5969901650892,89.07862469130161,78.90694331897191,22.728934182290583,535.9810910173856,32.874668567305434,68.61759362965971,1.0,0.0,1.0,35.06589487311972,6.5,3.0
2025-02-26 09:15:00,379.9541629741627,35.08837587521542,3.6656037703174715,63.71648718381131,514.6482081758257,41.75728182961613,94.28377233216074,0.0,0.0,1.0,82.32461336150105,6.5,3.0
2025-02-26 09:30:00,385.7172037223392,87.54598759688513,67.01415910262504,68.64812555868045,508.7428482789705,65.44616211525256,27.76970881195434,1.0,1.0,1.0,59.49185277747072,6.5,3.0
2025-02-26 09:45:00,394.2016431384088,42.22923204452721,38.194672741396296,4.017683477200363,509.15785252781825,70.17466697765762,86.40467602107138,1.0,0.0,0.0,60.14081759259204,6.5,3.0
2025-02-26 10:00:00,375.32702643491353,67.24260405289388,42.092924245255546,56.7540677512328,564.0653063678129,96.83791661238125,23.943054589030087,0.0,0.0,0.0,50.30798826234205,6.5,3.0
2025-02-26 10:15:00,361.52367220724034,11.505568205257354,68.57644542138117,15.345235996989304,562.7898578946707,18.377860724466476,7.521353030076739,0.0,1.0,0.0,8.760843936527262,6.5,3.0
2025-02-26 10:30:00,380.1667396728775,89.90373612675342,50.39156375453313,70.80869954677138,544.4461898845349,12.613213404545654,31.258657842296035,1.0,1.0,0.0,88.10715374418396,6.5,3.0
2025-02-26 10:45:00,356.8225616849684,30.32544205684723,7.514677224646748,67.15283566314962,615.5386458529815,31.65896875039249,82.43177169817855,1.0,0.0,0.0,98.89591218367293,6.5,3.0
2025-02-26 11:00:00,292.5091802701332,44.822596951617946,12.832335429114561,78.6004226935828,443.05562666951846,41.33952280432197,61.61099391248355,1.0,0.0,1.0,79.76512012494548,6.5,3.0
2025-02-26 11:15:00,292.95392134630015,43.65288662818555,20.86097424058896,42.378866255949674,417.7334410763174,91.27168071477463,54.129292087272674,1.0,1.0,0.0,23.177151866673473,6.5,3.0
2025-02-26 11:30:00,290.9869066206043,51.84711682373501,77.11221463844727,4.715645333480023,438.2211796752165,61.31753736602013,38.49409413453119,0.0,0.0,1.0,62.061117092909925,6.5,3.0
2025-02-26 11:45:00,259.3799917629624,35.38703888421478,68.29460040625611,67.0391913049572,439.2997525789476,20.529394927054224,19.610934681322757,1.0,1.0,0.0,66.7629175136509,6.5,3.0
2025-02-26 12:00:00,304.0927520639719,42.51593053774446,50.78114940895379,80.52165975552381,504.5347923586352,37.34659435246134,7.483695671303437,1.0,0.0,1.0,83.5066694374066,6.5,3.0
2025-02-26 12:15:00,288.25004559885804,66.97007240242215,7.087920888026044,20.15258585750608,481.5746446773323,94.5978707861467,59.58209351038614,1.0,0.0,1.0,97.99536011250325,6.5,3.0
2025-02-26 12:30:00,304.3193636705956,97.35928949559064,44.96283864290665,97.43162120668313,464.5531390300052,63.10482362586573,62.44905785772625,0.0,0.0,0.0,41.030085156287065,6.5,3.0
2025-02-26 12:45:00,299.4878386665746,13.9564086617181,12.218944449519519,61.67321655167609,495.5274239340274,14.434924253333136,90.45038467664695,0.0,0.0,0.0,6.332874131099652,6.5,3.0
2025-02-26 13:00:00,253.6564375721318,47.88675484649202,45.08198547645874,60.573873849289484,441.2235172806242,80.25535907798681,41.62431070381366,0.0,1.0,1.0,49.288635556766394,6.5,3.0
2025-02-26 13:15:00,267.6830668854498,57.887017854497145,29.050866810409527,67.99144369216835,456.13806019790485,24.2510602789472,43.57637798287893,0.0,0.0,1.0,30.444815515210077,6.5,3.0
2025-02-26 13:30:00,259.51823245624604,53.71546110898967,85.09764044410329,36.50618723516058,416.5653132608013,17.158812445120585,16.61774305556841,1.0,0.0,0.0,36.124166159224394,6.5,3.0
2025-02-26 13:45:00,263.1422630861723,95.91601755330858,61.440631549581404,79.37341196294982,425.08310926066974,36.30398718537079,30.899462896179518,0.0,1.0,0.0,58.13193972773666,6.5,3.0
2025-02-26 14:00:00,256.3722887232256,3.5634419464892875,92.08265279359661,16.04001890054669,438.6297027832289,15.787993088373941,19.608847395908036,0.0,1.0,0.0,40.20190728868723,6.5,3.0
2025-02-26 14:15:00,265.0162942604212,77.94278208690231,1.5669579667210276,27.288926326023887,419.01840424585674,46.39013885410318,4.794891304672477,0.0,0.0,1.0,49.68814072641031,6.5,3.0
2025-02-26 14:30:00,264.3974979402882,82.23659455739094,70.21866566765432,55.81016371204212,457.4095954361372,30.778812323809824,95.74143035053592,0.0,1.0,0.0,45.75957007476008,6.5,3.0
2025-02-26 14:45:00,258.60391907606515,97.98172531980165,74.31971485012235,82.1752648633679,433.85229753477734,67.78734090549248,2.7469559716182923,0.0,0.0,1.0,7.281231039499369,6.5,3.0
2025-02-26 15:00:00,284.7067087121767,64.58267986868523,66.77096044111707,99.89703642766814,573.3625853078244,28.343428862250953,21.43876078984439,0.0,1.0,0.0,93.60338553080746,6.5,3.0
2025-02-26 15:15:00,296.8694529166428,84.30872409323439,75.15117559492553,6.0325269540962845,538.3028343256209,35.03887337335618,43.93761289619539,0.0,1.0,1.0,2.5618582549112645,6.5,3.0
2025-02-26 15:30:00,277.0399768007755,6.290871242475637,32.698625563504194,47.466533939194875,534.3002145802589,41.78070840887148,68.13289587271738,1.0,0.0,1.0,31.29342960259024,6.5,3.0
2025-02-26 15:45:00,306.66386157040506,61.36794925588723,13.484750005215762,13.97000420743929,567.9043657862958,82.27607976305123,51.74740044620082,1.0,0.0,1.0,82.61473423755875,6.5,3.0
2025-02-26 16:00:00,383.6438499835926,98.69349783915055,57.437276996455545,94.86866518712915,366.46688209026496,97.09279412703911,74.20774202018059,0.0,1.0,1.0,25.536928264132353,6.5,3.0
2025-02-26 16:15:00,380.5586052000749,21.83670748763663,34.49050894880541,77.3701248677852,349.0512488274159,75.94016123695856,50.116234997351775,0.0,0.0,1.0,2.094340759437663,6.5,3.0
2025-02-26 16:30:00,398.61117738876874,71.84798225471941,26.820888364303375,44.2152746843348,367.9660853959095,24.37064089826524,15.428154916874215,1.0,0.0,1.0,94.33315806426916,6.5,3.0
2025-02-26 16:45:00,397.1163674275638,73.49640054991768,90.92988395284127,42.23276561253383,373.7557836864096,31.76700258788965,84.4615464812713,1.0,0.0,0.0,99.5073277763327,6.5,3.0
2025-02-26 17:00:00,464.46334068683893,66.80931348156491,10.282328236387961,29.8507363850388,205.92946010313318,55.112829594717475,3.888789660635694,0.0,1.0,0.0,20.109632899821396,9.0,3.0
2025-02-26 17:15:00,438.4949907617614,35.05182287885255,70.98900508628573,5.30154676297212,193.88172115576464,24.429498115632263,18.283832199533055,0.0,0.0,1.0,63.98737482908318,9.0,3.0
2025-02-26 17:30:00,463.28713572816196,55.65204818151733,75.67812399549933,69.58879743126546,212.12213371305987,50.07017064129856,98.75979533624847,0.0,1.0,1.0,5.102858302835012,9.0,3.0
2025-02-26 17:45:00,442.8845328232378,72.58556291790275,79.95073351567964,68.57068785294499,200.77668502804238,97.93937518290998,9.341414113474766,0.0,1.0,0.0,45.690508071296165,9.0,3.0
2025-02-26 18:00:00,449.4779998024496,86.6286045308644,88.66264999883987,23.90188005092,0.0,1.530088044351774,3.7793414360459576,1.0,0.0,0.0,28.837994175565886,9.0,3.0
2025-02-26 18:15:00,467.861524412795,5.518786401233211,22.200143178992437,57.314686992155,0.0,56.30294081717423,7.784017518584607,0.0,1.0,0.0,75.80604949962066,9.0,3.0
2025-02-26 18:30:00,455.5768718386859,43.49696171734622,11.957523200197507,27.55849049150536,0.0,68.64782768771194,15.409211903905828,1.0,1.0,1.0,97.46240718655265,9.0,3.0
2025-02-26 18:45:00,514.7336039460695,73.29717836255378,35.43475021790818,38.6538828290778,0.0,12.475936248554031,72.87878858848312,0.0,0.0,1.0,44.65237619924386,9.0,3.0
2025-02-26 19:00:00,485.93390163373476,65.75203951499871,95.94747848423178,25.74553662849006,0.0,97.39804777410819,32.444039274358424,1.0,0.0,1.0,16.176723216249933,9.0,3.0
2025-02-26 19:15:00,463.1585780074302,50.442026116499285,54.68986064376371,40.81023402552433,0.0,51.48347315928095,27.62279528968554,0.0,1.0,1.0,30.289986350058474,9.0,3.0
2025-02-26 19:30:00,475.121795250498,40.82727823327449,11.577526384878144,57.05281882121467,0.0,61.94983433376895,41.80352482722376,1.0,1.0,0.0,72.46182401764617,9.0,3.0
2025-02-26 19:45:00,493.34572510833686,96.61761487912212,87.75665557749738,1.7748200306824224,0.0,45.66350651273059,31.133339415782814,0.0,1.0,1.0,17.35229411887238,9.0,3.0
2025-02-26 20:00:00,460.01269733166885,36.86386577337597,34.12949043767767,67.52141202738208,0.0,36.124090654781405,42.46048010153647,1.0,0.0,0.0,1.5453441634012188,9.0,3.0
2025-02-26 20:15:00,454.24911280053806,23.064969573767403,69.93813768683364,96.21832029688908,0.0,69.03064001207069,79.6052941577962,0.0,1.0,1.0,29.508466837219384,9.0,3.0
2025-02-26 20:30:00,458.20569026947226,40.62852330273961,54.53090336802505,38.45913845765027,0.0,78.52298952268805,92.98886724489725,1.0,1.0,0.0,98.8135095261552,9.0,3.0
2025-02-26 20:45:00,474.042499598321,5.9696112114688615,13.27153536694724,55.85607343085339,0.0,57.052040790790045,38.73096076565624,0.0,1.0,0.0,98.7328435168641,9.0,3.0
2025-02-26 21:00:00,253.2710314235343,69.2500470531342,91.42098888969458,28.76991253139799,0.0,5.715253423511124,92.33854058795126,1.0,1.0,1.0,77.38597148535646,9.0,3.0
2025-02-26 21:15:00,254.64334679105366,7.892477360460992,54.749163469542204,96.7244298952622,0.0,8.26882977764194,8.606260805263355,1.0,0.0,1.0,42.83444213544022,9.0,3.0
2025-02-26 21:30:00,255.53289005844277,87.76828091586385,88.90939742136725,18.168878324681636,0.0,84.04700926650645,83.76729996795405,0.0,0.0,0.0,86.19137578737714,9.0,3.0
2025-02-26 21:45:00,255.81273172696933,79.97209268071404,0.7257388716094715,63.873100168893295,0.0,65.893318412016,45.64608711857944,0.0,0.0,0.0,93.63134823102638,9.0,3.0
2025-02-26 22:00:00,304.9423257359933,29.469582829086217,62.335563014424785,89.67764462267893,0.0,15.392156011068636,87.00544067593438,1.0,0.0,0.0,63.4097402186307,6.5,3.0
2025-02-26 22:15:00,292.41680044497866,26.354633521280324,95.73998986601589,91.32274394800459,0.0,15.557552053125834,10.011649748630802,0.0,0.0,1.0,37.81968403723578,6.5,3.0
2025-02-26 22:30:00,302.2855026516146,58.03393256357655,31.514943891351944,72.3838385363476,0.0,45.30191462205272,81.34853311315926,0.0,1.0,1.0,38.12644348506537,6.5,3.0
2025-02-26 22:45:00,330.6053711674134,18.494884164576007,71.48257768511894,2.7300411094007604,0.0,70.62236053726302,84.38699539504782,0.0,0.0,1.0,65.30546274154416,6.5,3.0
2025-02-26 23:00:00,269.66624062352514,92.81298368773548,91.28983156023264,2.975637604259318,0.0,25.12146013234816,95.42974354074086,0.0,1.0,1.0,52.7382967247196,6.5,3.0
2025-02-26 23:15:00,278.15500217726634,62.39090064498938,26.486464145024613,75.884670682374,0.0,84.06421155133177,63.923809739744506,1.0,0.0,1.0,78.59601956456747,6.5,3.0
2025-02-26 23:30:00,269.68060886846536,18.62280389422526,35.70799979604659,8.525392718831027,0.0,35.37506345826142,3.8386557041460434,1.0,1.0,1.0,92.93290846456355,6.5,3.0
2025-02-26 23:45:00,295.4381483307433,35.30941504853252,67.79493864703994,52.1195322192072,0.0,57.39474052752407,75.131998211055,1.0,1.0,0.0,72.865876024205,6.5,3.0
2025-02-27 00:00:00,281.70616830876736,82.11530840704904,9.967266740833914,33.40188885383595,0.0,37.57027148988216,73.21748747965943,1.0,0.0,0.0,58.131832113039536,6.5,3.0
2025-02-27 00:15:00,285.77316272718974,68.34134497210256,57.12749960821324,18.929358848175305,0.0,6.918344826554035,2.178360801164192,0.0,1.0,0.0,90.83424822670044,6.5,3.0
2025-02-27 00:30:00,286.99471068939556,83.25502550044514,12.240326578016669,19.020551067019532,0.0,38.585604175885116,80.16496013444008,1.0,0.0,0.0,10.324005683006487,6.5,3.0
2025-02-27 00:45:00,259.5959582746473,55.39665043140437,87.15437755651142,9.515627028918061,0.0,7.759962131073794,72.41623312129958,0.0,1.0,1.0,49.46336243718578,6.5,3.0
2025-02-27 01:00:00,281.04273313045434,51.9902398078539,93.27272691536174,77.55774101565919,0.0,77.30212704681905,87.89419177685778,0.0,1.0,1.0,63.67557489393278,6.5,3.0
2025-02-27 01:15:00,273.4527367659732,9.631924584747242,8.953959508460551,64.92506285613871,0.0,98.37803435362909,84.33389610124327,1.0,1.0,1.0,7.442906060631326,6.5,3.0
2025-02-27 01:30:00,272.23224858931684,51.44186271364825,7.117401360550579,51.36607167291661,0.0,89.58686017452845,75.99936029850537,1.0,0.0,0.0,50.80156274289968,6.5,3.0
2025-02-27 01:45:00,302.6722815142557,61.884884116437114,30.079963689528334,40.671666260326866,0.0,52.26406113713919,0.7818254625452603,0.0,1.0,1.0,51.99091429996881,6.5,3.0
2025-02-27 02:00:00,318.86594173668544,86.89260556636434,57.463882715053806,8.32569193652879,0.0,38.73784023686089,44.9107187570252,1.0,1.0,0.0,17.047720672217416,6.5,3.0
2025-02-27 02:15:00,302.5588634688509,91.31576143696452,38.70441383934142,4.387873094259476,0.0,36.95277623378037,46.71716727263679,0.0,1.0,1.0,20.119235021753568,6.5,3.0
2025-02-27 02:30:00,298.72862172313984,37.91411672969139,61.763884916533186,67.38746325799531,0.0,43.49386865477312,90.26826593895696,1.0,0.0,0.0,81.97541200570389,6.5,3.0
2025-02-27 02:45:00,324.35657307132374,45.32144477157139,2.4408224378583476,4.353672645109263,0.0,75.7697328091887,15.906902048060445,0.0,0.0,0.0,73.29102912404534,6.5,3.0
2025-02-27 03:00:00,286.01815022816095,61.91266164857802,24.496104504151884,39.43119635173261,0.0,50.27733746245497,26.457630470769256,1.0,1.0,0.0,7.433916211276037,6.5,3.0
2025-02-27 03:15:00,280.77608861557275,88.40755144627668,58.7079807707223,25.239846737291483,0.0,70.43822190388751,50.40809412319132,0.0,0.0,1.0,33.32887403214501,6.5,3.0
2025-02-27 03:30:00,267.68736347773927,83.61678009939986,72.43325981501705,19.00857262172605,0.0,54.306101911323914,76.03989053049224,0.0,1.0,0.0,90.69710801622718,6.5,3.0
2025-02-27 03:45:00,261.7683976785271,46.3632411829754,40.65622339972755,62.38166724282489,0.0,28.805788110776533,11.745061411595458,1.0,0.0,1.0,38.54023490909436,6.5,3.0
2025-02-27 04:00:00,313.5315407487469,18.989698196354986,31.8462841819649,36.08539805766727,0.0,86.37690349404276,83.99599092226046,0.0,0.0,1.0,46.47978017929974,6.5,3.0
2025-02-27 04:15:00,304.15082844119684,25.116543021885672,49.521576927028185,83.3639055429582,0.0,66.31804684500861,75.55482057569567,1.0,0.0,1.0,99.03175550658449,6.5,3.0
2025-02-27 04:30:00,297.0774810688797,25.507719681818507,44.88887004423563,9.70867846931569,0.0,60.615235060497966,54.17547519244875,0.0,0.0,0.0,44.88526577466446,6.5,3.0
2025-02-27 04:45:00,312.6501497411766,23.13261240053014,81.27156018268575,13.20534501170515,0.0,65.11129209342418,96.43239336646143,0.0,1.0,1.0,54.303645361016315,6.5,3.0
2025-02-27 05:00:00,311.2252021519302,50.451085242481454,7.462873348452225,22.194024375465382,0.0,36.279694440261835,10.851900127449943,0.0,0.0,0.0,66.72009874086868,6.5,3.0
2025-02-27 05:15:00,317.1082518485975,6.742725674111161,2.958208786401284,66.08482195710027,0.0,31.740420651504188,52.27060151062375,1.0,1.0,0.0,28.007601834752837,6.5,3.0
2025-02-27 05:30:00,307.51468497070056,92.55978952439281,87.96554277302472,42.98220937525643,0.0,38.79617722166168,58.47917383168992,1.0,1.0,1.0,77.10074040188863,6.5,3.0
2025-02-27 05:45:00,346.0118610287716,25.41339957141846,98.9945240123852,14.776354032514739,0.0,98.1958933324529,76.31046907351276,1.0,1.0,1.0,31.74185098533823,6.5,3.0
2025-02-27 06:00:00,440.2710910816326,14.831380629321355,15.922385383029681,89.75836114277547,0.0,33.51910660627859,1.902756039742537,1.0,1.0,0.0,26.218633566886062,6.5,3.0
2025-02-27 06:15:00,446.28798680877316,5.606745351594277,31.15427722884486,52.99291114837622,0.0,70.79237771058466,58.07263212235883,0.0,1.0,1.0,20.109880219868216,6.5,3.0
2025-02-27 06:30:00,469.87711729096065,68.46980068474726,80.8213949958303,95.69812877962723,0.0,10.473692821649639,30.017913374756013,1.0,0.0,0.0,63.74523304366725,6.5,3.0
2025-02-27 06:45:00,473.99380481863363,34.56224492674737,63.03474354396714,29.288456641792482,0.0,8.133273788799833,69.74210860571823,0.0,0.0,0.0,81.1796935994604,6.5,3.0
2025-02-27 07:00:00,451.1362575839959,32.18035283450761,67.39047071284952,84.01622539721583,202.04817373369096,84.77222067380345,86.21066237812471,1.0,0.0,0.0,37.83117047844191,6.5,3.0
2025-02-27 07:15:00,449.87276637901687,69.5252532391188,25.623036113002563,30.837270571154786,213.7449231840573,58.62762568595823,39.78344287681907,1.0,0.0,1.0,75.12251440530594,6.5,3.0
2025-02-27 07:30:00,411.03305815828753,77.54389161180384,10.72186649243141,7.510322239681644,208.925391875204,13.511063023922587,76.52999403730081,0.0,0.0,0.0,75.80657480198765,6.5,3.0
2025-02-27 07:45:00,416.90791787869966,77.52532046161846,21.982558876303337,23.33757137483482,204.92151120704773,14.821400296714248,73.87273474333608,0.0,0.0,1.0,6.522993502530239,6.5,3.0
2025-02-27 08:00:00,407.8805566513868,35.640739576623226,98.72955780024314,59.830394838620236,294.52036578665167,77.69350630393271,49.325683127575225,1.0,1.0,1.0,39.374334681678704,6.5,3.0
2025-02-27 08:15:00,395.138069833221,56.89883238470526,76.73470194077335,21.371853586240785,298.9688924257732,6.732071307841759,20.660914199703562,1.0,0.0,1.0,90.49164336714838,6.5,3.0
2025-02-27 08:30:00,429.87229756155784,12.484676061239986,50.6756756341857,75.7587286060253,302.82150137461304,11.116078099249027,78.22012420575945,1.0,1.0,0.0,72.57242034768221,6.5,3.0
2025-02-27 08:45:00,425.96907595383414,11.741094641718085,53.32502397484258,43.38702547938059,282.7292404129621,74.51737110037048,78.98776632228068,1.0,0.0,0.0,68.99783524564633,6.5,3.0
2025-02-27 09:00:00,321.0293415790279,52.52541289204533,5.6865472823251935,36.72891805135523,496.6277820857832,76.65884469289288,17.10400447945043,0.0,0.0,0.0,40.883884171378014,6.5,3.0
2025-02-27 09:15:00,337.5122481986267,7.426486403455057,20.627117279371443,81.56556614443038,526.5669200572187,87.34895073662527,7.941324825904839,1.0,1.0,1.0,29.70248975066894,6.5,3.0
2025-02-27 09:30:00,338.9911016431546,61.64672886474683,91.78066347768372,1.3036272469973298,536.2159564488545,33.54241975157791,83.90011070461784,0.0,0.0,1.0,42.53391012235219,6.5,3.0
2025-02-27 09:45:00,352.00730857919075,7.657956769352303,69.99050066883244,38.47131465383674,491.2093414081435,66.92746791192138,27.720326987997446,1.0,0.0,1.0,55.666948022050114,6.5,3.0
2025-02-27 10:00:00,437.14056214391496,35.581249618650254,70.96113713448729,53.62630412105284,525.6743057133773,67.19794686928675,62.74362271413896,1.0,0.0,0.0,46.53425754336499,6.5,3.0
2025-02-27 10:15:00,435.906644850349,88.4917833978118,92.95361078756974,15.386631615074165,552.8718574079799,50.43806003988642,7.515022390625448,1.0,0.0,1.0,17.85113264420256,6.5,3.0
2025-02-27 10:30:00,416.89352912279253,83.76091231020465,73.33159910464816,69.29266985875023,516.0186484232898,52.45627863391946,7.881938196474669,1.0,0.0,0.0,14.68024835350299,6.5,3.0
2025-02-27 10:45:00,382.33926388294344,56.54133493315112,56.03830624695797,15.705199824349847,567.3851884553528,46.65002455089299,89.20162376458177,1.0,1.0,1.0,22.36263982412654,6.5,3.0
2025-02-27 11:00:00,272.0602257778388,54.40622302754042,73.61697277305244,41.54058997279799,472.55403771018103,95.9029621012209,85.25847607460435,1.0,0.0,0.0,9.203406467717157,6.5,3.0
2025-02-27 11:15:00,275.4204981289119,57.03361662857066,14.445468813640117,23.744646644648938,500.1210048820721,57.686327323959766,95.79551594256954,1.0,1.0,0.0,87.0817276720848,6.5,3.0
2025-02-27 11:30:00,283.87526325691357,66.60736597242345,7.927780752754754,90.00113456517816,488.1786332525291,60.248227764442554,74.07612363882937,0.0,0.0,1.0,5.371049824044382,6.5,3.0
2025-02-27 11:45:00,260.1940128363358,92.0650232539001,87.05338832583604,98.31018626087149,494.52632415521794,30.60954498995422,92.03453736574144,0.0,0.0,1.0,22.22530112425214,6.5,3.0
2025-02-27 12:00:00,245.39830292775986,72.38580333697546,65.46227225720119,58.84561660321077,393.53867366125377,62.21915775751719,1.2290916900896343,1.0,0.0,0.0,27.636808145978154,6.5,3.0
2025-02-27 12:15:00,247.7392384765587,74.54237970687863,90.70138266825525,79.29716484869662,386.3260483168602,32.53808545021033,17.224158844391045,1.0,0.0,0.0,43.208401445080334,6.5,3.0
2025-02-27 12:30:00,248.24896520492376,8.225554042288309,40.574075960078126,34.12387656194722,390.69157067156317,58.21012867825376,33.759485403700204,0.0,1.0,1.0,44.23368623532947,6.5,3.0
2025-02-27 12:45:00,282.3134933907577,85.05739392296817,59.80471625575188,90.15257734854094,400.29370735032285,98.19952777481565,93.93549053491009,0.0,1.0,1.0,80.71204305693558,6.5,3.0
2025-02-27 13:00:00,270.2968419022183,21.792796836244264,17.61446654127502,56.777904974988566,496.4482858398666,67.63604661853859,6.8501608919987245,0.0,1.0,1.0,74.73190007346476,6.5,3.0
2025-02-27 13:15:00,272.1519787070272,18.033334498929253,26.208165418898243,36.31304620391532,488.1402118846648,65.46103748944412,83.90658017604163,1.0,1.0,1.0,40.90777495157221,6.5,3.0
2025-02-27 13:30:00,281.8572191104884,31.704415683189314,1.5466942085044844,6.7471839121576505,487.7557840429239,95.67600782170189,28.5321838426674,0.0,1.0,1.0,70.4181608725329,6.5,3.0
2025-02-27 13:45:00,255.95396028026607,7.5146874266639685,16.080837441325368,43.564851633619654,430.56571823254467,14.141487970627587,33.55625277340947,0.0,0.0,1.0,7.357101048413373,6.5,3.0
2025-02-27 14:00:00,262.9075071287358,6.958192562413357,85.69617249841404,1.7708682738060477,498.4435524969672,1.5072628485060302,50.883049932614256,0.0,1.0,1.0,47.55976878278349,6.5,3.0
2025-02-27 14:15:00,262.6829060477661,80.61268132792098,5.477032860383913,55.77754398217111,467.3002399145297,29.953477122285822,64.65907451247918,0.0,1.0,1.0,1.2014782260504564,6.5,3.0
2025-02-27 14:30:00,246.4263138104683,4.55621368999044,60.73508304897498,54.38254043907326,479.8399415183587,0.8707833706376178,97.7413006281836,1.0,0.0,1.0,84.39638244183323,6.5,3.0
2025-02-27 14:45:00,260.3532730130297,13.153016388539719,14.7396733585623,59.839612923830856,481.46626607014446,58.30056101077504,40.053656320961394,0.0,1.0,0.0,33.10901383177439,6.5,3.0
2025-02-27 15:00:00,256.4055594264065,25.777769640258043,87.4920785002713,38.13005351313292,412.83350364575955,81.2356882493988,31.95749271428767,1.0,0.0,1.0,96.46160781970276,6.5,3.0
2025-02-27 15:15:00,278.07395117350137,70.3058471314722,51.07380150710156,27.803619927285638,437.11919780035515,11.937632426762622,7.056862523872908,0.0,0.0,1.0,35.03391757177372,6.5,3.0
2025-02-27 15:30:00,270.1597528181383,33.183328200971815,36.95912314793727,11.525976237311086,437.4810152107377,87.84003527975479,41.12570784378232,1.0,0.0,1.0,82.20891130704463,6.5,3.0
2025-02-27 15:45:00,261.17073658195386,77.51950502529269,57.002330574245065,81.06908580322508,387.1362833431474,18.998435642731792,12.044679647668556,1.0,0.0,1.0,18.36464823026571,6.5,3.0
2025-02-27 16:00:00,332.15098977113513,51.46830089078356,41.84246258257858,78.72144491763675,355.62287318264583,79.37868111517287,19.234582912066834,1.0,1.0,1.0,66.71200163927263,6.5,3.0
2025-02-27 16:15:00,341.6946610939215,54.608302549903385,71.82870506508777,86.4568022688618,343.1060332408693,69.18336722044026,6.087863494177492,0.0,0.0,1.0,22.488693470457054,6.5,3.0
2025-02-27 16:30:00,317.9327649323915,46.998657984690475,34.484093174411434,77.00901984594691,358.32340446858996,78.85870964007438,9.96752437200169,0.0,1.0,1.0,93.94963443567316,6.5,3.0
2025-02-27 16:45:00,317.9115842025519,99.66999041288437,98.36516683324365,16.56695706282155,312.38768910789486,19.748984760757825,36.01895601845103,0.0,1.0,1.0,40.661522682024945,6.5,3.0
2025-02-27 17:00:00,444.26227877376124,20.52618432984482,84.63331661185855,96.63446295268035,230.13938438111037,83.63416029461418,17.934078696318966,1.0,0.0,0.0,28.267084986051373,9.0,3.0
2025-02-27 17:15:00,448.91995695610194,76.44560011066412,21.377713068067205,70.15028552792236,232.55086659914153,21.021349963175773,1.0041040600645479,0.0,1.0,1.0,42.559789035004,9.0,3.0
2025-02-27 17:30:00,479.1356926812024,83.5275250409694,96.7804567685699,44.604853805584895,217.02242642597633,68.14771412223534,22.31436505672554,1.0,0.0,0.0,22.018470788194357,9.0,3.0
2025-02-27 17:45:00,453.05207158893427,44.772348823997355,76.04563662917676,23.348069136670702,228.37732259377174,91.04812555927909,33.51053829285529,0.0,1.0,0.0,3.0820667355744513,9.0,3.0
2025-02-27 18:00:00,490.8104269763354,82.61712767570569,47.90949211448181,78.98157084641448,0.0,97.26903069622702,64.1393287376146,0.0,0.0,0.0,68.64761566799147,9.0,3.0
2025-02-27 18:15:00,499.2133776348076,35.322265408634124,52.078376789913946,7.903161941286707,0.0,57.33641392081071,22.50487223233971,1.0,0.0,1.0,90.90246833135583,9.0,3.0
2025-02-27 18:30:00,496.30233277477817,22.879438428263743,59.82398294563392,30.669619462114728,0.0,82.93254881890225,13.603576393301143,1.0,1.0,1.0,53.66304372791465,9.0,3.0
2025-02-27 18:45:00,437.2038626140786,85.45781868053226,65.67553229534018,58.406526994961894,0.0,76.67528161996076,34.23563643915285,1.0,0.0,0.0,60.21274480040311,9.0,3.0
2025-02-27 19:00:00,438.19196548967176,22.109338939872593,7.240696697878568,34.32867647796958,0.0,32.08881621224718,30.99369271405068,0.0,1.0,1.0,96.14104334254355,9.0,3.0
2025-02-27 19:15:00,453.73897582353123,91.63180599571754,92.421314974198,16.004798970869594,0.0,39.65579977838609,9.41563753484762,0.0,1.0,0.0,79.10290364423751,9.0,3.0
2025-02-27 19:30:00,462.4989012672264,75.8828924208743,4.516244147456494,15.524325230116098,0.0,70.45090357020379,46.45825972304384,0.0,1.0,1.0,97.96379850182974,9.0,3.0
2025-02-27 19:45:00,463.26015741957053,31.345544813780602,29.042135065101014,80.94209706027671,0.0,39.86725855603633,53.7914269871305,0.0,1.0,1.0,53.962894643841054,9.0,3.0
2025-02-27 20:00:00,500.16974348052446,84.5085141384649,69.42566974997813,2.834920523710771,0.0,43.77331056509877,19.075159426183653,1.0,0.0,0.0,62.2497085112518,9.0,3.0
2025-02-27 20:15:00,497.6512714786911,48.785495087842435,4.898968992242391,8.47476607883858,0.0,0.6202903917664759,35.63534138132937,1.0,0.0,1.0,94.2884555300644,9.0,3.0
2025-02-27 20:30:00,482.9110113388196,15.479965477526314,62.04055267816256,53.55628255103555,0.0,45.72009390582187,40.11952720892293,0.0,0.0,1.0,91.9716695627919,9.0,3.0
2025-02-27 20:45:00,514.1679737019649,47.403876598899195,33.533912004097225,1.8948634283021293,0.0,78.11723768135803,93.25341519841164,1.0,0.0,1.0,72.93405633233245,9.0,3.0
2025-02-27 21:00:00,257.6084951532735,94.66366247033719,92.94821468276703,93.59610890923369,0.0,50.664797581183166,25.377476996265468,1.0,0.0,1.0,71.10464607653805,9.0,3.0
2025-02-27 21:15:00,256.0763143612405,30.525352924897675,34.35924165015588,67.16548414795955,0.0,46.342572909497115,19.639691264059877,1.0,1.0,0.0,71.803742687984,9.0,3.0
2025-02-27 21:30:00,265.76158333564143,4.3447603987144205,13.76676324131184,57.722589191758175,0.0,18.735545140402643,49.94211476409125,0.0,0.0,1.0,73.22833475831105,9.0,3.0
2025-02-27 21:45:00,281.7536071498446,71.63791183721493,33.36036304610579,47.434907807776796,0.0,81.96999902411466,23.829102925222568,0.0,0.0,0.0,69.48335658694616,9.0,3.0
2025-02-27 22:00:00,310.0593613059348,42.032206590780355,35.100995687073535,22.233632911565195,0.0,63.45880292946742,20.120994980643392,1.0,1.0,0.0,13.859552976989875,6.5,3.0
2025-02-27 22:15:00,298.4586608172562,48.544814196011075,87.60332986973702,4.849272769586221,0.0,78.27679663432872,58.77913182151373,0.0,1.0,1.0,45.45416115248177,6.5,3.0
2025-02-27 22:30:00,300.4403449677628,13.960465399610678,96.53203232095571,16.66297531045745,0.0,95.66489287361361,28.625450579614142,0.0,0.0,0.0,20.35474421399671,6.5,3.0
2025-02-27 22:45:00,277.9616329090462,95.48666014083838,44.95330160632184,8.72213104453402,0.0,93.92123531514429,42.068659900576044,0.0,0.0,1.0,45.3486630803737,6.5,3.0
2025-02-27 23:00:00,272.8171056074892,99.65081112168606,87.03541430090857,72.91387831090431,0.0,24.979868030159512,46.28812019892597,0.0,0.0,1.0,96.32199707752947,6.5,3.0
2025-02-27 23:15:00,280.22368994709166,75.16597182308016,45.838601008153226,83.88875718743715,0.0,71.44948937704756,7.980128987080315,1.0,1.0,0.0,79.46532540170485,6.5,3.0
2025-02-27 23:30:00,281.3693323668878,11.94468406386201,56.403199668528636,82.31604815877557,0.0,49.60746665103154,42.11267619065122,0.0,0.0,1.0,12.548803570892863,6.5,3.0
2025-02-27 23:45:00,291.6198720785312,98.11441650036735,50.88084027121019,1.8199148252006636,0.0,72.75762054019552,4.431967457088659,0.0,1.0,0.0,13.018750726344786,6.5,3.0
2025-02-28 00:00:00,291.676409169367,2.3258138341458623,53.802003247955966,0.47955599378077807,0.0,34.21102859434411,47.760346245133,1.0,0.0,1.0,52.234230585759,6.5,3.0
2025-02-28 00:15:00,286.60225567389597,70.56521789997875,88.16405673675854,8.35373393845995,0.0,55.17620872157977,44.05413777391078,0.0,0.0,1.0,5.823421697097397,6.5,3.0
2025-02-28 00:30:00,283.1741546785959,18.698671153289993,12.567149213295059,18.975157326140046,0.0,82.86644713810989,37.38468722713011,0.0,1.0,1.0,65.59368801322823,6.5,3.0
2025-02-28 00:45:00,253.73718047814123,89.14669712701256,30.66830379344163,86.69530249674884,0.0,69.2303748078735,0.7150402505865294,1.0,0.0,0.0,41.79029328977143,6.5,3.0
2025-02-28 01:00:00,311.54493772741506,10.549310144020774,34.16679230923923,87.36328789745946,0.0,40.03073678963065,30.505988539800168,1.0,1.0,1.0,48.21607980043986,6.5,3.0
2025-02-28 01:15:00,325.2625703507067,80.72776726743042,84.7391421706871,35.904803383605135,0.0,60.127056363499655,62.75347603626729,0.0,1.0,0.0,66.5973847934789,6.5,3.0
2025-02-28 01:30:00,305.26132547054755,28.20513503285118,4.35789894645664,52.46253848631949,0.0,40.72604859713045,45.95009119615672,1.0,1.0,1.0,24.583557023547176,6.5,3.0
2025-02-28 01:45:00,337.3011664513306,50.6205113050856,55.27056787796758,90.82457361543337,0.0,0.8822162831277791,92.0393654419589,0.0,1.0,1.0,32.17823201837843,6.5,3.0
2025-02-28 02:00:00,266.2576148018212,23.743965426272762,86.17061864745565,2.959076754472967,0.0,1.2302612062139229,13.314803120364138,0.0,0.0,1.0,29.661639133065144,6.5,3.0
2025-02-28 02:15:00,259.9993776737772,98.37128733031537,67.79234303182363,99.93784814946873,0.0,25.234499500307273,50.36990817622329,1.0,1.0,1.0,22.870674431435646,6.5,3.0
2025-02-28 02:30:00,267.47908118959253,51.75487279394453,82.48174989001592,54.37758893014076,0.0,7.337054793456543,60.79976375552002,1.0,0.0,0.0,24.82086082132642,6.5,3.0
2025-02-28 02:45:00,251.03392633480905,6.007934680134575,81.31344016748305,91.99120986344693,0.0,82.75806835343536,66.32661391648921,1.0,1.0,0.0,8.024421273224924,6.5,3.0
2025-02-28 03:00:00,309.38206626330685,96.50035556633593,96.34019989696571,27.721712283490398,0.0,19.974175382303116,45.31108594839459,1.0,1.0,1.0,87.7643013469302,6.5,3.0
2025-02-28 03:15:00,324.0903537315845,32.888713981767694,16.814201740462053,88.15840579256782,0.0,28.824449797768647,67.2007043432511,1.0,1.0,1.0,5.198416709098652,6.5,3.0
2025-02-28 03:30:00,327.460791242674,40.82670075621587,73.70754855064219,26.38108817362389,0.0,14.52677491317984,53.800762127729776,1.0,1.0,1.0,64.35660834076072,6.5,3.0
2025-02-28 03:45:00,338.1867887624344,61.064057267090455,8.383345285981791,4.141994177170105,0.0,14.668791832898599,54.852206086474844,1.0,1.0,1.0,34.85663781510353,6.5,3.0
2025-02-28 04:00:00,282.71366813758334,84.25962642778785,33.170313922433245,84.22532204253473,0.0,72.27895834428827,51.9714721912526,1.0,0.0,0.0,87.47196514557783,6.5,3.0
2025-02-28 04:15:00,283.2261526216066,86.67129444518302,11.334045210955946,92.84470726351617,0.0,80.53373337132129,6.1197330142140345,0.0,1.0,0.0,68.09296580137145,6.5,3.0
2025-02-28 04:30:00,287.0164085155436,35.88815958868244,81.81534636976625,83.51077970177347,0.0,69.04803283658943,28.81621345930907,1.0,0.0,1.0,47.0425456184819,6.5,3.0
2025-02-28 04:45:00,260.78377072526644,90.52139056333174,80.59769225573189,88.16018978560123,0.0,2.3590684082180458,86.90682152107696,1.0,0.0,0.0,1.4686685940087263,6.5,3.0
2025-02-28 05:00:00,304.4428031547494,93.79623970897669,78.51820894957683,81.1264169386107,0.0,13.14168926124637,61.37767183724889,1.0,1.0,1.0,72.20721278477558,6.5,3.0
2025-02-28 05:15:00,297.9880073680174,8.811427394618809,1.4020295142176065,53.110961218209376,0.0,15.004034236165376,93.9642278871363,0.0,1.0,0.0,79.60811131845054,6.5,3.0
2025-02-28 05:30:00,295.00674520772367,63.52562781611295,58.19142654229006,54.055475895362434,0.0,23.87695930525371,78.42157694834728,1.0,1.0,0.0,88.48069452039154,6.5,3.0
2025-02-28 05:45:00,297.1924442695097,7.238122102483436,84.6052481359846,22.417881959546303,0.0,1.2295335606980262,94.53454701592653,1.0,0.0,0.0,49.66145910629497,6.5,3.0
2025-02-28 06:00:00,503.1443739369736,24.08763479023569,14.638860822211308,31.650614870823112,0.0,97.775135884404,42.712113949081576,1.0,0.0,0.0,26.10083528666446,6.5,3.0
2025-02-28 06:15:00,499.23261138920617,65.53054621564192,92.96224064200341,84.31334096128936,0.0,81.52449584294001,0.9731040920498035,1.0,1.0,1.0,7.2218032270342185,6.5,3.0
2025-02-28 06:30:00,505.9184321460006,98.17308565080627,48.9972108680058,30.8665197220215,0.0,95.1061031909738,2.2397329386622755,1.0,0.0,0.0,95.34323852949086,6.5,3.0
2025-02-28 06:45:00,475.6545825278197,71.3943835127167,67.59867453276584,34.13003826007939,0.0,68.35086282842359,93.66805542145538,0.0,1.0,1.0,85.31182524262644,6.5,3.0
2025-02-28 07:00:00,424.90686004257714,10.941755508589878,56.475969523749505,92.61297585908562,196.48331457499114,69.21573679332037,81.8260198862033,0.0,1.0,1.0,25.258144186677267,6.5,3.0
2025-02-28 07:15:00,433.12036239027617,19.563088453167953,30.844436086658156,30.260702078825787,193.1343431456441,37.82689695912135,7.849171868279781,0.0,0.0,1.0,48.71525509841381,6.5,3.0
2025-02-28 07:30:00,459.1053743927841,62.33357834131796,7.404083750001734,30.77239880082766,180.87847378893525,48.48899887543339,44.310429582067435,0.0,0.0,0.0,42.24793863140304,6.5,3.0
2025-02-28 07:45:00,466.7774031743627,53.99302677440152,23.69819588356552,15.219407773594174,190.19386849042962,11.718058432688427,84.09392443357008,1.0,1.0,1.0,92.651743934854,6.5,3.0
2025-02-28 08:00:00,430.4369104196659,24.980919557832514,54.92744609120434,33.16472924157811,377.5254518708913,84.84894621952996,92.88941712021418,0.0,0.0,1.0,11.97471180551114,6.5,3.0
2025-02-28 08:15:00,458.7935793751706,70.85586074758452,6.79175579732444,54.20315955211559,379.6592385771042,70.14410598739038,38.97058578779562,0.0,0.0,1.0,9.882931473779843,6.5,3.0
2025-02-28 08:30:00,456.76813106949953,72.61433756373798,60.40304565688981,72.27886002562283,388.9050602601773,8.183633469915929,17.330899718743353,1.0,1.0,1.0,83.00859727478782,6.5,3.0
2025-02-28 08:45:00,420.69137913566396,55.21074026617272,24.32967689080485,19.63749734429402,339.32024929182717,58.86217595062265,89.23971231961401,1.0,1.0,0.0,0.9931662952400333,6.5,3.0
2025-02-28 09:00:00,323.9678186884021,22.19693338995632,90.25844844289048,95.00493164632273,523.1244215259417,23.167293878347508,56.366096699371404,1.0,1.0,0.0,35.08248872909966,6.5,3.0
2025-02-28 09:15:00,323.7702525369473,78.23289296641431,15.386922637324362,7.701933911755521,535.0787292352877,77.56455021117344,98.86249172193612,0.0,1.0,0.0,15.0686358809619,6.5,3.0
2025-02-28 09:30:00,346.98370945002904,27.60166784885465,75.73256620412016,34.82984503708241,542.1036106662901,89.87768218490284,38.85184600862686,0.0,0.0,1.0,33.08137028588371,6.5,3.0
2025-02-28 09:45:00,367.26821932462167,37.17554249751741,26.64072491948064,83.45066862037126,584.1632385724802,63.65130983879275,26.152541334466385,0.0,0.0,0.0,69.1741498489487,6.5,3.0
2025-02-28 10:00:00,316.9660664855184,72.65339901221685,26.83474512394478,84.49503102136227,677.0048113687712,23.216329976463633,96.1149819851792,0.0,1.0,1.0,57.4975179233075,6.5,3.0
2025-02-28 10:15:00,330.58068153780005,82.256701413495,33.81212431014926,64.37402982773878,681.3170864369646,9.081041804678359,44.25945438483938,1.0,0.0,0.0,45.276850589719906,6.5,3.0
2025-02-28 10:30:00,321.9967172782898,70.95689045584763,20.85108054104323,2.7396468392196227,652.6179186479987,27.477638501659573,54.49888840454842,0.0,0.0,0.0,87.72619328829708,6.5,3.0
2025-02-28 10:45:00,344.24653469839166,3.024234079058985,43.029307001604664,39.01527780283899,655.4001835462657,90.37957067302347,7.775868432182287,1.0,0.0,0.0,79.29846542961597,6.5,3.0
2025-02-28 11:00:00,260.35267683082117,81.17074467192101,63.167332284938546,6.969752477600832,547.5740395761406,94.3683503065946,20.25235130109715,0.0,1.0,0.0,11.097665287064872,6.5,3.0
2025-02-28 11:15:00,257.37958466928677,42.59073211207056,16.5051290020094,59.16498059370065,504.5409514472497,42.94192311152856,67.58275865009624,0.0,1.0,0.0,57.46627296950593,6.5,3.0
2025-02-28 11:30:00,253.52562497374532,47.604615997149025,45.87959203294503,1.5402416773424576,497.18301935117177,67.18970295632242,54.46442140060622,0.0,1.0,0.0,7.93847058791437,6.5,3.0
2025-02-28 11:45:00,230.2421135261468,15.733447413843704,5.526367976445079,22.7947370275136,537.251989625438,92.64932416233465,92.9730374227829,1.0,0.0,1.0,30.120820181611784,6.5,3.0
2025-02-28 12:00:00,242.07161703510255,14.033663983216139,6.249896998097315,35.16313948434768,382.76250927847786,90.35711208756632,96.602985466615,0.0,1.0,1.0,87.56999274862306,6.5,3.0
2025-02-28 12:15:00,261.56794659297077,5.410474219607153,39.04631775624621,30.851811884858915,393.7509118891629,7.179680280249601,63.712736449704884,0.0,1.0,1.0,43.254752789310814,6.5,3.0
2025-02-28 12:30:00,257.49854657425533,52.769896980889406,61.87669174087005,86.06726321668518,394.5202144590199,61.04859308725952,11.673881653182406,0.0,0.0,0.0,75.83257675038145,6.5,3.0
2025-02-28 12:45:00,250.86188979767132,60.18993687978055,88.83380202871355,92.27250036739986,383.7763643733392,22.53769421629771,63.89686236651356,0.0,1.0,0.0,82.94282951220812,6.5,3.0
2025-02-28 13:00:00,292.1998712553543,31.54796468266928,24.967326428045446,47.51336209297137,586.5423352521061,73.97779944375651,47.674333015811584,1.0,0.0,0.0,37.24358080895638,6.5,3.0
2025-02-28 13:15:00,280.33678859700984,38.319939972612325,27.37641817573747,99.26406003133312,627.346567274959,35.857645615824374,46.39338938790557,0.0,0.0,1.0,3.703297663481986,6.5,3.0
2025-02-28 13:30:00,289.67514555079754,69.98878339237669,11.781613875473651,76.0071809596949,608.8461358942966,6.954592437287632,29.28236102520627,1.0,1.0,1.0,45.31302954212049,6.5,3.0
2025-02-28 13:45:00,255.41819459683836,36.164765860694835,81.58012704197787,30.028377762986004,577.2549615786381,17.76757080417406,44.12525453624422,1.0,0.0,1.0,32.638101546127196,6.5,3.0
2025-02-28 14:00:00,278.00895079732516,39.821851621024685,6.52237965117336,61.5209024202731,435.5772652606599,77.54319541210279,66.59059908938028,0.0,0.0,0.0,19.16154781402325,6.5,3.0
2025-02-28 14:15:00,274.4584400615357,66.98112479445494,28.748727743293255,82.31179049006853,453.5275519361722,18.902240291078954,96.30374511058687,0.0,0.0,0.0,90.81313527238308,6.5,3.0
2025-02-28 14:30:00,269.8368423784224,80.49541645744773,65.984463233879,28.426029357971082,433.0628757363664,3.8913337341766274,15.886042090293484,0.0,1.0,0.0,50.363870938444386,6.5,3.0
2025-02-28 14:45:00,296.55576676271664,74.6773241582144,16.78302696696058,32.98105707318252,433.7523070668017,72.0121465973003,65.62814077577663,0.0,1.0,1.0,40.668843435628496,6.5,3.0
2025-02-28 15:00:00,305.83738328622997,75.35543557313346,71.34647029456396,16.959486902482666,637.7575664428044,96.92590102803958,86.50271161176704,0.0,1.0,1.0,58.177149623305965,6.5,3.0
2025-02-28 15:15:00,301.0811546885171,14.406990815942189,13.165593118791797,64.10027385472912,614.1663954836572,78.51314979778986,17.654301731570076,0.0,0.0,0.0,96.27916468815944,6.5,3.0
2025-02-28 15:30:00,281.7634008699655,5.818609477581416,75.9039561486384,67.53812372536603,628.4360834367124,85.62293346110584,64.48869002528662,1.0,0.0,0.0,96.43420461867433,6.5,3.0
2025-02-28 15:45:00,287.6980611552875,35.221943882022025,21.83378152579818,26.152653600775967,578.8699546368259,51.02612922897091,74.93608967385065,1.0,1.0,0.0,40.6451238388549,6.5,3.0
2025-02-28 16:00:00,355.7070680160926,90.63895397053517,64.75791339004915,41.63474082919431,248.61574693910666,3.9774877983204338,53.684441128233175,1.0,0.0,1.0,96.13070750496937,6.5,3.0
2025-02-28 16:15:00,348.13807308519245,44.8225735212062,38.45702968147739,37.31490755150922,267.5530651557482,37.14498114995468,66.23144347399297,1.0,0.0,1.0,91.55127313939087,6.5,3.0
2025-02-28 16:30:00,359.82006912654833,38.55355879293684,41.91414325471954,70.06983473992794,262.0970483028462,52.58955739875331,24.130465116930843,1.0,0.0,1.0,81.8514509790281,6.5,3.0
2025-02-28 16:45:00,364.9647897721668,7.210968835025467,8.329170152223409,93.63751246546995,258.92413960229896,85.83432012339041,48.69086735939546,1.0,0.0,1.0,65.75923805506217,6.5,3.0
2025-02-28 17:00:00,436.33274783790347,19.314941407365637,96.01995112632558,66.46954386205448,189.7004911212331,17.518865650189664,42.66323378182943,1.0,0.0,0.0,67.68737642343591,9.0,3.0
2025-02-28 17:15:00,431.24438615386623,1.5392525473704066,30.585012949410174,99.51270792453872,188.37316226811765,38.72441841962038,70.21272980124527,0.0,1.0,1.0,69.69006588099505,9.0,3.0
2025-02-28 17:30:00,432.72714545925146,81.51323944409411,84.027473124316,14.271692323648377,185.60137676600485,18.573334849190303,2.104320152724537,0.0,1.0,1.0,89.86678603248447,9.0,3.0
2025-02-28 17:45:00,501.9357205489789,17.533997524518973,1.0844342850650057,76.71664571027809,210.44496984464445,79.86004148414388,76.21718429614639,1.0,1.0,0.0,92.66958309798004,9.0,3.0
2025-02-28 18:00:00,475.0139455362387,96.39309716089454,8.550585601378124,77.53787074498435,0.0,67.47740738399092,79.1328316376712,1.0,0.0,1.0,24.456360164933365,9.0,3.0
2025-02-28 18:15:00,466.9468313576439,80.01168890267817,5.197418046576818,79.40927032250059,0.0,38.19115324070608,2.8570573483512107,0.0,1.0,1.0,96.75515990931655,9.0,3.0
2025-02-28 18:30:00,513.6810070247014,46.655780771218815,88.99840155105134,38.86819119432373,0.0,13.558119931863477,76.40636141102799,0.0,0.0,0.0,2.807884455218479,9.0,3.0
2025-02-28 18:45:00,507.338216081416,13.08761475928909,95.71862901977653,15.026642085498477,0.0,90.57909127463516,72.78179321698607,0.0,0.0,1.0,8.303623555707574,9.0,3.0
2025-02-28 19:00:00,486.86992922316756,50.14982723445169,38.37601449861351,16.619206522336317,0.0,59.34874605280371,56.285073983071435,0.0,1.0,0.0,41.114930675019835,9.0,3.0
2025-02-28 19:15:00,491.9982833729804,55.56632782586802,54.377611752207336,17.48609480381719,0.0,29.846766487293085,16.255472826681828,1.0,1.0,0.0,41.10457004354006,9.0,3.0
2025-02-28 19:30:00,461.2397203714812,34.9226840552735,88.69350758926436,9.059061365684972,0.0,60.67607341601279,26.693593152117213,1.0,1.0,0.0,8.593987251040748,9.0,3.0
2025-02-28 19:45:00,443.55206703237104,34.946541473920234,79.90613472984778,25.53600926718009,0.0,34.777143200582486,61.284456405654176,0.0,1.0,1.0,21.341485781856374,9.0,3.0
2025-02-28 20:00:00,473.9053241801847,67.95779098525114,48.428616534211876,81.34587404038565,0.0,88.40864311982592,45.654808835908824,1.0,1.0,0.0,55.98604279330716,9.0,3.0
2025-02-28 20:15:00,477.3885104300734,10.68415801938174,91.1304351175254,14.12479664243973,0.0,40.061911415732574,99.15218491577113,1.0,0.0,1.0,61.80639157870479,9.0,3.0
2025-02-28 20:30:00,478.12537475000886,74.02549521813431,53.63567266342315,76.3806508348163,0.0,50.163154844187154,97.4546163005555,1.0,0.0,1.0,15.63540007358979,9.0,3.0
2025-02-28 20:45:00,435.4607906397332,12.30173919033537,51.09670432427124,93.25548348221389,0.0,83.79485948109583,44.28116495692588,1.0,1.0,1.0,87.23325924008346,9.0,3.0
2025-02-28 21:00:00,296.57843235693684,69.06973514967454,62.830599324931605,53.467823259932636,0.0,9.465038807730242,85.30197847217833,1.0,0.0,0.0,26.295342587241432,9.0,3.0
2025-02-28 21:15:00,325.0630440012978,54.67274782110446,38.458165076354604,33.37398699851064,0.0,6.505993087371764,38.14388491249221,0.0,0.0,0.0,87.91141452311831,9.0,3.0
2025-02-28 21:30:00,306.1739876688884,76.35548323776712,44.62003065661955,36.350874302996026,0.0,45.647268112844145,61.71347727672148,0.0,0.0,1.0,97.83879143767184,9.0,3.0
2025-02-28 21:45:00,311.694535972877,34.21002438766892,94.6494171008286,1.768589805186438,0.0,2.712710878122293,69.23881191774109,0.0,1.0,0.0,99.19324586470233,9.0,3.0
2025-02-28 22:00:00,329.74683922141065,17.301154872871372,45.43073445734242,84.97819943264227,0.0,83.33825701760877,18.16816496877125,0.0,1.0,1.0,30.815194162334347,6.5,3.0
2025-02-28 22:15:00,332.77585194745154,30.914205688540576,11.012660840301457,21.365746134837394,0.0,75.67789158216102,49.924627817524744,0.0,1.0,1.0,45.03608082101817,6.5,3.0
2025-02-28 22:30:00,314.90087378621064,74.14649149852318,97.14012342671623,2.3851813772250097,0.0,85.11638484533354,0.5156025177289969,1.0,1.0,1.0,92.18409234716073,6.5,3.0
2025-02-28 22:45:00,309.8864350449271,60.797107684793,12.01985716389652,7.857512107204245,0.0,37.82570278273417,52.663012053675615,1.0,0.0,1.0,62.4497483207057,6.5,3.0
2025-02-28 23:00:00,323.3433914115595,23.394603790094436,34.10428403495275,44.89333551135722,0.0,43.14178057262018,36.443755919486264,1.0,0.0,0.0,60.940010495631554,6.5,3.0
2025-02-28 23:15:00,306.9176547250339,37.869370321633596,39.66207710836016,38.437643955697844,0.0,85.57021913420017,45.281699884407445,0.0,0.0,0.0,72.83899198938785,6.5,3.0
2025-02-28 23:30:00,304.90985781009186,97.83558776675657,16.028112896771063,79.40544479065608,0.0,96.19702508292954,83.77601864546578,0.0,1.0,0.0,31.284389433812787,6.5,3.0
2025-02-28 23:45:00,327.41909605331466,25.3637436611145,36.85298248740022,75.80744123679158,0.0,77.72330139550724,38.8175200888176,1.0,1.0,0.0,64.91615393053299,6.5,3.0
2025-03-01 00:00:00,233.60052288703838,0.8078736545457765,25.771857876174998,60.39533703587777,0.0,81.29251330278694,54.5702637155714,0.0,1.0,1.0,34.38429235937851,6.5,3.0
2025-03-01 00:15:00,234.93207656321124,53.477030608316554,49.03303607581789,6.096892120248043,0.0,75.20932765711487,81.21903102020889,0.0,0.0,0.0,12.499375290156923,6.5,3.0
2025-03-01 00:30:00,233.73821263894578,79.99208029982061,86.91350747098119,93.42167490692881,0.0,76.8076914163805,37.06769851907964,1.0,0.0,1.0,0.6533820848553473,6.5,3.0
2025-03-01 00:45:00,239.19918791080465,86.06817956952356,52.64661170416765,98.99455771130464,0.0,17.19832493090675,83.25139807862838,1.0,0.0,1.0,47.04958927122082,6.5,3.0
2025-03-01 01:00:00,266.27139479086463,54.43706791342811,44.79863357122138,1.1351557720036487,0.0,24.388161377175642,8.561743467093564,1.0,0.0,0.0,92.91954027280023,6.5,3.0
2025-03-01 01:15:00,271.9878108663022,38.38750957133562,55.02368325623648,11.959826702033993,0.0,83.32394806303745,8.950544478172374,0.0,0.0,0.0,67.20797181838145,6.5,3.0
2025-03-01 01:30:00,265.1024074435531,29.394035654085314,75.9063457589299,45.72312899383114,0.0,87.71316787054775,53.90614914549114,0.0,1.0,0.0,86.66999827632709,6.5,3.0
2025-03-01 01:45:00,306.34838689928006,58.9517475420838,78.52783449423396,20.318697922646358,0.0,4.673618604862428,28.283520484813206,0.0,0.0,0.0,63.12023320983221,6.5,3.0
2025-03-01 02:00:00,232.72030631671223,83.51853630802464,99.52629530228589,76.50573216650733,0.0,46.84918070684606,31.1937332062876,0.0,0.0,1.0,90.51007245192345,6.5,3.0
2025-03-01 02:15:00,241.00646006498025,80.68696240923443,95.40732894604021,52.85458017066035,0.0,69.01550485497914,31.067646122321445,1.0,1.0,1.0,16.923111643319753,6.5,3.0
2025-03-01 02:30:00,234.78941311052932,21.75216580446274,75.76784183836813,35.079298409804295,0.0,7.4334453869223776,18.950615719355756,0.0,0.0,1.0,22.040438763931856,6.5,3.0
2025-03-01 02:45:00,231.43382050777825,93.58533394384406,79.42178643323923,77.89207852490918,0.0,78.55334678852245,97.76415844554403,0.0,1.0,0.0,70.13760035085966,6.5,3.0
2025-03-01 03:00:00,289.6925885667788,11.719296961370073,51.4436304230964,46.61119348904784,0.0,39.20582187425426,20.23812970179457,1.0,1.0,1.0,48.287864193849686,6.5,3.0
2025-03-01 03:15:00,294.6208586904112,51.45389832213028,70.3905387624517,90.95661724193468,0.0,75.18573169891056,80.8404651463663,1.0,1.0,0.0,79.03572631796082,6.5,3.0
2025-03-01 03:30:00,283.6641048481065,42.086628593990646,65.92801176791207,80.67883067962754,0.0,69.00320450870944,64.13396427758778,1.0,0.0,1.0,19.72273731598144,6.5,3.0
2025-03-01 03:45:00,278.63244789470343,34.587210863821426,63.91361071267265,47.34191717147653,0.0,16.80123582293951,50.5093985934764,1.0,1.0,0.0,87.32803317854315,6.5,3.0
2025-03-01 04:00:00,271.3995898903652,24.672442054322772,78.09614168200774,36.15248524760132,0.0,80.95276917727978,89.35522850365466,0.0,1.0,1.0,91.53803391322558,6.5,3.0
2025-03-01 04:15:00,269.98499331826065,60.940270826382324,31.15590936757383,95.21139214957925,0.0,39.30677963326187,35.096738476039036,1.0,0.0,0.0,64.59181684741728,6.5,3.0
2025-03-01 04:30:00,267.88050659750024,5.537469629903291,28.911787725384308,94.74362270693838,0.0,13.63785882540719,34.62743147688542,0.0,0.0,0.0,50.41409734333852,6.5,3.0
2025-03-01 04:45:00,230.56491019387386,80.25489429404345,39.15510595332161,15.422080884453038,0.0,48.47644531223608,55.086471313271964,1.0,0.0,0.0,70.84326433309435,6.5,3.0
2025-03-01 05:00:00,249.16206886385856,63.68510353791726,77.80319800274609,59.22415988981452,0.0,65.14798091922015,92.03925960989714,1.0,0.0,0.0,73.24109126907614,6.5,3.0
2025-03-01 05:15:00,236.41334533730503,26.413836016128535,49.898111345993335,65.28211082437961,0.0,20.321788743672865,74.16788857227789,1.0,0.0,1.0,7.779788066009353,6.5,3.0
2025-03-01 05:30:00,241.85638115836832,95.75544069230352,78.33046901103641,2.030247786922401,0.0,31.11991017152702,7.798691410257375,1.0,1.0,1.0,36.91846880510041,6.5,3.0
2025-03-01 05:45:00,263.3882046404682,32.79515555919846,61.98249044646165,23.200215750794396,0.0,6.764662598218896,24.186998815566476,1.0,0.0,1.0,30.83195172239128,6.5,3.0
2025-03-01 06:00:00,371.6518604279564,18.758459206008858,70.07383898852343,43.69866429949272,0.0,12.332899185722468,1.238746799802204,1.0,1.0,1.0,43.05527057422513,6.5,3.0
2025-03-01 06:15:00,366.6789233719112,69.89450389072448,39.18841018955531,12.572752998825433,0.0,68.77896975322774,51.526764771893866,0.0,0.0,0.0,4.378655217650218,6.5,3.0
2025-03-01 06:30:00,345.5253666704426,7.050244859563404,66.51727083816883,3.3808510835434014,0.0,71.47588851299803,97.96704635974439,1.0,1.0,1.0,48.58999682450143,6.5,3.0
2025-03-01 06:45:00,336.80384952968984,25.095490487268467,56.21202421324211,52.349147832741814,0.0,23.464078609037074,72.23346236579063,0.0,1.0,0.0,2.3848261513961133,6.5,3.0
2025-03-01 07:00:00,455.21501291257385,61.57256095000153,84.15073555044722,35.22989964159391,234.17488042811874,51.68684118934214,93.07362948151506,1.0,1.0,1.0,36.4372115547723,6.5,3.0
2025-03-01 07:15:00,454.0130066946646,98.06649366529868,2.1386702986800232,81.75245427557856,236.8697342726818,41.20720194574026,37.118795317217014,0.0,0.0,1.0,83.2784875448884,6.5,3.0
2025-03-01 07:30:00,423.2447510019784,38.57620910087065,58.920153848954534,50.16597249468781,233.61098346749216,59.8872190836949,52.02543890139221,1.0,0.0,0.0,53.135995788900225,6.5,3.0
2025-03-01 07:45:00,428.837229390783,9.515987103782164,27.65607776995219,86.29224577965834,206.46440183170728,62.87847473234414,55.53971673478123,0.0,0.0,1.0,77.78100367067016,6.5,3.0
2025-03-01 08:00:00,353.80450651401395,29.394067299426407,86.83373965817067,68.93757134475213,356.0248603145154,77.0569594554371,29.720281360279078,0.0,1.0,1.0,47.08976324522399,6.5,3.0
2025-03-01 08:15:00,361.1164737335832,37.92201824777081,35.01131712473885,81.79936049170172,365.3839614435582,2.932688498799463,86.66605110667419,1.0,0.0,0.0,46.93564232812477,6.5,3.0
2025-03-01 08:30:00,361.2243506632971,8.715534028021121,71.33709294675467,94.95389244553849,347.5782945850376,94.29852515421332,11.757081379917478,0.0,0.0,1.0,12.22052418065126,6.5,3.0
2025-03-01 08:45:00,319.1946690891057,61.74383631193719,14.750823605851405,70.55374473275779,350.06288365688874,20.348881097714433,17.315889254542327,0.0,0.0,1.0,60.70057262732891,6.5,3.0
2025-03-01 09:00:00,353.85260398922446,43.86521334288215,98.74897617019779,21.66367714677221,477.33048439614385,80.55044653516484,60.81050173088494,1.0,1.0,1.0,84.11561983684288,6.5,3.0
2025-03-01 09:15:00,346.00786653406385,41.80730618862545,12.381406976283117,45.060730354347214,465.34064701179926,28.10533483036507,82.8697732585975,1.0,1.0,0.0,81.47509513147918,6.5,3.0
2025-03-01 09:30:00,333.4430946268635,5.762964955421168,71.60021268174474,33.32608008887195,466.2614181432502,94.81681315603122,69.68922301484021,0.0,0.0,0.0,62.41359582217297,6.5,3.0
2025-03-01 09:45:00,332.1564348498482,25.722311534680987,26.94126705630819,67.29772939140759,518.6274504488067,86.42082657329735,75.12355237957625,1.0,1.0,0.0,93.071432596781,6.5,3.0
2025-03-01 10:00:00,335.757109036326,76.1390354109318,81.92806298412802,14.238009426147046,501.53063756790226,27.224167404595555,87.93483090760455,1.0,0.0,0.0,1.5816405958305468,6.5,3.0
2025-03-01 10:15:00,355.72588417221414,61.966279343328836,94.67691526055927,34.57772855243333,484.50761993212996,54.25430583783438,61.53140074544411,1.0,0.0,1.0,6.8907408353322985,6.5,3.0
2025-03-01 10:30:00,352.0404641830466,69.6523466542268,12.639439786015272,8.794001360121362,483.65702649266797,17.55985921818658,57.747505873941904,1.0,1.0,1.0,24.013878030898606,6.5,3.0
2025-03-01 10:45:00,333.0565426084131,85.68841702985578,82.70259769096305,86.41071321513708,489.15471600729984,84.0756556271274,64.26706168593796,0.0,0.0,0.0,33.66502650987007,6.5,3.0
2025-03-01 11:00:00,247.76760908120656,2.602264972056789,39.05640764252498,54.64883947678971,569.0339959117262,52.824993478178094,94.5837401207156,1.0,1.0,1.0,60.60010392122081,6.5,3.0
2025-03-01 11:15:00,262.1255297260851,35.00879027050961,57.791203572730865,27.21655078336983,550.8279754947032,52.354007641304825,69.12878891794965,1.0,1.0,1.0,77.11051564146064,6.5,3.0
2025-03-01 11:30:00,260.9416532626094,44.03095299427115,90.0630202354958,25.79172904516156,547.6372904405508,18.479238103859775,45.29246946322374,0.0,1.0,0.0,41.87131059484738,6.5,3.0
2025-03-01 11:45:00,246.31520793009884,81.18636825238208,67.5921250499605,25.60906835794733,500.92073815302,4.31459427257116,90.08876400100898,1.0,1.0,0.0,47.59678177956277,6.5,3.0
2025-03-01 12:00:00,251.55814704877344,58.10699411561171,22.621059223937657,69.76448943294791,536.8145573615984,77.34631406141855,6.9177625157127,0.0,1.0,0.0,22.495469971614746,6.5,3.0
2025-03-01 12:15:00,238.6374409808741,46.438756593320605,25.973672487686926,22.492730222260672,520.3335823642684,51.266267450242374,17.29273166113563,0.0,1.0,1.0,11.904237277251916,6.5,3.0
2025-03-01 12:30:00,253.19540295255183,65.86402256159536,98.53944171116864,72.30167357782351,516.9699145984581,60.7404337182807,19.296672324313857,1.0,1.0,0.0,33.709968351001265,6.5,3.0
2025-03-01 12:45:00,247.63900901780062,42.50227909898611,64.32899067627538,46.73160222495589,591.9719456756752,31.864035999055616,67.36021249430515,1.0,1.0,1.0,70.00722823584843,6.5,3.0
2025-03-01 13:00:00,251.54179018598708,25.19756351608864,88.8821130680562,55.05372230166136,513.1659457938857,95.10705911125493,39.91657286700685,0.0,1.0,1.0,92.12942791957593,6.5,3.0
2025-03-01 13:15:00,251.06877248573096,93.45998572134933,53.42624293078458,96.88575575005403,532.5328735963914,39.66608812830693,82.61908502457923,1.0,0.0,0.0,36.67633380671616,6.5,3.0
2025-03-01 13:30:00,250.1091082953286,59.38864506506237,27.499757846838214,81.3343804026802,539.6037390581939,0.5555488048396673,21.249082847196576,0.0,1.0,1.0,10.548198532155407,6.5,3.0
2025-03-01 13:45:00,275.0803290329533,21.038492724711144,18.30924280513726,12.807906744396114,533.427441551529,22.965468384685728,16.381001232123793,1.0,1.0,1.0,64.75391882117397,6.5,3.0
2025-03-01 14:00:00,258.4322207620079,85.21117214493184,36.50386347761398,64.97526691892404,528.4320398114654,30.485489773474782,40.84257598302001,1.0,1.0,1.0,43.21952064775619,6.5,3.0
2025-03-01 14:15:00,257.03016231914205,79.87123771503234,13.419850679076673,91.03260084210008,505.3051077836111,57.11279131610433,68.0621710725675,1.0,1.0,1.0,13.044584814306893,6.5,3.0
2025-03-01 14:30:00,244.0389641285203,11.131892006905774,77.33618943304523,70.8913090540349,536.6866969014538,82.11702985683473,24.733110737369678,1.0,0.0,1.0,81.55430469353979,6.5,3.0
2025-03-01 14:45:00,250.9486527903298,49.74042455890923,16.405556635733408,35.41153878848784,496.58615550346985,44.140782025267974,13.254366351818081,1.0,1.0,1.0,50.21759541238341,6.5,3.0
2025-03-01 15:00:00,260.15121495167836,59.26795480281585,62.35876319121426,7.749396188360269,497.54976070086167,83.3692338408552,5.520951426908205,0.0,0.0,1.0,61.98067890889936,6.5,3.0
2025-03-01 15:15:00,262.58047575164795,88.14118330076977,97.8499719687123,55.21337181964407,493.5322438239856,45.118759379333504,2.6914877107670043,1.0,1.0,1.0,4.4544336556255555,6.5,3.0
2025-03-01 15:30:00,250.03618032571518,13.380781575152668,49.794132647654756,25.523618986020903,476.5019479391582,93.3161355343968,0.8821870805148513,1.0,1.0,0.0,7.091993870243862,6.5,3.0
2025-03-01 15:45:00,236.36212897095845,1.8034041644735321,70.24450818606114,38.85469371490141,499.95604753599446,72.0130157103886,31.622154625638956,0.0,0.0,0.0,5.350907075514833,6.5,3.0
2025-03-01 16:00:00,298.6666607958636,91.62945240141869,78.56566641722226,13.633923162543438,361.70846362869474,93.72961302887435,0.6747112367869845,0.0,1.0,1.0,56.39324852553258,6.5,3.0
2025-03-01 16:15:00,292.83040345966134,12.8759832880041,20.860639493255796,82.93598103897813,352.8004504996473,59.02457840117842,75.94591266495829,0.0,0.0,0.0,63.23752298852404,6.5,3.0
2025-03-01 16:30:00,296.8122772395275,79.01055488090742,34.6373633790528,86.43280080255444,331.6855125747281,64.85348081989676,5.590785144111299,1.0,1.0,1.0,38.18414513912005,6.5,3.0
2025-03-01 16:45:00,303.5406585049475,90.88773611715207,33.913732231402285,64.47941468303422,340.58557329692985,4.155890455868616,86.56877082329629,1.0,0.0,1.0,72.40753634561547,6.5,3.0
2025-03-01 17:00:00,444.7466811612144,78.3118396753601,54.670055544967866,59.001824490088595,213.66755891348458,32.18588417178122,48.87409379273908,1.0,1.0,1.0,59.41874609453558,9.0,3.0
2025-03-01 17:15:00,443.003476276487,32.65651864599868,21.262068204589568,18.31521708223567,221.82682106765273,36.66524456773048,19.26300501784237,0.0,0.0,0.0,33.33913341628191,9.0,3.0
2025-03-01 17:30:00,436.014218627661,26.931647903411402,95.60205831007943,10.516229032252822,219.4663306345149,59.821428022951984,87.12593236299956,1.0,1.0,0.0,82.45686740322083,9.0,3.0
2025-03-01 17:45:00,406.1056239346376,12.150726427199865,87.44683716761858,39.65116624819922,229.04928938434784,66.73744247482595,81.82833946930948,0.0,0.0,0.0,16.6333276796616,9.0,3.0
2025-03-01 18:00:00,415.2864340920589,55.63169102026969,93.85426378221054,19.983167687406766,0.0,73.7701866067792,31.87509444814809,1.0,1.0,1.0,43.19729596486723,9.0,3.0
2025-03-01 18:15:00,400.84301078235075,25.511167355384735,77.64978337222618,55.821547594129115,0.0,83.1144961576849,38.41960088498928,1.0,1.0,1.0,34.07476762111887,9.0,3.0
2025-03-01 18:30:00,405.37373701122414,77.07857761481061,78.02672876653949,70.55258435541866,0.0,49.8944013461863,81.51421434396356,1.0,0.0,1.0,91.72327725845102,9.0,3.0
2025-03-01 18:45:00,454.2168181143661,75.62256815771443,20.86132168869812,84.5951213266066,0.0,70.3274846460928,61.47081946283479,1.0,1.0,0.0,49.642913991703864,9.0,3.0
2025-03-01 19:00:00,442.1375525740348,33.423668857748744,60.562344667330926,73.08001891274277,0.0,9.63477174401326,93.31681339965873,1.0,1.0,1.0,73.44784966383106,9.0,3.0
2025-03-01 19:15:00,440.78018944878283,10.644903579616926,12.447557837234925,28.49150544732272,0.0,3.0152693710720047,27.716279250512464,1.0,1.0,0.0,49.91793840185898,9.0,3.0
2025-03-01 19:30:00,446.2105712694091,79.91538799723453,8.37281289345755,29.160478153321655,0.0,23.742027829587464,68.43792754119966,1.0,0.0,0.0,6.263515014926191,9.0,3.0
2025-03-01 19:45:00,375.99168670777317,16.859042374394672,67.7059866584471,93.14123915535203,0.0,0.9981462720446976,3.08306074435839,0.0,1.0,1.0,11.645138982910296,9.0,3.0
2025-03-01 20:00:00,451.54912822415474,10.63603249287971,34.82432212953792,62.491321093069864,0.0,50.01202462331652,52.669020010941495,0.0,1.0,0.0,89.68832287419812,9.0,3.0
2025-03-01 20:15:00,440.23927797919816,43.71105542679861,1.5332787512688961,19.570286775200895,0.0,35.5042075836167,8.326523193799485,1.0,1.0,1.0,17.40916521702588,9.0,3.0
2025-03-01 20:30:00,450.35610661583604,55.88557989420876,39.46674967862845,33.43832971265822,0.0,67.48944129789925,78.74362782050362,1.0,0.0,1.0,58.504530710175786,9.0,3.0
2025-03-01 20:45:00,395.77548718081107,82.14559679998092,91.61503985189302,84.95944882756095,0.0,46.65025220206631,28.206329533749997,1.0,0.0,0.0,27.10336423501184,9.0,3.0
2025-03-01 21:00:00,240.97406114270535,93.41320745634471,67.71909133166615,31.13931221078603,0.0,81.64485128775688,60.221208842636784,0.0,1.0,1.0,88.41325021933419,9.0,3.0
2025-03-01 21:15:00,228.88494539775039,28.625377304174304,34.32614091497464,96.90118614425259,0.0,75.78269600705997,38.55765030748497,1.0,1.0,1.0,22.205940013582314,9.0,3.0
2025-03-01 21:30:00,245.31783918104793,51.881496789122174,58.323710528461106,42.24380737346737,0.0,95.56353258501632,83.18882817128267,0.0,0.0,0.0,93.4299642489142,9.0,3.0
2025-03-01 21:45:00,241.54315427849633,40.39537740703386,7.197973471713759,88.70673330581582,0.0,94.93482499177767,54.74361358643296,1.0,1.0,0.0,96.43327125569976,9.0,3.0
2025-03-01 22:00:00,302.9277041719376,62.61573287816322,37.51027012289253,72.68118888870411,0.0,35.11369400611031,20.885155568448145,1.0,1.0,0.0,21.750335459271852,6.5,3.0
2025-03-01 22:15:00,276.8617958284908,73.71425443371614,70.29770684718552,22.35377238205801,0.0,25.55081772319174,68.42807906293345,0.0,1.0,0.0,22.0392448321139,6.5,3.0
2025-03-01 22:30:00,295.8657338801995,23.20744042310814,75.75803523957799,45.224608390502155,0.0,29.791697979581922,45.684871132675006,1.0,0.0,0.0,24.047295481569865,6.5,3.0
2025-03-01 22:45:00,288.7447661193721,11.930257359569529,94.02352541114273,42.664936910702465,0.0,72.0869144397003,93.73894368740314,1.0,0.0,1.0,57.63446090457275,6.5,3.0
2025-03-01 23:00:00,230.0873266440611,13.496311392304216,31.171338599598254,97.33629686631723,0.0,57.410730786589056,70.33220944827148,0.0,1.0,1.0,44.83041508415877,6.5,3.0
2025-03-01 23:15:00,227.4626931492836,96.7102499109207,34.573285156184276,51.00631380462003,0.0,21.110403412457256,91.04231420244444,1.0,1.0,1.0,94.84343846610153,6.5,3.0
2025-03-01 23:30:00,221.92545278402918,76.17496820541857,34.05308765800733,19.908550121045742,0.0,38.61968049919312,64.34094647699024,1.0,0.0,1.0,79.40996621108853,6.5,3.0
2025-03-01 23:45:00,247.0045274226261,11.198324042820717,72.70548266726736,0.8604560401805572,0.0,65.5698696301533,67.44077751348593,1.0,1.0,1.0,21.394681251004677,6.5,3.0
